id_operacion,fecha_originacion,producto,canal,region,monto_original,plazo_meses,renta,carga_financiera,antiguedad_meses,score,saldo,dias_mora,fecha_default
B000001,2025-07-11,Consumo,Sucursal,Metropolitana,1680980,24,420000,0.1956,11,737,1059507,0,
B000002,2025-04-07,Tarjeta,Digital,Valparaíso,4059943,12,661929,0.5829,16,597,2297885,134,2025-06-06
B000003,2025-10-14,Consumo,Sucursal,Metropolitana,2435725,48,862633,0.0686,5,843,1477947,0,
B000004,2025-04-22,Tarjeta,Digital,Metropolitana,3977217,18,1019737,0.2383,29,820,1349015,0,
B000005,2025-10-26,Automotriz,Sucursal,Metropolitana,2624307,24,598726,0.2154,13,787,1381919,0,
B000006,2025-04-08,Microempresa,Sucursal,Biobío,3388640,18,513872,0.415,56,742,1179619,0,
B000007,2025-01-01,Tarjeta,Sucursal,Biobío,571863,36,420000,0.0424,24,750,394825,0,
B000008,2025-07-20,Tarjeta,Convenio,Valparaíso,3496403,36,420000,0.2719,40,758,1167032,0,
B000009,2025-04-02,Tarjeta,Sucursal,Metropolitana,3775425,36,507201,0.2343,25,726,3044753,0,
B000010,2025-03-16,Consumo,Convenio,Metropolitana,1008962,12,543339,0.1655,19,822,138371,0,
B000011,2025-04-03,Tarjeta,Sucursal,Metropolitana,3050042,24,747772,0.2054,30,789,1796468,0,
B000012,2025-11-12,Microempresa,Digital,Otras,3135137,36,504011,0.1887,28,847,835859,0,
B000013,2025-03-08,Consumo,Sucursal,Biobío,1802023,48,502777,0.0828,13,831,1490315,8,
B000014,2025-04-29,Consumo,Digital,Otras,1331284,48,596973,0.0501,38,907,286375,0,
B000015,2025-08-04,Automotriz,Sucursal,Metropolitana,2015488,48,552346,0.084,6,854,379466,0,
B000016,2025-11-07,Automotriz,Sucursal,Biobío,2368844,48,420000,0.1421,45,748,527452,0,
B000017,2025-12-02,Tarjeta,Convenio,Metropolitana,2911485,24,420000,0.352,14,691,1673998,0,
B000018,2025-05-08,Tarjeta,Digital,Otras,3472937,36,556983,0.1895,9,755,1347515,0,
B000019,2025-02-08,Consumo,Digital,Metropolitana,3363427,36,502027,0.2204,16,669,802291,0,
B000020,2025-11-27,Consumo,Digital,Metropolitana,1274163,18,420000,0.1902,37,787,789861,0,
B000021,2025-04-08,Consumo,Sucursal,Metropolitana,1125736,60,420000,0.0497,8,772,382854,0,
B000022,2025-09-10,Consumo,Sucursal,Valparaíso,4366179,48,549227,0.186,27,840,1464446,0,
B000023,2025-02-28,Tarjeta,Convenio,Metropolitana,813786,60,556412,0.0265,32,866,309036,0,
B000024,2025-12-10,Microempresa,Digital,Biobío,8927683,36,1524355,0.1859,20,896,5313580,0,
B000025,2025-06-05,Tarjeta,Digital,Biobío,3638938,60,974188,0.0688,12,858,1717621,0,
B000026,2025-03-05,Consumo,Digital,Metropolitana,3426399,36,420000,0.2426,17,793,2598341,0,
B000027,2025-04-30,Tarjeta,Convenio,Metropolitana,4238806,48,521530,0.1931,7,735,1094296,0,
B000028,2025-01-05,Tarjeta,Sucursal,Otras,4713515,24,700569,0.3359,43,738,4469034,90,2025-09-02
B000029,2025-11-01,Automotriz,Digital,Otras,2020888,36,488457,0.1351,41,784,391976,0,
B000030,2025-08-11,Tarjeta,Sucursal,Metropolitana,3310724,18,420000,0.4661,49,705,2235515,105,2026-06-07
B000031,2025-11-06,Consumo,Sucursal,Otras,5097275,48,1754797,0.0675,21,867,1369720,0,
B000032,2025-01-04,Consumo,Digital,Metropolitana,3072051,48,471659,0.153,17,817,384644,0,
B000033,2025-10-19,Automotriz,Convenio,Metropolitana,2920871,18,420000,0.4551,16,726,2772921,264,2026-03-18
B000034,2025-07-29,Consumo,Digital,Metropolitana,7728811,18,1012541,0.5071,26,647,4337682,0,
B000035,2025-04-14,Consumo,Digital,Valparaíso,6363299,60,884175,0.1448,25,819,3508973,47,
B000036,2025-09-21,Consumo,Sucursal,Metropolitana,7136767,36,861439,0.2549,16,841,805023,88,
B000037,2025-06-25,Tarjeta,Digital,Valparaíso,3287169,48,420000,0.1899,17,671,480214,0,
B000038,2025-01-12,Consumo,Digital,Metropolitana,1823590,24,420000,0.208,12,756,890325,0,
B000039,2025-12-25,Microempresa,Digital,Valparaíso,6759720,36,929449,0.2215,10,835,888044,0,
B000040,2025-08-28,Tarjeta,Sucursal,Biobío,5528091,24,686673,0.407,29,728,1762275,0,
B000041,2025-07-02,Tarjeta,Convenio,Valparaíso,3746344,48,420000,0.1976,40,737,716123,50,
B000042,2025-11-10,Tarjeta,Digital,Valparaíso,4238003,36,618248,0.224,28,803,3277763,19,
B000043,2025-10-04,Automotriz,Digital,Metropolitana,3125736,48,420000,0.1658,13,737,1509056,0,
B000044,2025-02-01,Tarjeta,Convenio,Metropolitana,874827,12,445454,0.1872,46,786,288569,37,
B000045,2025-02-18,Consumo,Digital,Metropolitana,3991535,48,477321,0.1864,4,712,3164704,0,
B000046,2025-05-31,Tarjeta,Sucursal,Biobío,1400856,36,420000,0.1067,24,807,505738,0,
B000047,2025-08-24,Tarjeta,Sucursal,Metropolitana,2421290,36,535041,0.1404,20,781,1633032,0,
B000048,2025-07-14,Consumo,Convenio,Otras,2422333,24,660162,0.1789,12,867,1955543,0,
B000049,2025-06-24,Automotriz,Digital,Biobío,1642489,48,420000,0.0977,10,802,1394428,90,2025-12-21
B000050,2025-12-30,Consumo,Sucursal,Metropolitana,771463,24,626461,0.057,26,878,400084,0,
B000051,2025-02-28,Consumo,Digital,Metropolitana,5135167,60,815960,0.1165,36,853,2881297,43,
B000052,2025-12-14,Tarjeta,Sucursal,Metropolitana,4248788,60,785947,0.0978,8,867,527850,0,
B000053,2025-06-07,Microempresa,Sucursal,Biobío,1242241,36,922597,0.0453,26,848,492238,0,
B000054,2025-06-16,Automotriz,Digital,Otras,849495,18,577889,0.0959,18,854,107911,0,
B000055,2025-10-24,Consumo,Sucursal,Valparaíso,1901860,48,420000,0.1094,21,843,1346673,0,
B000056,2025-12-02,Consumo,Sucursal,Biobío,4316308,48,747550,0.1392,37,893,3814929,90,2026-01-01
B000057,2025-08-14,Automotriz,Convenio,Metropolitana,4124298,24,927034,0.2129,12,769,3976843,90,2026-08-09
B000058,2025-05-17,Consumo,Digital,Otras,4429475,36,586556,0.2343,11,712,938171,0,
B000059,2025-03-13,Automotriz,Sucursal,Metropolitana,2586460,60,420000,0.1151,4,742,534650,0,
B000060,2025-09-15,Consumo,Digital,Metropolitana,1153986,36,469352,0.0754,29,775,836834,0,
B000061,2025-01-20,Tarjeta,Digital,Metropolitana,1186216,18,792020,0.0956,22,815,211490,25,
B000062,2025-11-09,Consumo,Digital,Metropolitana,3471297,36,420000,0.2595,30,817,988262,0,
B000063,2025-08-08,Consumo,Convenio,Biobío,1577570,36,935402,0.0503,18,887,1254860,0,
B000064,2025-06-20,Automotriz,Sucursal,Biobío,2858941,18,420000,0.4387,39,727,1155100,0,
B000065,2025-05-31,Tarjeta,Sucursal,Otras,4309552,24,1001975,0.212,35,799,3582775,0,
B000066,2025-01-21,Consumo,Digital,Metropolitana,11944518,60,1607657,0.1487,19,879,6578922,223,2025-04-21
B000067,2025-09-05,Tarjeta,Digital,Metropolitana,2842542,36,420000,0.2111,17,750,570542,0,
B000068,2025-08-06,Tarjeta,Convenio,Metropolitana,11699207,24,1457254,0.4008,36,795,8974856,0,
B000069,2025-01-19,Consumo,Digital,Metropolitana,771162,48,424454,0.046,25,799,424691,0,
B000070,2025-08-27,Consumo,Sucursal,Metropolitana,3746266,48,827578,0.1125,9,867,3037211,0,
B000071,2025-05-24,Automotriz,Convenio,Valparaíso,3670962,18,777193,0.2863,4,773,453271,0,
B000072,2025-08-15,Automotriz,Convenio,Otras,2584693,48,420000,0.1523,25,842,414747,0,
B000073,2025-10-10,Tarjeta,Digital,Metropolitana,637942,48,420000,0.0379,17,756,319237,0,
B000074,2025-07-29,Consumo,Convenio,Otras,2364345,60,694507,0.0687,41,877,2096140,152,2026-01-25
B000075,2025-07-10,Consumo,Convenio,Metropolitana,3196821,24,423123,0.3383,22,682,1758800,0,
B000076,2025-09-05,Automotriz,Sucursal,Otras,1048153,36,702104,0.0501,27,869,120836,0,
B000077,2025-09-28,Tarjeta,Digital,Biobío,4916215,36,612262,0.2444,12,691,2664028,52,
B000078,2025-03-17,Consumo,Convenio,Biobío,1199571,48,496209,0.0592,9,757,351141,0,
B000079,2025-06-21,Consumo,Sucursal,Otras,7791033,60,1503346,0.1053,75,950,3159001,0,
B000080,2025-06-27,Consumo,Digital,Metropolitana,2476279,12,1527959,0.1595,18,896,1966024,0,
B000081,2025-07-08,Automotriz,Digital,Metropolitana,2938708,24,724265,0.1902,5,764,1698511,0,
B000082,2025-06-30,Consumo,Convenio,Otras,2975687,24,565627,0.2598,20,783,2138794,0,
B000083,2025-09-17,Tarjeta,Digital,Metropolitana,2642328,24,658890,0.1971,14,737,1226784,0,
B000084,2025-08-04,Automotriz,Sucursal,Otras,1625431,48,732726,0.0528,41,921,280534,0,
B000085,2025-04-16,Consumo,Convenio,Metropolitana,7614556,60,1101109,0.1223,5,842,4860191,0,
B000086,2025-11-03,Automotriz,Digital,Otras,3321548,12,572731,0.519,18,626,916970,0,
B000087,2025-08-15,Consumo,Convenio,Otras,7007549,18,1097497,0.3975,18,700,4689165,0,
B000088,2025-04-22,Tarjeta,Sucursal,Biobío,3264887,24,1332274,0.1093,14,845,1349007,87,
B000089,2025-06-28,Consumo,Sucursal,Biobío,855870,60,420000,0.0408,16,847,294483,0,
B000090,2025-10-28,Consumo,Sucursal,Metropolitana,798509,60,420000,0.035,7,831,86504,0,
B000091,2025-02-15,Tarjeta,Digital,Otras,4830264,60,595027,0.1641,17,746,1930482,0,
B000092,2025-05-24,Consumo,Digital,Otras,4974098,36,569685,0.2863,23,727,851834,19,
B000093,2025-05-23,Microempresa,Convenio,Valparaíso,2722983,36,653164,0.1249,12,884,1594688,0,
B000094,2025-03-11,Consumo,Sucursal,Otras,4902531,24,605943,0.3808,15,674,1170633,0,
B000095,2025-04-24,Consumo,Digital,Otras,2083593,18,632536,0.2196,16,749,712798,0,
B000096,2025-06-10,Microempresa,Sucursal,Otras,1129440,60,420000,0.0514,9,769,870984,0,
B000097,2025-02-10,Microempresa,Digital,Metropolitana,4716791,36,556373,0.2666,6,752,1857363,0,
B000098,2025-03-16,Tarjeta,Digital,Biobío,4892566,36,1096178,0.1333,18,832,4055812,0,
B000099,2025-02-24,Microempresa,Digital,Metropolitana,956390,60,622663,0.0303,112,950,756216,0,
B000100,2025-01-01,Automotriz,Sucursal,Otras,8866486,60,1060402,0.1584,94,906,2261471,0,
B000101,2025-07-02,Tarjeta,Digital,Valparaíso,3130119,36,456914,0.2129,3,755,679471,80,
B000102,2025-02-04,Microempresa,Digital,Metropolitana,1715470,60,530980,0.064,33,890,436856,0,
B000103,2025-07-26,Consumo,Sucursal,Biobío,803039,60,515181,0.0298,26,906,95892,0,
B000104,2025-04-22,Consumo,Digital,Metropolitana,7340605,36,962348,0.2459,36,887,754183,0,
B000105,2025-06-26,Tarjeta,Digital,Biobío,7897872,60,1755248,0.0885,37,902,6255557,0,
B000106,2025-11-22,Tarjeta,Digital,Otras,4394656,12,731226,0.5419,21,623,3986979,90,2026-04-21
B000107,2025-10-07,Automotriz,Convenio,Otras,2653934,48,545553,0.1107,16,835,1522822,21,
B000108,2025-10-29,Automotriz,Sucursal,Metropolitana,1714608,24,603503,0.1303,39,838,436748,0,
B000109,2025-07-30,Consumo,Digital,Metropolitana,2433748,24,420000,0.2727,39,812,653291,0,
B000110,2025-12-18,Automotriz,Digital,Valparaíso,3423956,48,420000,0.1963,8,734,1389142,0,
B000111,2025-04-12,Microempresa,Sucursal,Metropolitana,8248233,18,1910120,0.2811,9,768,7983915,163,2026-08-05
B000112,2025-11-28,Automotriz,Digital,Valparaíso,819286,60,662986,0.0223,14,806,530827,0,
B000113,2025-11-23,Microempresa,Convenio,Metropolitana,9241084,18,1245398,0.4455,13,784,7122014,0,
B000114,2025-06-20,Tarjeta,Convenio,Metropolitana,2018438,36,420000,0.1426,6,716,1578352,16,
B000115,2025-06-27,Automotriz,Convenio,Biobío,4633195,48,656719,0.1645,19,790,759859,0,
B000116,2025-05-02,Automotriz,Sucursal,Otras,1838936,48,447623,0.0976,47,902,402280,0,
B000117,2025-03-17,Consumo,Digital,Valparaíso,2883024,18,420000,0.4319,27,673,2116432,179,2025-10-13
B000118,2025-08-25,Tarjeta,Digital,Metropolitana,2035112,48,504281,0.0985,9,739,364460,0,
B000119,2025-05-15,Automotriz,Convenio,Otras,5280574,36,699537,0.251,12,783,1532364,0,
B000120,2025-12-15,Consumo,Digital,Metropolitana,1769552,48,696688,0.0562,30,862,576961,0,
B000121,2025-04-25,Microempresa,Digital,Metropolitana,1356685,60,711583,0.0376,31,879,557671,1,
B000122,2025-08-14,Consumo,Digital,Metropolitana,7539664,36,887681,0.2645,9,751,4967217,90,2026-08-09
B000123,2025-04-19,Tarjeta,Convenio,Otras,1921853,60,825359,0.0413,33,887,532225,0,
B000124,2025-05-30,Consumo,Sucursal,Otras,3670624,24,420000,0.4411,13,628,3410178,153,2026-02-24
B000125,2025-11-06,Microempresa,Sucursal,Valparaíso,3048038,60,734435,0.0778,42,882,2110644,4,
B000126,2025-07-18,Tarjeta,Digital,Otras,4467277,18,729283,0.3832,28,681,3560279,0,
B000127,2025-10-10,Consumo,Digital,Metropolitana,7185600,36,877585,0.2483,19,835,1239044,50,
B000128,2025-09-01,Consumo,Convenio,Biobío,595258,60,420000,0.0264,17,831,300555,0,
B000129,2025-11-28,Consumo,Convenio,Otras,2744606,18,420000,0.4259,23,702,2069736,0,
B000130,2025-01-10,Consumo,Convenio,Biobío,6001961,18,1351852,0.2705,21,818,4624164,0,
B000131,2025-11-03,Automotriz,Digital,Metropolitana,6353473,36,1175552,0.174,37,867,3397608,0,
B000132,2025-10-13,Tarjeta,Sucursal,Metropolitana,2957496,24,497622,0.2927,10,774,2758442,90,2026-06-10
B000133,2025-10-15,Tarjeta,Convenio,Metropolitana,601074,24,485941,0.0555,2,854,247978,0,
B000134,2025-04-19,Consumo,Convenio,Otras,1142521,18,733378,0.0932,23,865,150561,0,
B000135,2025-05-16,Automotriz,Sucursal,Metropolitana,1374526,36,420000,0.0974,19,804,602887,0,
B000136,2025-05-01,Tarjeta,Digital,Biobío,12285634,18,1721112,0.4245,25,737,10293173,123,2027-01-21
B000137,2025-08-13,Consumo,Digital,Biobío,2970280,24,420000,0.3518,7,703,801813,0,
B000138,2025-08-02,Consumo,Digital,Biobío,1573346,24,752255,0.1023,9,840,487699,0,
B000139,2025-06-14,Tarjeta,Sucursal,Metropolitana,3722452,36,804591,0.1393,20,784,3420391,112,2025-08-13
B000140,2025-07-08,Automotriz,Sucursal,Metropolitana,3770596,24,420445,0.453,14,631,1996916,9,
B000141,2025-10-29,Consumo,Sucursal,Valparaíso,1637971,24,420000,0.1891,11,707,233398,40,
B000142,2025-03-24,Tarjeta,Sucursal,Valparaíso,3459975,18,486996,0.4299,7,658,1722269,76,
B000143,2025-03-20,Consumo,Convenio,Metropolitana,1660730,60,979969,0.0314,7,821,567655,0,
B000144,2025-11-05,Consumo,Sucursal,Metropolitana,958349,36,420000,0.0681,39,858,411359,0,
B000145,2025-02-19,Consumo,Digital,Metropolitana,754323,24,420000,0.0812,18,741,381067,0,
B000146,2025-12-08,Consumo,Digital,Metropolitana,9536298,18,1175233,0.5219,6,646,8331841,117,2026-09-04
B000147,2025-05-13,Tarjeta,Digital,Biobío,2212459,24,420000,0.2452,19,691,1897586,459,2026-05-08
B000148,2025-06-15,Consumo,Digital,Metropolitana,3257600,36,518952,0.1891,10,807,2492027,0,
B000149,2025-06-21,Consumo,Sucursal,Valparaíso,3264702,24,539757,0.2875,17,757,1872569,0,
B000150,2025-11-06,Tarjeta,Sucursal,Valparaíso,1729145,36,529839,0.1061,7,773,1103514,0,
B000151,2025-11-21,Automotriz,Digital,Metropolitana,1774616,24,420000,0.2083,12,751,681683,0,
B000152,2025-12-24,Automotriz,Digital,Otras,903902,36,420000,0.0687,33,845,676493,0,
B000153,2025-03-20,Microempresa,Digital,Valparaíso,661010,48,420000,0.0383,21,811,141676,0,
B000154,2025-10-27,Consumo,Sucursal,Biobío,4498665,36,537678,0.2747,14,732,2592504,38,
B000155,2025-07-07,Consumo,Sucursal,Valparaíso,5030124,36,597134,0.2532,41,782,1318050,0,
B000156,2025-04-12,Consumo,Sucursal,Metropolitana,897397,48,496318,0.0425,20,865,566177,0,
B000157,2025-09-13,Automotriz,Convenio,Metropolitana,2507916,60,1046979,0.0442,23,927,545613,0,
B000158,2025-01-04,Tarjeta,Digital,Valparaíso,2045631,60,657918,0.0561,32,822,1331639,263,2025-07-03
B000159,2025-01-16,Consumo,Sucursal,Metropolitana,2155370,18,420000,0.3211,9,696,1461008,320,2025-07-15
B000160,2025-01-19,Tarjeta,Sucursal,Otras,6113137,48,719542,0.1932,30,846,2466088,0,
B000161,2025-11-07,Consumo,Digital,Metropolitana,2627471,48,420000,0.1453,8,812,607361,0,
B000162,2025-07-01,Tarjeta,Sucursal,Otras,3787249,36,655910,0.1775,7,714,2158919,0,
B000163,2025-07-24,Automotriz,Digital,Biobío,1720445,60,565161,0.0561,51,852,1152870,0,
B000164,2025-06-13,Consumo,Digital,Metropolitana,2705851,36,420000,0.2116,10,728,1333996,0,
B000165,2025-02-23,Consumo,Sucursal,Otras,3080297,24,618095,0.2402,13,754,755814,0,
B000166,2025-03-21,Tarjeta,Sucursal,Metropolitana,2380731,36,535236,0.1313,27,790,1027733,0,
B000167,2025-10-27,Consumo,Sucursal,Valparaíso,2735485,36,420000,0.1949,39,803,876392,0,
B000168,2025-07-20,Automotriz,Digital,Otras,5820939,60,666994,0.1679,15,765,1608615,0,
B000169,2025-11-24,Consumo,Sucursal,Otras,1981722,48,882889,0.0503,8,891,1339965,0,
B000170,2025-06-15,Microempresa,Sucursal,Metropolitana,3192126,24,582489,0.2551,7,725,2228134,0,
B000171,2025-01-18,Automotriz,Sucursal,Valparaíso,2046399,18,616397,0.2099,12,841,1067029,0,
B000172,2025-10-16,Consumo,Digital,Biobío,2870382,24,1735257,0.0764,31,950,686037,0,
B000173,2025-04-18,Consumo,Convenio,Valparaíso,4033778,24,505829,0.3797,27,716,1932541,0,
B000174,2025-09-18,Automotriz,Sucursal,Otras,3500279,36,535806,0.1932,50,899,2152288,0,
B000175,2025-10-09,Tarjeta,Sucursal,Biobío,982829,36,522580,0.0574,24,782,820825,68,
B000176,2025-11-25,Consumo,Digital,Biobío,2157419,36,528163,0.1334,6,844,1142664,0,
B000177,2025-03-19,Automotriz,Digital,Biobío,6725740,24,772167,0.4344,25,715,773907,0,
B000178,2025-05-29,Consumo,Convenio,Metropolitana,3014170,48,420000,0.1593,16,782,1111978,0,
B000179,2025-09-19,Consumo,Digital,Biobío,2710381,18,963405,0.1661,19,844,2302085,0,
B000180,2025-05-09,Automotriz,Sucursal,Metropolitana,4358385,36,1136519,0.1216,33,928,1013141,77,
B000181,2025-04-07,Automotriz,Sucursal,Metropolitana,3343075,60,420000,0.1454,15,752,479974,0,
B000182,2025-01-17,Consumo,Convenio,Biobío,2431164,48,477888,0.1189,10,793,1983124,0,
B000183,2025-06-22,Consumo,Convenio,Otras,8353311,24,1036341,0.3866,8,740,7587796,90,2026-07-17
B000184,2025-05-14,Tarjeta,Sucursal,Metropolitana,2851488,60,420000,0.1249,52,867,1615715,0,
B000185,2025-09-22,Consumo,Convenio,Metropolitana,5629787,48,1719250,0.0729,48,950,3312134,0,
B000186,2025-03-06,Consumo,Sucursal,Metropolitana,4366288,36,576989,0.2253,6,695,2567190,0,
B000187,2025-02-19,Consumo,Convenio,Biobío,5699032,24,999610,0.2611,18,862,3222223,0,
B000188,2025-07-11,Consumo,Sucursal,Biobío,2322778,18,534079,0.2733,10,707,583528,0,
B000189,2025-09-16,Consumo,Digital,Metropolitana,5208540,36,1122618,0.156,15,814,2376669,0,
B000190,2025-11-10,Consumo,Digital,Biobío,3840246,60,667269,0.1107,26,885,765419,0,
B000191,2025-02-20,Tarjeta,Convenio,Metropolitana,5217277,36,688198,0.2308,46,869,3078573,0,
B000192,2025-09-08,Consumo,Sucursal,Otras,1092573,12,758091,0.1384,20,824,588908,0,
B000193,2025-12-22,Microempresa,Convenio,Metropolitana,1129603,12,857463,0.1329,25,886,621400,0,
B000194,2025-09-17,Automotriz,Sucursal,Biobío,5914574,36,1439722,0.1216,31,823,674383,0,
B000195,2025-05-17,Tarjeta,Sucursal,Biobío,3309841,12,420000,0.7261,14,517,2308639,0,
B000196,2025-07-19,Tarjeta,Convenio,Biobío,3629270,12,714515,0.4725,24,726,1659218,0,
B000197,2025-09-03,Tarjeta,Sucursal,Valparaíso,5285985,48,946411,0.1363,26,913,4056086,0,
B000198,2025-12-15,Tarjeta,Convenio,Valparaíso,3843321,36,1037312,0.1232,14,873,1354062,0,
B000199,2025-03-31,Microempresa,Digital,Valparaíso,1604709,24,464098,0.1733,20,806,1019055,64,
B000200,2025-02-05,Tarjeta,Digital,Valparaíso,1836302,18,478664,0.234,29,867,1132263,331,2025-03-07
B000201,2025-12-16,Tarjeta,Convenio,Metropolitana,4919236,18,1273780,0.2363,22,784,4013907,0,
B000202,2025-09-28,Automotriz,Sucursal,Valparaíso,1437520,36,420000,0.1055,30,839,226380,0,
B000203,2025-02-24,Consumo,Digital,Otras,12264602,12,1428224,0.828,12,562,10178064,90,2025-12-21
B000204,2025-10-06,Tarjeta,Sucursal,Otras,2099501,24,675522,0.1476,8,788,1340162,0,
B000205,2025-02-15,Automotriz,Sucursal,Metropolitana,671021,24,420000,0.0706,24,802,232272,0,
B000206,2025-04-01,Tarjeta,Digital,Otras,2678004,24,459418,0.2936,18,694,274279,27,
B000207,2025-05-10,Tarjeta,Sucursal,Metropolitana,904454,60,420000,0.0389,37,865,613498,88,
B000208,2025-12-17,Microempresa,Digital,Metropolitana,2532796,48,420000,0.1336,21,777,2005479,0,
B000209,2025-03-06,Consumo,Digital,Valparaíso,3552847,60,542800,0.1164,8,817,2815061,0,
B000210,2025-07-06,Tarjeta,Convenio,Biobío,3069012,48,538638,0.135,19,781,2112416,0,
B000211,2025-12-12,Automotriz,Digital,Otras,3943023,60,522672,0.1522,28,779,2961952,223,2026-03-12
B000212,2025-09-14,Microempresa,Sucursal,Biobío,2670816,48,520494,0.1261,37,929,1787831,0,
B000213,2025-05-08,Consumo,Sucursal,Valparaíso,5860856,60,669290,0.156,9,822,4163138,90,2025-11-04
B000214,2025-10-27,Tarjeta,Sucursal,Metropolitana,2900219,36,420000,0.2238,57,805,2104064,0,
B000215,2025-09-21,Consumo,Sucursal,Metropolitana,5430109,60,1388872,0.0719,59,950,2869042,0,
B000216,2025-02-22,Microempresa,Sucursal,Biobío,3035875,12,468475,0.5908,15,610,1735429,90,2026-02-17
B000217,2025-03-04,Tarjeta,Convenio,Valparaíso,5208763,36,680370,0.2352,36,807,4546087,438,2025-08-01
B000218,2025-09-29,Consumo,Sucursal,Metropolitana,3574802,18,595009,0.3762,6,691,2338563,55,
B000219,2025-08-16,Automotriz,Sucursal,Biobío,5522890,36,732857,0.2542,26,786,806331,0,
B000220,2025-06-06,Tarjeta,Digital,Valparaíso,3618059,18,430756,0.5048,21,654,709001,0,
B000221,2025-03-17,Consumo,Sucursal,Otras,1075285,24,455993,0.1083,27,825,410592,18,
B000222,2025-08-04,Consumo,Sucursal,Otras,5842975,24,660319,0.4059,46,823,2092457,0,
B000223,2025-05-01,Tarjeta,Sucursal,Biobío,2775676,18,570576,0.3136,27,670,1872603,0,
B000224,2025-05-07,Tarjeta,Sucursal,Metropolitana,3508086,48,908782,0.0884,27,813,2602561,181,2026-03-03
B000225,2025-04-18,Automotriz,Sucursal,Biobío,1058423,60,666085,0.0311,23,855,877121,0,
B000226,2025-01-17,Consumo,Sucursal,Metropolitana,2135894,12,1729050,0.1194,40,914,1130020,0,
B000227,2025-04-25,Automotriz,Convenio,Valparaíso,4589360,18,808470,0.3495,11,754,4014924,90,2026-02-19
B000228,2025-05-18,Microempresa,Convenio,Metropolitana,1826058,12,1036008,0.1597,21,814,365689,0,
B000229,2025-10-10,Tarjeta,Sucursal,Metropolitana,5193428,12,603066,0.7911,15,571,4861637,438,2027-02-02
B000230,2025-04-08,Automotriz,Sucursal,Metropolitana,2546875,24,691149,0.1737,19,870,1988206,0,
B000231,2025-06-04,Automotriz,Convenio,Metropolitana,1249209,36,446726,0.0869,14,811,818564,0,
B000232,2025-10-08,Consumo,Digital,Metropolitana,2725846,48,420000,0.1447,18,821,707518,0,
B000233,2025-12-16,Automotriz,Digital,Otras,1304163,60,918889,0.0265,19,850,991683,0,
B000234,2025-07-01,Consumo,Digital,Metropolitana,3028402,36,647652,0.145,18,856,1474598,0,
B000235,2025-12-24,Consumo,Sucursal,Otras,1050138,48,432920,0.0539,21,836,869399,0,
B000236,2025-02-03,Automotriz,Digital,Metropolitana,1360859,36,1132492,0.0402,29,913,660526,0,
B000237,2025-10-03,Automotriz,Sucursal,Valparaíso,3790086,36,639697,0.1763,25,742,1002517,0,
B000238,2025-01-23,Consumo,Digital,Biobío,4611865,24,943682,0.2399,19,788,860251,0,
B000239,2025-04-12,Consumo,Convenio,Metropolitana,2643515,24,420000,0.2814,15,712,683454,0,
B000240,2025-06-01,Automotriz,Sucursal,Valparaíso,2158223,48,796378,0.0675,18,935,611622,0,
B000241,2025-06-12,Tarjeta,Sucursal,Metropolitana,1704285,24,564961,0.1428,7,762,1086163,0,
B000242,2025-08-16,Tarjeta,Sucursal,Biobío,752699,24,487474,0.0782,3,780,411784,0,
B000243,2025-09-24,Consumo,Convenio,Metropolitana,1926275,24,644495,0.148,39,911,808903,0,
B000244,2025-09-15,Consumo,Digital,Valparaíso,3414418,36,420000,0.2525,21,682,2830118,90,2026-09-10
B000245,2025-03-19,Tarjeta,Digital,Biobío,4590293,60,542793,0.153,14,780,1535129,0,
B000246,2025-05-23,Consumo,Digital,Otras,8765613,36,1081914,0.2691,40,823,4113290,0,
B000247,2025-07-02,Consumo,Sucursal,Metropolitana,2043082,24,484803,0.2045,16,757,898580,0,
B000248,2025-07-23,Consumo,Sucursal,Biobío,2993470,18,420000,0.4768,11,635,1698894,0,
B000249,2025-03-26,Automotriz,Sucursal,Biobío,3673584,48,420000,0.2083,28,833,1683661,34,
B000250,2025-12-28,Consumo,Digital,Metropolitana,3593786,24,540649,0.328,31,785,1668170,0,
B000251,2025-09-12,Consumo,Sucursal,Biobío,2397373,48,955708,0.0585,16,888,1818932,0,
B000252,2025-07-14,Microempresa,Sucursal,Otras,4508348,60,518688,0.1735,20,810,539356,0,
B000253,2025-12-25,Consumo,Convenio,Metropolitana,3466476,24,420000,0.3701,22,738,2763325,0,
B000254,2025-08-18,Consumo,Sucursal,Otras,2171209,18,420000,0.3311,11,762,580975,0,
B000255,2025-03-14,Microempresa,Sucursal,Otras,2930533,36,454729,0.2083,21,872,2375717,0,
B000256,2025-05-01,Tarjeta,Digital,Biobío,2677181,60,752717,0.0681,20,813,1669380,0,
B000257,2025-12-14,Automotriz,Sucursal,Biobío,5829685,48,1127028,0.1291,49,917,2467145,0,
B000258,2025-01-27,Automotriz,Sucursal,Biobío,709258,12,420000,0.1493,17,813,305690,0,
B000259,2025-04-05,Consumo,Convenio,Metropolitana,3762162,60,478127,0.1479,12,802,2432989,0,
B000260,2025-08-17,Tarjeta,Sucursal,Metropolitana,3640654,24,630830,0.2932,30,830,1662358,0,
B000261,2025-06-02,Tarjeta,Convenio,Metropolitana,2778323,36,635708,0.1425,40,872,1433683,0,
B000262,2025-12-28,Consumo,Sucursal,Metropolitana,1820281,48,420000,0.1031,17,786,1284846,0,
B000263,2025-01-18,Microempresa,Sucursal,Otras,5546260,18,850092,0.4415,9,726,3400524,90,2025-07-17
B000264,2025-05-11,Tarjeta,Sucursal,Metropolitana,5018757,48,781239,0.1614,21,823,2039238,0,
B000265,2025-03-10,Consumo,Digital,Biobío,2224111,12,540718,0.3666,27,738,988061,0,
B000266,2025-11-01,Microempresa,Digital,Biobío,4064457,60,584127,0.1249,29,807,753151,0,
B000267,2025-05-12,Consumo,Convenio,Metropolitana,1313783,18,727251,0.1204,27,882,562331,88,
B000268,2025-02-24,Automotriz,Convenio,Metropolitana,2485424,36,1030803,0.077,38,857,1150375,0,
B000269,2025-04-29,Consumo,Sucursal,Otras,4041199,48,890239,0.1025,8,835,798228,0,
B000270,2025-05-11,Tarjeta,Digital,Metropolitana,2019753,24,509589,0.1909,7,721,476523,0,
B000271,2025-05-13,Consumo,Convenio,Metropolitana,2587550,60,624335,0.074,13,896,1053245,0,
B000272,2025-01-28,Automotriz,Digital,Valparaíso,2974765,36,420000,0.2151,28,827,445414,0,
B000273,2025-02-25,Consumo,Digital,Otras,3810490,36,1016509,0.1193,11,841,1224702,0,
B000274,2025-12-24,Tarjeta,Convenio,Otras,4803818,48,559011,0.1909,31,850,2874084,0,
B000275,2025-04-11,Consumo,Convenio,Metropolitana,1252322,18,420000,0.1801,12,751,354071,0,
B000276,2025-09-21,Tarjeta,Sucursal,Metropolitana,3047965,48,420000,0.1822,18,776,2457247,264,2026-04-19
B000277,2025-01-23,Consumo,Sucursal,Biobío,1298380,36,469506,0.0836,24,914,1015442,0,
B000278,2025-05-03,Tarjeta,Digital,Otras,3657956,12,420000,0.8474,15,445,2651874,228,2025-10-30
B000279,2025-07-25,Tarjeta,Convenio,Metropolitana,3064387,24,603187,0.231,28,790,1430350,0,
B000280,2025-01-12,Microempresa,Sucursal,Otras,1227534,24,420000,0.1395,18,825,443309,0,
B000281,2025-07-19,Microempresa,Digital,Otras,3082074,48,911981,0.0798,11,824,370770,0,
B000282,2025-04-24,Consumo,Sucursal,Metropolitana,4028041,36,529639,0.2386,6,786,2093410,0,
B000283,2025-04-08,Tarjeta,Convenio,Biobío,4227776,36,496029,0.2602,16,761,2446900,0,
B000284,2025-09-01,Consumo,Digital,Metropolitana,619877,36,450735,0.0421,9,754,521302,0,
B000285,2025-09-03,Automotriz,Digital,Metropolitana,965437,24,733279,0.0589,28,846,321030,0,
B000286,2025-06-30,Consumo,Sucursal,Otras,4013894,36,735994,0.1711,15,859,719086,0,
B000287,2025-11-04,Consumo,Sucursal,Otras,1132108,12,489823,0.2107,20,786,424774,72,
B000288,2025-07-11,Microempresa,Digital,Otras,4601140,36,592266,0.2475,31,775,1224564,0,
B000289,2025-01-11,Tarjeta,Digital,Metropolitana,3387895,36,905131,0.1266,33,775,548973,0,
B000290,2025-01-24,Automotriz,Digital,Biobío,2537049,60,420000,0.1136,10,781,732604,0,
B000291,2025-01-06,Consumo,Sucursal,Otras,2334376,18,431562,0.346,41,712,1320732,0,
B000292,2025-06-05,Consumo,Digital,Biobío,2946309,24,663087,0.2198,26,809,2229085,122,2026-05-31
B000293,2025-07-05,Consumo,Sucursal,Otras,5134029,36,774282,0.2055,7,829,3172186,5,
B000294,2025-12-22,Consumo,Digital,Valparaíso,12546078,24,1460003,0.3889,9,746,10119002,0,
B000295,2025-06-16,Automotriz,Digital,Otras,1660322,48,434680,0.0914,6,738,935802,99,2025-07-16
B000296,2025-07-15,Tarjeta,Convenio,Valparaíso,3776241,36,523788,0.2297,21,708,2768180,40,
B000297,2025-07-04,Consumo,Sucursal,Otras,4622776,36,603412,0.2586,26,780,3194913,0,
B000298,2025-04-25,Tarjeta,Convenio,Metropolitana,2729565,48,658937,0.0924,56,837,1404070,0,
B000299,2025-12-26,Microempresa,Sucursal,Otras,4747881,24,1393986,0.1534,11,790,2928676,0,
B000300,2025-05-03,Consumo,Digital,Metropolitana,1509238,36,420000,0.1071,38,784,385692,0,
B000301,2025-08-02,Automotriz,Sucursal,Metropolitana,1795168,24,420000,0.1932,21,771,1008241,50,
B000302,2025-08-29,Tarjeta,Digital,Metropolitana,3551533,24,583440,0.2986,12,682,2880652,0,
B000303,2025-12-01,Consumo,Convenio,Metropolitana,4800265,36,650395,0.2416,11,747,920341,0,
B000304,2025-11-08,Consumo,Convenio,Metropolitana,3968238,24,476356,0.3997,22,698,1924914,0,
B000305,2025-11-14,Tarjeta,Convenio,Metropolitana,3117140,36,420000,0.219,8,749,539874,0,
B000306,2025-10-23,Automotriz,Digital,Metropolitana,4975823,36,606704,0.2536,6,761,2626769,0,
B000307,2025-07-06,Consumo,Digital,Otras,2891767,60,420000,0.1342,6,805,768329,0,
B000308,2025-01-13,Tarjeta,Digital,Metropolitana,3509166,24,420000,0.4126,6,648,1638058,0,
B000309,2025-08-16,Microempresa,Sucursal,Metropolitana,4431032,36,640093,0.224,15,790,2648982,0,
B000310,2025-01-07,Tarjeta,Digital,Metropolitana,1142380,48,420000,0.0621,6,734,444916,0,
B000311,2025-11-15,Automotriz,Sucursal,Metropolitana,3743966,36,581749,0.2133,16,833,1752022,0,
B000312,2025-08-30,Automotriz,Digital,Valparaíso,2477655,36,601712,0.1245,12,801,1878988,0,
B000313,2025-03-29,Consumo,Digital,Biobío,1874611,48,928515,0.0455,42,929,1286390,0,
B000314,2025-02-22,Consumo,Digital,Metropolitana,3170262,36,694273,0.1446,18,836,1288139,0,
B000315,2025-04-10,Consumo,Sucursal,Biobío,4399790,60,677545,0.1213,13,841,1827724,0,
B000316,2025-03-31,Automotriz,Digital,Otras,3121204,36,631271,0.1612,3,761,878997,0,
B000317,2025-05-28,Consumo,Sucursal,Biobío,3075469,24,1092954,0.1309,14,904,2590937,0,
B000318,2025-01-07,Tarjeta,Sucursal,Metropolitana,4144501,24,655991,0.3143,14,710,684263,0,
B000319,2025-04-04,Consumo,Sucursal,Valparaíso,1836841,36,420000,0.1383,19,819,1501722,0,
B000320,2025-01-20,Automotriz,Digital,Metropolitana,1060812,48,477876,0.052,22,838,643295,0,
B000321,2025-08-20,Tarjeta,Digital,Metropolitana,11269687,48,3840175,0.0687,12,932,7564431,0,
B000322,2025-05-31,Consumo,Sucursal,Metropolitana,4024819,48,787505,0.128,7,817,2423713,0,
B000323,2025-05-25,Tarjeta,Digital,Valparaíso,2077878,18,420000,0.2931,20,716,1755348,8,
B000324,2025-06-01,Automotriz,Convenio,Metropolitana,1290594,48,598659,0.0527,22,838,417492,0,
B000325,2025-02-16,Tarjeta,Convenio,Otras,3840138,48,538286,0.1662,10,722,1111701,0,
B000326,2025-07-09,Tarjeta,Sucursal,Valparaíso,3118681,36,2108139,0.0445,6,899,1078715,0,
B000327,2025-10-19,Automotriz,Convenio,Valparaíso,5844528,60,650831,0.1673,20,829,4899878,191,2026-10-14
B000328,2025-01-08,Microempresa,Digital,Biobío,1283573,18,420000,0.194,22,736,803632,0,
B000329,2025-10-12,Tarjeta,Sucursal,Metropolitana,1866410,60,420000,0.0845,24,876,647183,0,
B000330,2025-06-19,Automotriz,Convenio,Otras,2776874,48,420000,0.1603,42,838,1682741,0,
B000331,2025-09-08,Automotriz,Convenio,Valparaíso,4248316,48,647169,0.1666,24,898,726285,0,
B000332,2025-07-21,Microempresa,Sucursal,Otras,3092613,48,420000,0.1668,15,762,1713404,0,
B000333,2025-01-08,Tarjeta,Convenio,Otras,1220255,18,633481,0.1238,5,783,861367,0,
B000334,2025-04-10,Consumo,Digital,Metropolitana,1338284,36,420000,0.0991,29,776,776586,0,
B000335,2025-08-07,Automotriz,Digital,Biobío,2492927,24,646263,0.1949,23,794,2047805,0,
B000336,2025-05-17,Consumo,Sucursal,Biobío,1406200,24,616130,0.1045,13,853,175169,26,
B000337,2025-04-28,Tarjeta,Sucursal,Biobío,2700713,48,479233,0.1408,9,785,293583,0,
B000338,2025-10-03,Consumo,Digital,Valparaíso,3874750,60,599136,0.1238,46,855,1790312,0,
B000339,2025-04-02,Consumo,Sucursal,Otras,2055683,60,502919,0.0789,11,848,374301,0,
B000340,2025-09-16,Tarjeta,Sucursal,Biobío,9416972,24,2236503,0.1957,7,888,3536812,0,
B000341,2025-03-23,Consumo,Sucursal,Valparaíso,4311394,18,609083,0.4518,10,665,586519,0,
B000342,2025-05-22,Tarjeta,Sucursal,Biobío,513840,36,420000,0.0397,16,801,409645,0,
B000343,2025-08-05,Tarjeta,Convenio,Otras,3779268,60,653319,0.1162,10,832,1934099,73,
B000344,2025-10-19,Microempresa,Digital,Valparaíso,1721484,36,836741,0.066,9,805,1251026,90,2026-03-18
B000345,2025-08-15,Automotriz,Sucursal,Valparaíso,4782269,48,1065538,0.1065,9,804,1120559,0,
B000346,2025-03-30,Automotriz,Digital,Biobío,2697426,24,829971,0.1637,11,848,1492350,0,
B000347,2025-02-16,Tarjeta,Convenio,Metropolitana,6741396,36,1005050,0.2223,8,794,3915813,60,
B000348,2025-03-30,Consumo,Digital,Metropolitana,2332087,24,420000,0.2818,30,715,382537,0,
B000349,2025-05-11,Microempresa,Sucursal,Metropolitana,1274777,36,420000,0.0996,33,818,493128,0,
B000350,2025-07-28,Microempresa,Convenio,Metropolitana,1931954,36,420000,0.1362,14,817,1701281,90,2025-08-27
B000351,2025-06-06,Tarjeta,Convenio,Otras,1775455,36,521602,0.1042,11,780,536209,0,
B000352,2025-11-28,Automotriz,Convenio,Metropolitana,5812555,36,744926,0.2317,6,806,1878991,0,
B000353,2025-10-01,Consumo,Sucursal,Metropolitana,7208492,60,1044095,0.1355,22,889,1838061,0,
B000354,2025-03-05,Consumo,Digital,Otras,3444617,24,420000,0.3976,19,678,1457542,0,
B000355,2025-02-28,Consumo,Sucursal,Metropolitana,2481640,18,580723,0.269,22,747,1251270,0,
B000356,2025-12-27,Automotriz,Convenio,Valparaíso,5347799,24,1167604,0.2323,29,814,3745882,0,
B000357,2025-03-12,Tarjeta,Digital,Metropolitana,3102525,60,737125,0.082,16,783,2436819,0,
B000358,2025-11-15,Automotriz,Digital,Biobío,3346812,18,526649,0.4288,7,630,2596457,522,2026-06-13
B000359,2025-11-06,Tarjeta,Digital,Valparaíso,936220,24,420000,0.1108,18,789,251699,0,
B000360,2025-10-18,Microempresa,Sucursal,Otras,3101605,24,869627,0.1605,35,924,520210,0,
B000361,2025-11-30,Microempresa,Digital,Otras,1528854,48,647942,0.0572,58,899,823516,0,
B000362,2025-11-29,Microempresa,Sucursal,Metropolitana,873593,24,451256,0.0958,11,779,199383,0,
B000363,2025-07-20,Consumo,Digital,Metropolitana,5500885,12,861512,0.5777,58,696,3363788,0,
B000364,2025-09-14,Consumo,Digital,Otras,1321620,36,720560,0.0584,32,876,530711,0,
B000365,2025-04-30,Consumo,Convenio,Metropolitana,3634961,24,420000,0.416,18,673,3495229,90,2027-02-19
B000366,2025-08-10,Consumo,Sucursal,Metropolitana,11200699,36,1638766,0.2225,19,874,8239892,0,
B000367,2025-11-19,Consumo,Digital,Metropolitana,3188201,36,1106490,0.0967,26,791,2386537,0,
B000368,2025-03-09,Consumo,Digital,Biobío,1340619,12,655255,0.1862,11,771,825329,0,
B000369,2025-01-10,Consumo,Sucursal,Otras,864862,24,673896,0.0583,20,846,180059,0,
B000370,2025-04-16,Consumo,Sucursal,Valparaíso,8150556,36,1116488,0.2414,12,732,2614128,0,
B000371,2025-08-27,Consumo,Digital,Otras,1983163,24,420000,0.2178,10,668,1406976,76,
B000372,2025-03-26,Consumo,Convenio,Valparaíso,18616199,18,2113064,0.5732,34,724,16142574,302,2026-02-19
B000373,2025-08-03,Tarjeta,Sucursal,Metropolitana,2454993,36,420000,0.1747,9,804,1216603,0,
B000374,2025-07-22,Automotriz,Convenio,Metropolitana,5642997,60,1104916,0.0981,11,867,2293661,0,
B000375,2025-01-16,Consumo,Sucursal,Valparaíso,16825992,36,2207267,0.2353,27,831,1712792,0,
B000376,2025-05-06,Tarjeta,Sucursal,Otras,1240954,24,532820,0.1173,18,813,328700,0,
B000377,2025-04-09,Consumo,Sucursal,Otras,3191181,60,1920579,0.0312,25,933,2497110,50,
B000378,2025-05-15,Tarjeta,Sucursal,Valparaíso,1078242,36,420000,0.0794,18,811,178462,0,
B000379,2025-12-02,Automotriz,Digital,Valparaíso,2313726,24,420000,0.2765,38,774,1824368,0,
B000380,2025-02-02,Automotriz,Digital,Valparaíso,3818921,48,608584,0.1529,11,710,1294962,0,
B000381,2025-08-22,Automotriz,Digital,Metropolitana,5219987,24,704776,0.3638,15,701,2362690,0,
B000382,2025-09-14,Consumo,Digital,Metropolitana,4164661,48,605053,0.1542,27,837,1105393,41,
B000383,2025-07-24,Automotriz,Digital,Metropolitana,4874538,36,812912,0.1792,18,825,1545826,0,
B000384,2025-04-01,Tarjeta,Sucursal,Metropolitana,2929214,36,981196,0.094,2,826,428088,33,
B000385,2025-02-27,Automotriz,Sucursal,Metropolitana,7023519,24,1298430,0.2708,23,823,2249528,0,
B000386,2025-05-24,Tarjeta,Sucursal,Metropolitana,4147021,18,1089792,0.2294,60,927,652242,0,
B000387,2025-10-26,Tarjeta,Convenio,Metropolitana,3602120,48,420000,0.2024,28,730,774493,0,
B000388,2025-03-25,Consumo,Sucursal,Biobío,2175851,36,420000,0.161,9,727,1991646,90,2025-07-23
B000389,2025-05-29,Tarjeta,Sucursal,Biobío,3594389,60,420000,0.1632,14,734,1207734,61,
B000390,2025-03-29,Automotriz,Digital,Valparaíso,6168208,36,700308,0.2839,10,777,2413806,0,
B000391,2025-09-03,Automotriz,Sucursal,Valparaíso,8813238,24,999232,0.4071,25,821,3033682,0,
B000392,2025-06-16,Automotriz,Sucursal,Metropolitana,4762180,24,818082,0.2845,21,777,1527061,0,
B000393,2025-03-01,Consumo,Convenio,Biobío,923225,48,460215,0.0506,5,830,232045,0,
B000394,2025-03-04,Automotriz,Convenio,Metropolitana,7150660,12,1327961,0.5438,19,723,3651040,0,
B000395,2025-01-29,Automotriz,Convenio,Metropolitana,2150166,24,549660,0.1829,9,780,1523495,0,
B000396,2025-06-05,Automotriz,Convenio,Otras,3481757,36,439885,0.258,16,738,1756873,0,
B000397,2025-06-24,Consumo,Digital,Otras,2988222,36,420000,0.2358,17,771,1685269,154,2025-07-24
B000398,2025-08-05,Microempresa,Sucursal,Metropolitana,1261481,48,420000,0.0753,18,860,315010,0,
B000399,2025-02-08,Consumo,Digital,Valparaíso,2482858,60,579760,0.0774,14,896,1347399,0,
B000400,2025-12-22,Tarjeta,Digital,Otras,3369736,36,420000,0.2639,26,688,656277,0,
B000401,2025-08-31,Tarjeta,Digital,Metropolitana,2816086,36,525253,0.1667,23,747,1912635,0,
B000402,2025-08-31,Consumo,Digital,Otras,1625849,24,420000,0.1856,5,704,913436,0,
B000403,2025-12-18,Consumo,Digital,Metropolitana,1826716,60,605711,0.0596,18,803,1405856,74,
B000404,2025-12-24,Consumo,Sucursal,Metropolitana,1215492,36,420000,0.0907,21,775,814192,0,
B000405,2025-03-14,Consumo,Convenio,Valparaíso,1572708,24,420000,0.1772,11,785,198197,54,
B000406,2025-09-02,Consumo,Digital,Metropolitana,3021423,24,420000,0.3389,9,652,2292531,103,2026-01-30
B000407,2025-10-10,Automotriz,Digital,Otras,5966138,48,838142,0.1588,38,836,2873920,0,
B000408,2025-08-18,Microempresa,Digital,Metropolitana,2793816,24,583094,0.2176,17,757,732661,0,
B000409,2025-05-06,Automotriz,Digital,Valparaíso,597240,48,421485,0.0342,2,785,290341,0,
B000410,2025-12-19,Tarjeta,Sucursal,Otras,2403135,18,546937,0.278,15,693,987207,0,
B000411,2025-02-13,Automotriz,Sucursal,Valparaíso,3725294,48,528727,0.1578,12,781,1718812,0,
B000412,2025-06-30,Consumo,Convenio,Metropolitana,662222,24,483400,0.0643,7,813,402639,0,
B000413,2025-11-27,Automotriz,Digital,Valparaíso,1486492,36,522168,0.0939,37,835,448025,0,
B000414,2025-12-22,Automotriz,Digital,Biobío,9924854,36,1778469,0.1663,15,898,6189727,90,2026-10-18
B000415,2025-06-11,Consumo,Convenio,Biobío,3923669,36,463008,0.2806,32,712,1875943,0,
B000416,2025-07-18,Consumo,Digital,Metropolitana,8760453,36,988070,0.2974,21,783,7329785,0,
B000417,2025-10-21,Consumo,Digital,Otras,3673796,60,984819,0.0705,27,871,1704731,0,
B000418,2025-07-10,Tarjeta,Digital,Otras,1208427,48,576949,0.0473,6,820,539608,0,
B000419,2025-03-02,Tarjeta,Digital,Biobío,877130,24,420000,0.1054,22,767,695582,69,
B000420,2025-06-07,Consumo,Digital,Otras,2479416,24,466070,0.2671,51,783,2179359,121,2026-11-29
B000421,2025-12-24,Microempresa,Sucursal,Metropolitana,1688194,12,467092,0.3607,8,725,665000,0,
B000422,2025-03-27,Tarjeta,Digital,Metropolitana,1908394,60,420000,0.0828,5,774,1578450,204,2025-09-23
B000423,2025-02-09,Consumo,Digital,Metropolitana,1468279,36,670355,0.0673,10,745,789885,62,
B000424,2025-08-20,Tarjeta,Sucursal,Valparaíso,3011161,18,476674,0.3908,17,722,1842944,71,
B000425,2025-10-21,Consumo,Sucursal,Metropolitana,2491224,24,664584,0.1779,16,757,1075872,0,
B000426,2025-06-01,Consumo,Convenio,Metropolitana,6362975,36,898088,0.2129,18,780,1647395,0,
B000427,2025-11-16,Microempresa,Sucursal,Valparaíso,2743707,60,753624,0.0667,21,864,2213799,0,
B000428,2025-01-28,Consumo,Sucursal,Otras,1481315,24,420000,0.1645,22,771,489509,0,
B000429,2025-12-02,Consumo,Convenio,Metropolitana,7598745,48,1181683,0.1596,6,760,2972631,0,
B000430,2025-11-17,Tarjeta,Digital,Metropolitana,2322626,24,420000,0.2561,15,643,730813,0,
B000431,2025-02-09,Automotriz,Convenio,Metropolitana,1152646,18,519641,0.1475,12,760,807021,0,
B000432,2025-11-15,Consumo,Sucursal,Metropolitana,3552276,24,420000,0.379,40,752,2239102,0,
B000433,2025-06-24,Consumo,Sucursal,Biobío,4999692,24,1067693,0.2347,24,825,2276841,31,
B000434,2025-06-24,Tarjeta,Convenio,Biobío,3235412,60,423221,0.1444,22,809,2200631,148,2025-12-21
B000435,2025-12-03,Automotriz,Sucursal,Valparaíso,7264980,18,1351900,0.3394,15,800,4946496,0,
B000436,2025-03-15,Consumo,Sucursal,Otras,3010782,24,420000,0.3603,5,709,2793152,160,2026-04-09
B000437,2025-01-06,Microempresa,Sucursal,Metropolitana,2735801,24,1047292,0.1263,2,852,1456945,0,
B000438,2025-10-13,Microempresa,Convenio,Otras,2553185,24,420000,0.292,24,685,507094,0,
B000439,2025-08-02,Tarjeta,Sucursal,Metropolitana,2913355,24,1196168,0.1133,56,908,926089,78,
B000440,2025-12-23,Consumo,Sucursal,Otras,1595291,36,611561,0.0848,5,796,353581,0,
B000441,2025-06-22,Consumo,Sucursal,Metropolitana,828414,48,433293,0.0428,23,866,537419,0,
B000442,2025-07-13,Tarjeta,Digital,Valparaíso,6388424,24,971405,0.3048,34,761,1915009,43,
B000443,2025-10-26,Consumo,Convenio,Valparaíso,3910641,24,846922,0.2111,15,846,3110401,25,
B000444,2025-08-09,Tarjeta,Sucursal,Metropolitana,3523701,24,420000,0.4119,5,674,2568566,90,2025-10-08
B000445,2025-09-13,Consumo,Sucursal,Valparaíso,1347528,36,420000,0.0946,52,902,423242,0,
B000446,2025-11-11,Tarjeta,Convenio,Biobío,588667,60,420000,0.0255,22,807,380432,0,
B000447,2025-08-22,Consumo,Convenio,Metropolitana,3437420,36,533664,0.2133,37,841,1522063,0,
B000448,2025-12-15,Microempresa,Digital,Otras,4804656,36,622374,0.2408,39,824,1004068,0,
B000449,2025-02-02,Consumo,Digital,Otras,2675321,24,777111,0.1718,38,855,289675,0,
B000450,2025-11-21,Microempresa,Convenio,Valparaíso,1601382,60,454486,0.0699,38,863,1506810,98,2026-01-20
B000451,2025-09-13,Automotriz,Convenio,Metropolitana,13482683,24,1513279,0.4239,30,783,10840353,0,
B000452,2025-08-07,Automotriz,Sucursal,Valparaíso,6263421,36,881723,0.2222,12,884,1599450,0,
B000453,2025-02-11,Automotriz,Sucursal,Metropolitana,4466060,24,812499,0.2732,20,830,742722,0,
B000454,2025-07-15,Automotriz,Digital,Metropolitana,4625775,24,514611,0.4424,20,639,3998250,90,2026-07-10
B000455,2025-05-27,Tarjeta,Convenio,Metropolitana,5673478,48,744871,0.179,22,819,3810189,0,
B000456,2025-09-03,Microempresa,Digital,Otras,12064822,36,1520113,0.2549,31,835,6749571,0,
B000457,2025-12-24,Automotriz,Convenio,Metropolitana,1953172,12,420000,0.4414,6,692,673085,0,
B000458,2025-08-30,Automotriz,Digital,Metropolitana,1880659,48,758168,0.06,21,806,556463,29,
B000459,2025-10-07,Consumo,Sucursal,Metropolitana,8275209,36,928266,0.2968,12,757,5324761,0,
B000460,2025-06-22,Consumo,Digital,Metropolitana,3866901,36,576598,0.2264,14,737,456041,0,
B000461,2025-09-08,Consumo,Digital,Metropolitana,1500754,24,448963,0.1637,35,883,392119,0,
B000462,2025-08-25,Tarjeta,Digital,Metropolitana,7337334,48,851110,0.2018,11,817,3413637,74,
B000463,2025-03-14,Consumo,Digital,Metropolitana,611087,36,420000,0.0461,14,837,189322,0,
B000464,2025-11-08,Tarjeta,Sucursal,Metropolitana,2445916,36,420000,0.1752,18,746,1327001,55,
B000465,2025-03-20,Tarjeta,Convenio,Biobío,14311683,36,1685836,0.2848,32,877,1879484,0,
B000466,2025-08-29,Consumo,Digital,Otras,5145325,48,684572,0.1786,4,805,2007691,0,
B000467,2025-08-24,Automotriz,Sucursal,Metropolitana,6989702,24,1367731,0.2461,25,758,4341990,0,
B000468,2025-01-01,Consumo,Sucursal,Metropolitana,3604809,18,534991,0.4051,24,769,824756,0,
B000469,2025-07-18,Tarjeta,Sucursal,Otras,5005709,48,893374,0.1311,21,794,2887652,0,
B000470,2025-07-07,Microempresa,Convenio,Metropolitana,2165930,24,572189,0.1894,23,791,321984,0,
B000471,2025-01-29,Consumo,Digital,Metropolitana,2866275,18,838957,0.2176,8,781,1064503,0,
B000472,2025-06-27,Consumo,Convenio,Metropolitana,3985165,48,1294890,0.0701,17,942,3190621,0,
B000473,2025-09-19,Automotriz,Digital,Metropolitana,2376955,48,488725,0.1089,26,761,1933045,0,
B000474,2025-05-04,Tarjeta,Convenio,Metropolitana,3079954,24,597524,0.2314,16,757,2135880,0,
B000475,2025-04-24,Automotriz,Convenio,Metropolitana,930554,36,420000,0.0742,8,767,482852,0,
B000476,2025-06-18,Tarjeta,Sucursal,Otras,7846641,48,1236557,0.1577,21,882,1854509,0,
B000477,2025-11-05,Tarjeta,Digital,Biobío,5632771,60,729940,0.1439,37,837,672548,0,
B000478,2025-01-04,Consumo,Digital,Metropolitana,3641006,24,797545,0.2175,17,773,2037116,58,
B000479,2025-07-20,Automotriz,Sucursal,Metropolitana,3442975,36,901204,0.1262,31,897,2252243,0,
B000480,2025-12-18,Consumo,Sucursal,Metropolitana,2893338,48,1038285,0.0708,19,889,431634,0,
B000481,2025-06-29,Automotriz,Digital,Metropolitana,2098280,24,420000,0.2226,10,716,1219755,23,
B000482,2025-09-25,Automotriz,Digital,Metropolitana,8503914,24,993849,0.4343,30,686,1927881,0,
B000483,2025-04-13,Microempresa,Digital,Metropolitana,967784,36,499318,0.0599,14,842,277400,0,
B000484,2025-05-15,Consumo,Sucursal,Otras,1182879,48,552629,0.0489,10,821,285738,0,
B000485,2025-03-04,Automotriz,Sucursal,Valparaíso,3624286,12,892558,0.3788,16,743,2643590,27,
B000486,2025-10-29,Tarjeta,Sucursal,Metropolitana,3057616,36,420000,0.2383,6,758,399792,0,
B000487,2025-09-27,Tarjeta,Sucursal,Metropolitana,2710155,24,880674,0.1539,15,811,645231,0,
B000488,2025-11-27,Automotriz,Digital,Biobío,3466442,18,861327,0.264,6,790,2594086,0,
B000489,2025-08-03,Consumo,Sucursal,Otras,6906832,18,1259613,0.3434,11,725,1012159,35,
B000490,2025-03-02,Consumo,Convenio,Otras,4735140,18,700891,0.4323,30,714,947777,0,
B000491,2025-10-29,Automotriz,Sucursal,Metropolitana,3416535,24,424798,0.3764,14,639,2993337,175,2026-09-24
B000492,2025-12-19,Consumo,Convenio,Otras,2951512,36,507860,0.1713,11,720,1076985,23,
B000493,2025-05-15,Microempresa,Sucursal,Metropolitana,2411691,18,420000,0.3821,31,703,1670531,0,
B000494,2025-08-21,Consumo,Digital,Metropolitana,2467853,48,1508092,0.0366,11,900,1873425,0,
B000495,2025-12-10,Consumo,Sucursal,Metropolitana,973034,36,584232,0.0536,17,842,757962,0,
B000496,2025-03-21,Consumo,Sucursal,Metropolitana,5375907,48,668922,0.1807,16,801,1112838,0,
B000497,2025-03-13,Tarjeta,Sucursal,Metropolitana,15941277,24,1878552,0.4312,30,821,12850692,27,
B000498,2025-07-28,Consumo,Sucursal,Metropolitana,1939529,36,453573,0.1416,28,801,1083835,0,
B000499,2025-12-21,Automotriz,Digital,Metropolitana,6518027,18,1380523,0.3014,32,791,1498192,0,
B000500,2025-09-14,Microempresa,Sucursal,Biobío,5462438,18,763026,0.4616,3,697,2340283,0,
B000501,2025-10-09,Tarjeta,Sucursal,Valparaíso,1417627,36,717598,0.0667,13,825,698327,0,
B000502,2025-08-28,Consumo,Sucursal,Biobío,5130430,60,933303,0.1003,12,873,3272735,0,
B000503,2025-08-03,Microempresa,Digital,Metropolitana,7293382,18,1228462,0.3854,23,788,3485271,83,
B000504,2025-01-19,Automotriz,Sucursal,Metropolitana,3997409,48,670717,0.1384,27,816,2757426,90,2025-05-19
B000505,2025-09-07,Tarjeta,Convenio,Otras,4598837,24,690645,0.322,16,717,2779354,0,
B000506,2025-04-16,Consumo,Convenio,Otras,2926530,24,538632,0.272,36,736,954159,49,
B000507,2025-05-30,Automotriz,Convenio,Otras,17647343,18,2326473,0.5004,18,776,8299574,0,
B000508,2025-07-24,Consumo,Digital,Metropolitana,1972286,36,474067,0.1365,2,714,1283855,153,2025-12-21
B000509,2025-11-09,Tarjeta,Digital,Otras,2101614,48,436262,0.1223,12,774,412632,0,
B000510,2025-06-22,Consumo,Sucursal,Metropolitana,1112769,12,889833,0.1159,41,818,822568,67,
B000511,2025-02-19,Automotriz,Digital,Metropolitana,4671820,48,995114,0.1043,47,892,1974361,0,
B000512,2025-10-09,Tarjeta,Digital,Metropolitana,2815639,36,747360,0.1277,8,837,683290,0,
B000513,2025-07-03,Tarjeta,Sucursal,Valparaíso,3213456,48,420000,0.1893,12,730,1879394,0,
B000514,2025-06-26,Consumo,Convenio,Metropolitana,2910601,48,420000,0.1604,22,773,1458600,39,
B000515,2025-12-20,Consumo,Sucursal,Biobío,3364412,36,681118,0.1662,5,850,2011110,0,
B000516,2025-03-20,Consumo,Sucursal,Metropolitana,2995155,36,420000,0.2232,11,699,2530632,0,
B000517,2025-08-03,Consumo,Sucursal,Otras,1559330,48,451377,0.0855,38,816,277342,0,
B000518,2025-10-08,Consumo,Sucursal,Valparaíso,1727802,24,420000,0.2058,16,867,1029345,0,
B000519,2025-05-26,Automotriz,Sucursal,Metropolitana,1325289,18,420000,0.2111,22,839,1027153,0,
B000520,2025-07-20,Consumo,Convenio,Metropolitana,9587250,48,1073547,0.225,9,820,4814044,0,
B000521,2025-08-02,Consumo,Convenio,Metropolitana,2757364,36,420000,0.1934,30,785,1092909,0,
B000522,2025-02-12,Consumo,Sucursal,Metropolitana,9396395,48,1694183,0.1238,18,878,7880271,0,
B000523,2025-03-21,Tarjeta,Digital,Valparaíso,5514956,36,647400,0.2794,14,711,4474695,96,2026-06-14
B000524,2025-01-28,Consumo,Digital,Valparaíso,3091851,24,483326,0.2897,33,728,1169305,0,
B000525,2025-12-21,Tarjeta,Convenio,Metropolitana,974971,12,662819,0.1393,30,819,650497,126,2026-04-20
B000526,2025-06-29,Tarjeta,Digital,Metropolitana,3179766,60,420000,0.136,8,764,2558585,0,
B000527,2025-07-23,Tarjeta,Convenio,Metropolitana,736540,18,420000,0.1062,10,765,359710,0,
B000528,2025-12-07,Tarjeta,Digital,Biobío,5981357,36,820588,0.2386,16,766,5453681,358,2026-12-02
B000529,2025-03-26,Consumo,Sucursal,Otras,810762,60,420000,0.0354,73,907,373505,0,
B000530,2025-06-25,Consumo,Digital,Valparaíso,3302853,24,458195,0.3633,23,751,767131,0,
B000531,2025-10-09,Tarjeta,Convenio,Metropolitana,1113781,36,520113,0.0712,11,882,157722,0,
B000532,2025-02-14,Automotriz,Digital,Valparaíso,6819804,36,765764,0.289,7,703,1372910,0,
B000533,2025-05-31,Consumo,Sucursal,Biobío,1544132,36,586764,0.0841,45,845,1284974,0,
B000534,2025-09-23,Consumo,Sucursal,Valparaíso,6182988,24,1114393,0.249,32,776,2731517,0,
B000535,2025-09-23,Tarjeta,Convenio,Metropolitana,3157276,48,469397,0.1514,14,721,2229651,0,
B000536,2025-10-22,Tarjeta,Digital,Valparaíso,2699487,36,634745,0.1312,29,824,403081,0,
B000537,2025-12-28,Consumo,Sucursal,Biobío,2575760,36,741040,0.1048,27,797,2014601,0,
B000538,2025-06-03,Consumo,Digital,Biobío,1720399,60,562083,0.0574,7,820,1319417,47,
B000539,2025-05-25,Consumo,Digital,Valparaíso,2088844,36,462853,0.1337,31,796,797690,0,
B000540,2025-02-04,Automotriz,Sucursal,Metropolitana,4418611,24,1313930,0.1543,15,848,1380732,0,
B000541,2025-07-07,Consumo,Sucursal,Otras,2078809,12,420000,0.4893,14,626,316628,0,
B000542,2025-04-28,Automotriz,Sucursal,Otras,3238361,36,1132565,0.095,13,870,967337,0,
B000543,2025-03-24,Consumo,Sucursal,Otras,2104443,24,549292,0.1853,54,889,1642965,0,
B000544,2025-01-08,Tarjeta,Digital,Metropolitana,6794949,24,1311637,0.2591,26,806,1972949,0,
B000545,2025-03-05,Automotriz,Digital,Biobío,3547323,48,420000,0.1946,19,793,2327001,0,
B000546,2025-08-19,Automotriz,Digital,Metropolitana,4089503,36,597975,0.219,21,737,2700363,0,
B000547,2025-09-30,Tarjeta,Sucursal,Metropolitana,3464845,24,912383,0.1814,9,794,2323308,0,
B000548,2025-10-20,Microempresa,Sucursal,Metropolitana,6100766,36,690175,0.267,29,761,5035037,0,
B000549,2025-04-25,Tarjeta,Sucursal,Metropolitana,1273570,12,478827,0.2383,8,746,1203638,90,2026-05-20
B000550,2025-12-30,Consumo,Sucursal,Biobío,916888,24,420000,0.1001,23,814,444106,0,
B000551,2025-12-09,Automotriz,Convenio,Metropolitana,3045140,48,813159,0.0857,26,858,2891752,90,2026-02-07
B000552,2025-01-03,Tarjeta,Digital,Metropolitana,2898290,48,420000,0.1615,12,680,1133033,0,
B000553,2025-10-22,Tarjeta,Sucursal,Otras,8156925,18,1194415,0.4325,12,671,5387272,90,2026-02-19
B000554,2025-08-16,Consumo,Digital,Metropolitana,8627677,24,1028247,0.4167,46,786,4644797,0,
B000555,2025-03-03,Automotriz,Digital,Metropolitana,2586597,36,886204,0.0887,22,838,1054550,0,
B000556,2025-02-08,Tarjeta,Digital,Metropolitana,1736123,18,420000,0.2439,24,677,1019789,0,
B000557,2025-07-16,Microempresa,Sucursal,Metropolitana,5561189,24,630770,0.4203,29,796,957481,0,
B000558,2025-07-20,Automotriz,Sucursal,Metropolitana,667043,60,420000,0.0318,14,815,271744,0,
B000559,2025-01-09,Tarjeta,Sucursal,Otras,1715009,36,536759,0.0997,17,815,694549,17,
B000560,2025-05-31,Consumo,Digital,Valparaíso,3006418,24,429354,0.3427,20,640,465823,0,
B000561,2025-11-01,Consumo,Digital,Valparaíso,1826966,24,428164,0.2131,16,778,1352495,0,
B000562,2025-01-25,Tarjeta,Sucursal,Otras,2159515,48,843424,0.0612,35,884,1450175,0,
B000563,2025-07-26,Consumo,Sucursal,Metropolitana,3516866,24,420000,0.4064,10,660,434768,0,
B000564,2025-05-03,Automotriz,Sucursal,Biobío,2918385,48,443820,0.152,45,853,2358070,0,
B000565,2025-10-23,Tarjeta,Convenio,Metropolitana,3290363,36,420000,0.2622,15,639,2301268,0,
B000566,2025-11-03,Automotriz,Sucursal,Valparaíso,3362681,60,420000,0.1612,12,778,704283,0,
B000567,2025-06-25,Automotriz,Digital,Biobío,5137486,48,1722883,0.0666,13,849,584113,31,
B000568,2025-01-06,Consumo,Sucursal,Metropolitana,2221676,60,547888,0.0722,18,885,979502,0,
B000569,2025-01-30,Consumo,Digital,Biobío,817047,48,420000,0.0488,9,864,547610,0,
B000570,2025-03-19,Microempresa,Sucursal,Metropolitana,989127,36,420000,0.0713,15,831,218309,0,
B000571,2025-01-08,Consumo,Digital,Metropolitana,1929893,24,448355,0.2094,6,736,1437105,0,
B000572,2025-10-25,Automotriz,Sucursal,Metropolitana,3050737,18,420000,0.4389,28,634,2976953,152,2026-05-23
B000573,2025-04-19,Consumo,Sucursal,Otras,5172851,60,942953,0.1041,38,876,4251765,57,
B000574,2025-06-15,Automotriz,Sucursal,Biobío,2559807,18,577681,0.2841,22,768,348440,0,
B000575,2025-09-18,Tarjeta,Convenio,Otras,4388699,60,488756,0.1687,10,799,2659841,0,
B000576,2025-08-19,Microempresa,Digital,Otras,2881155,60,503774,0.1047,20,835,1958988,0,
B000577,2025-10-06,Consumo,Sucursal,Metropolitana,10309549,60,1180920,0.1661,32,839,4472080,0,
B000578,2025-08-06,Consumo,Sucursal,Metropolitana,10505409,36,2009551,0.1721,27,907,3941932,0,
B000579,2025-05-30,Consumo,Sucursal,Metropolitana,2277407,36,649511,0.105,24,888,1594623,0,
B000580,2025-06-10,Consumo,Digital,Valparaíso,2482914,24,431982,0.2594,27,821,1590412,0,
B000581,2025-07-28,Consumo,Sucursal,Biobío,1360206,60,1012477,0.025,3,886,1032498,0,
B000582,2025-08-21,Consumo,Digital,Metropolitana,1203281,18,420000,0.1862,12,814,997134,0,
B000583,2025-09-16,Consumo,Convenio,Otras,3761391,18,420000,0.5396,13,551,1181169,0,
B000584,2025-02-08,Tarjeta,Convenio,Valparaíso,12749115,24,1962229,0.3213,28,862,9039406,0,
B000585,2025-08-29,Consumo,Sucursal,Valparaíso,3948245,18,451393,0.574,37,734,912176,0,
B000586,2025-03-07,Consumo,Sucursal,Metropolitana,2059338,48,642102,0.0712,33,827,472560,0,
B000587,2025-01-29,Automotriz,Digital,Metropolitana,4216591,48,1087951,0.0965,40,923,3344895,0,
B000588,2025-06-09,Consumo,Sucursal,Metropolitana,4144634,12,576291,0.6646,13,562,1273370,0,
B000589,2025-05-14,Automotriz,Sucursal,Metropolitana,6404365,36,1013393,0.1998,37,850,2117334,0,
B000590,2025-02-19,Tarjeta,Sucursal,Metropolitana,7708111,36,1060403,0.2409,5,832,4412673,0,
B000591,2025-03-31,Consumo,Sucursal,Metropolitana,1718762,48,626984,0.0647,7,858,1278701,0,
B000592,2025-01-25,Tarjeta,Sucursal,Metropolitana,878899,24,662083,0.0674,4,848,360893,0,
B000593,2025-05-31,Tarjeta,Sucursal,Otras,1652544,60,420000,0.0725,16,849,1298830,0,
B000594,2025-01-21,Consumo,Convenio,Otras,596254,24,420000,0.0704,22,826,407027,0,
B000595,2025-04-29,Microempresa,Convenio,Otras,3045206,12,590615,0.5108,33,676,592452,0,
B000596,2025-12-09,Consumo,Convenio,Valparaíso,4658339,60,562801,0.1681,20,800,3595026,0,
B000597,2025-09-04,Consumo,Digital,Metropolitana,5989028,60,841686,0.1318,16,865,5048754,0,
B000598,2025-01-26,Microempresa,Convenio,Valparaíso,3753896,36,1150090,0.1035,41,858,1358640,0,
B000599,2025-12-15,Automotriz,Convenio,Valparaíso,3931863,24,1012874,0.1865,23,759,1338844,55,
B000600,2025-04-06,Consumo,Sucursal,Valparaíso,11023638,24,1249075,0.4141,14,755,8262045,90,2025-12-02
B000601,2025-07-09,Tarjeta,Sucursal,Metropolitana,1633020,48,420000,0.0931,36,768,1155433,149,2025-12-06
B000602,2025-11-23,Tarjeta,Sucursal,Otras,14555649,60,2085906,0.1388,34,898,9245184,0,
B000603,2025-02-28,Consumo,Digital,Valparaíso,4396859,60,551939,0.1446,17,767,2208494,0,
B000604,2025-01-19,Consumo,Digital,Metropolitana,1713880,60,993158,0.0323,23,909,527459,0,
B000605,2025-10-09,Tarjeta,Sucursal,Valparaíso,3215467,48,451689,0.1777,17,737,2587926,0,
B000606,2025-10-19,Tarjeta,Sucursal,Metropolitana,6055534,36,690168,0.2791,7,745,2241704,0,
B000607,2025-07-28,Microempresa,Sucursal,Metropolitana,6643807,36,1008290,0.2163,34,845,1069232,0,
B000608,2025-06-20,Tarjeta,Digital,Metropolitana,1196113,36,427091,0.0903,14,783,155890,0,
B000609,2025-08-15,Consumo,Digital,Otras,1393622,24,1002132,0.0695,28,845,564828,0,
B000610,2025-12-05,Tarjeta,Digital,Metropolitana,1507150,24,420000,0.182,24,704,567101,0,
B000611,2025-04-01,Automotriz,Digital,Metropolitana,3261153,24,420000,0.3872,24,695,2357658,0,
B000612,2025-07-11,Tarjeta,Digital,Metropolitana,3341103,60,420000,0.1573,30,798,1646438,0,
B000613,2025-07-14,Tarjeta,Sucursal,Otras,2885599,48,420000,0.1621,29,726,1055731,0,
B000614,2025-02-25,Microempresa,Digital,Metropolitana,4090809,18,590176,0.4155,14,677,2640875,0,
B000615,2025-08-11,Tarjeta,Digital,Biobío,3024201,60,420000,0.1456,16,765,2445924,0,
B000616,2025-08-25,Tarjeta,Digital,Otras,4328442,18,864413,0.338,11,713,2597028,90,2025-10-24
B000617,2025-11-29,Automotriz,Convenio,Metropolitana,6336927,48,1223175,0.1315,16,843,4436223,0,
B000618,2025-08-31,Tarjeta,Sucursal,Metropolitana,3430722,36,420000,0.2422,21,738,1360095,0,
B000619,2025-07-09,Automotriz,Digital,Otras,3438228,18,420000,0.5357,42,652,3255131,90,2026-07-04
B000620,2025-01-06,Consumo,Sucursal,Otras,6080771,36,1112047,0.1818,25,834,4735488,0,
B000621,2025-05-30,Microempresa,Sucursal,Metropolitana,7488489,36,1083138,0.2046,28,837,1456507,65,
B000622,2025-09-24,Tarjeta,Convenio,Metropolitana,1816481,36,420000,0.1326,31,826,1182628,0,
B000623,2025-03-06,Automotriz,Sucursal,Biobío,1379978,18,420000,0.1986,6,747,1159225,0,
B000624,2025-02-08,Consumo,Convenio,Otras,6967478,24,863277,0.4006,36,725,4749294,0,
B000625,2025-04-20,Consumo,Sucursal,Otras,2299981,48,706435,0.0807,16,751,1819775,136,2025-08-18
B000626,2025-03-11,Consumo,Digital,Metropolitana,1514744,36,471374,0.1047,17,834,599581,0,
B000627,2025-09-22,Automotriz,Sucursal,Metropolitana,1253192,60,836710,0.03,24,853,380608,0,
B000628,2025-02-11,Automotriz,Convenio,Otras,3517136,60,1299160,0.052,16,852,485837,0,
B000629,2025-03-18,Consumo,Convenio,Metropolitana,1732022,24,420000,0.1999,30,799,995787,0,
B000630,2025-04-29,Tarjeta,Sucursal,Otras,5206566,18,1050825,0.3207,10,779,2534485,0,
B000631,2025-08-15,Consumo,Digital,Valparaíso,7549303,24,1340300,0.275,22,772,4761768,0,
B000632,2025-06-14,Consumo,Sucursal,Otras,10428936,48,1371456,0.1824,5,856,6696805,0,
B000633,2025-10-05,Microempresa,Sucursal,Metropolitana,6816893,36,1050068,0.1994,21,870,2856989,0,
B000634,2025-10-14,Consumo,Digital,Metropolitana,3838952,24,540849,0.3503,46,731,768586,81,
B000635,2025-11-07,Automotriz,Digital,Biobío,6245861,24,708924,0.404,17,657,5060407,90,2026-01-06
B000636,2025-04-10,Automotriz,Sucursal,Otras,9546284,24,1346352,0.3464,8,805,8687243,136,2025-07-09
B000637,2025-04-17,Tarjeta,Digital,Metropolitana,1186517,24,495063,0.1196,28,800,122797,82,
B000638,2025-01-08,Tarjeta,Digital,Otras,876909,60,426064,0.041,24,808,88517,0,
B000639,2025-06-29,Tarjeta,Digital,Metropolitana,5769998,36,998369,0.1752,22,801,1765213,50,
B000640,2025-11-10,Consumo,Sucursal,Metropolitana,2138395,48,592884,0.0906,33,862,1472924,0,
B000641,2025-12-02,Consumo,Sucursal,Metropolitana,2913502,24,420000,0.307,20,712,1961994,0,
B000642,2025-09-14,Microempresa,Digital,Metropolitana,932450,48,458885,0.0477,10,887,139552,0,
B000643,2025-11-04,Consumo,Convenio,Biobío,4823388,60,612596,0.1497,16,829,1985228,0,
B000644,2025-03-26,Automotriz,Digital,Metropolitana,1858804,24,436730,0.1992,24,764,1807698,90,2026-01-20
B000645,2025-12-25,Microempresa,Sucursal,Metropolitana,5551186,36,1297587,0.1399,22,862,4102988,0,
B000646,2025-10-10,Automotriz,Digital,Metropolitana,1264748,24,420000,0.1379,13,782,480487,0,
B000647,2025-08-25,Consumo,Sucursal,Metropolitana,4172675,48,464795,0.2107,12,793,2767034,142,2026-06-21
B000648,2025-10-09,Consumo,Sucursal,Biobío,5635174,36,1534719,0.1239,27,849,2182074,0,
B000649,2025-10-16,Consumo,Digital,Valparaíso,608782,24,450113,0.0629,24,826,463405,0,
B000650,2025-09-07,Consumo,Convenio,Valparaíso,3717166,36,459508,0.2421,17,717,2523889,0,
B000651,2025-11-28,Tarjeta,Digital,Valparaíso,1303620,24,935133,0.0638,27,833,625698,0,
B000652,2025-04-07,Automotriz,Convenio,Metropolitana,5090214,48,601057,0.1883,54,846,3042354,0,
B000653,2025-01-03,Tarjeta,Sucursal,Biobío,1259679,36,740823,0.053,47,904,558279,0,
B000654,2025-06-29,Microempresa,Sucursal,Metropolitana,7720355,36,1085032,0.2293,27,836,2303257,0,
B000655,2025-10-21,Microempresa,Sucursal,Metropolitana,3592122,48,420000,0.2021,21,762,1676974,0,
B000656,2025-09-21,Tarjeta,Sucursal,Metropolitana,533352,60,420000,0.0244,10,813,181004,0,
B000657,2025-02-20,Consumo,Convenio,Metropolitana,694192,12,420000,0.1649,5,777,443230,0,
B000658,2025-08-28,Microempresa,Convenio,Metropolitana,4224134,36,773819,0.1811,16,804,3664134,90,2025-10-27
B000659,2025-04-20,Tarjeta,Convenio,Biobío,3551694,60,788159,0.0865,19,878,591688,0,
B000660,2025-03-23,Automotriz,Sucursal,Metropolitana,1524813,36,483743,0.1047,13,799,1113586,90,2025-08-20
B000661,2025-12-21,Automotriz,Convenio,Metropolitana,1561215,12,679127,0.2046,21,828,789940,0,
B000662,2025-07-16,Consumo,Digital,Metropolitana,2604201,24,910122,0.1412,13,786,628036,0,
B000663,2025-09-09,Tarjeta,Digital,Otras,2998658,24,420000,0.3428,8,617,2444681,159,2026-11-03
B000664,2025-09-22,Automotriz,Digital,Valparaíso,2832321,36,575322,0.1555,30,824,2208411,0,
B000665,2025-05-16,Tarjeta,Sucursal,Biobío,4000623,36,899571,0.1354,12,864,418050,0,
B000666,2025-07-27,Consumo,Convenio,Valparaíso,2059432,24,488738,0.2113,19,802,532592,0,
B000667,2025-09-12,Consumo,Convenio,Metropolitana,3561501,24,420000,0.4184,29,703,529094,0,
B000668,2025-03-30,Tarjeta,Convenio,Metropolitana,3079472,24,536219,0.2818,15,773,1217694,0,
B000669,2025-01-29,Tarjeta,Convenio,Metropolitana,3971825,48,1045767,0.0874,65,950,2453525,0,
B000670,2025-04-09,Microempresa,Digital,Metropolitana,9397406,36,1285716,0.243,6,756,1493496,0,
B000671,2025-03-05,Tarjeta,Digital,Metropolitana,7938012,60,1184310,0.1303,8,797,2575444,0,
B000672,2025-10-08,Consumo,Sucursal,Metropolitana,7684731,36,1272249,0.183,30,823,1021346,0,
B000673,2025-12-03,Automotriz,Sucursal,Biobío,1557988,36,534532,0.0909,41,862,218624,0,
B000674,2025-09-12,Consumo,Sucursal,Metropolitana,6487773,48,960678,0.1688,16,822,5282159,0,
B000675,2025-08-11,Microempresa,Digital,Otras,4838780,36,780663,0.2027,28,858,1959500,0,
B000676,2025-10-02,Tarjeta,Sucursal,Metropolitana,1729779,36,420000,0.136,9,780,799545,18,
B000677,2025-10-24,Tarjeta,Sucursal,Metropolitana,3257259,24,420000,0.3748,40,753,1283067,0,
B000678,2025-07-14,Consumo,Digital,Valparaíso,1332566,36,610164,0.0662,28,829,598044,0,
B000679,2025-03-03,Tarjeta,Digital,Otras,1193673,24,756175,0.0703,13,804,477162,0,
B000680,2025-09-09,Automotriz,Sucursal,Biobío,1910802,60,430696,0.0868,24,852,1278820,0,
B000681,2025-09-01,Tarjeta,Digital,Metropolitana,2250578,24,420000,0.251,12,665,440026,0,
B000682,2025-10-27,Microempresa,Sucursal,Metropolitana,996701,48,420000,0.0591,31,872,613533,0,
B000683,2025-08-22,Consumo,Sucursal,Valparaíso,1717883,24,420000,0.2004,9,852,781109,0,
B000684,2025-08-05,Consumo,Sucursal,Otras,1183767,24,548599,0.1082,16,845,554142,76,
B000685,2025-03-13,Consumo,Sucursal,Biobío,1047778,24,420000,0.1202,34,864,519370,64,
B000686,2025-10-14,Consumo,Digital,Otras,1013779,18,584100,0.1076,21,800,615634,0,
B000687,2025-01-24,Consumo,Digital,Otras,1460026,18,561529,0.1638,12,859,758646,0,
B000688,2025-08-20,Tarjeta,Sucursal,Metropolitana,3586579,18,451629,0.5131,56,676,2783210,0,
B000689,2025-10-14,Microempresa,Sucursal,Biobío,2397756,18,547664,0.281,30,729,1588902,0,
B000690,2025-06-14,Tarjeta,Digital,Metropolitana,8931671,48,998381,0.2209,56,801,4919024,0,
B000691,2025-10-19,Consumo,Convenio,Otras,3381675,36,420000,0.2393,8,775,2753565,0,
B000692,2025-02-17,Consumo,Sucursal,Otras,3591609,48,420000,0.1964,12,734,2929531,0,
B000693,2025-02-09,Automotriz,Sucursal,Biobío,1476796,24,464334,0.1431,13,854,1142024,86,
B000694,2025-11-09,Microempresa,Convenio,Metropolitana,7927736,48,966693,0.2065,23,795,860337,0,
B000695,2025-12-25,Automotriz,Digital,Otras,10072882,36,1341339,0.2424,17,819,4177550,0,
B000696,2025-10-20,Microempresa,Sucursal,Metropolitana,3669703,24,588182,0.292,13,720,749780,0,
B000697,2025-07-04,Tarjeta,Digital,Metropolitana,8218390,24,1040372,0.3721,26,771,1838841,0,
B000698,2025-05-08,Consumo,Digital,Metropolitana,6580663,18,754924,0.5671,19,643,6050359,165,2025-06-07
B000699,2025-10-29,Consumo,Sucursal,Metropolitana,3060547,48,432264,0.1587,6,793,462473,0,
B000700,2025-01-24,Tarjeta,Sucursal,Valparaíso,4614060,24,540072,0.3876,22,730,1792396,0,
B000701,2025-11-13,Consumo,Convenio,Otras,636056,12,420000,0.1483,20,770,535223,0,
B000702,2025-03-29,Consumo,Digital,Metropolitana,2708496,36,420000,0.2097,7,685,437029,0,
B000703,2025-06-03,Consumo,Digital,Metropolitana,3996048,60,450013,0.1688,13,778,644744,0,
B000704,2025-08-07,Consumo,Sucursal,Metropolitana,4969020,24,608551,0.3723,24,748,3530553,0,
B000705,2025-10-19,Tarjeta,Convenio,Metropolitana,983564,48,669991,0.0334,10,843,262141,0,
B000706,2025-08-11,Consumo,Digital,Biobío,1560574,36,816886,0.0603,8,811,882682,62,
B000707,2025-02-23,Consumo,Digital,Otras,1723356,60,420000,0.0813,24,794,581200,0,
B000708,2025-10-30,Consumo,Sucursal,Otras,4046237,24,738712,0.2643,39,859,852337,0,
B000709,2025-09-05,Consumo,Sucursal,Biobío,1758909,24,848251,0.1019,45,950,771995,0,
B000710,2025-01-13,Tarjeta,Sucursal,Metropolitana,8649721,12,1344248,0.5689,42,690,7843473,181,2025-04-13
B000711,2025-09-19,Consumo,Digital,Metropolitana,5722813,24,680938,0.4199,23,728,1369837,0,
B000712,2025-10-30,Microempresa,Sucursal,Biobío,9695839,24,1178369,0.3744,22,754,7749542,0,
B000713,2025-01-16,Consumo,Convenio,Valparaíso,2039231,36,420000,0.1528,18,786,1153535,0,
B000714,2025-01-12,Tarjeta,Sucursal,Metropolitana,954484,60,567583,0.0305,43,910,141395,0,
B000715,2025-05-07,Consumo,Sucursal,Metropolitana,687642,36,420000,0.0511,44,865,252004,0,
B000716,2025-10-20,Consumo,Sucursal,Otras,2967094,60,528581,0.1059,26,885,1493703,0,
B000717,2025-12-11,Microempresa,Sucursal,Metropolitana,852757,24,562660,0.0681,34,917,513744,0,
B000718,2025-01-16,Automotriz,Digital,Otras,7377145,24,839380,0.4173,8,790,3953266,0,
B000719,2025-06-05,Tarjeta,Convenio,Biobío,2514044,24,420000,0.2906,21,641,1816876,104,2025-11-02
B000720,2025-05-08,Microempresa,Convenio,Valparaíso,1449695,36,920137,0.0506,29,905,236359,0,
B000721,2025-10-02,Consumo,Digital,Biobío,3829150,36,632460,0.1998,14,803,897860,0,
B000722,2025-11-05,Automotriz,Convenio,Metropolitana,893128,18,486516,0.1098,17,828,469398,0,
B000723,2025-05-11,Microempresa,Sucursal,Biobío,5512631,60,687420,0.1513,11,815,2869563,0,
B000724,2025-05-28,Consumo,Digital,Otras,3527857,36,544032,0.2065,31,788,2772670,15,
B000725,2025-05-22,Microempresa,Digital,Metropolitana,17540615,48,2020044,0.2055,39,891,6994028,0,
B000726,2025-07-22,Automotriz,Digital,Metropolitana,4045258,36,1362696,0.0964,26,919,771146,0,
B000727,2025-09-10,Consumo,Sucursal,Valparaíso,720247,18,514664,0.084,34,871,275074,0,
B000728,2025-07-25,Tarjeta,Digital,Otras,2539072,36,428105,0.1997,32,763,1160009,0,
B000729,2025-11-13,Consumo,Convenio,Metropolitana,2344950,12,852103,0.246,26,783,1148758,0,
B000730,2025-01-30,Consumo,Digital,Metropolitana,701969,18,420000,0.0992,19,757,483850,0,
B000731,2025-05-19,Automotriz,Convenio,Otras,3182408,48,420000,0.1879,22,772,2525252,98,2025-11-15
B000732,2025-02-24,Tarjeta,Sucursal,Metropolitana,2748034,36,667627,0.1258,32,844,715106,0,
B000733,2025-05-16,Tarjeta,Digital,Metropolitana,1202715,36,878227,0.0451,29,827,725220,1,
B000734,2025-09-05,Tarjeta,Digital,Metropolitana,5122571,36,926988,0.1806,12,793,838536,0,
B000735,2025-06-16,Automotriz,Sucursal,Metropolitana,1665427,12,685093,0.2207,19,744,375925,0,
B000736,2025-12-29,Consumo,Convenio,Valparaíso,3588347,24,677917,0.2525,20,795,2066734,0,
B000737,2025-11-30,Tarjeta,Digital,Metropolitana,3701006,24,1345679,0.1358,17,853,2251965,0,
B000738,2025-07-25,Consumo,Digital,Metropolitana,3949395,36,1065893,0.1217,11,838,1946898,0,
B000739,2025-04-22,Automotriz,Digital,Valparaíso,2295013,24,587810,0.1863,36,796,433301,0,
B000740,2025-02-01,Microempresa,Convenio,Metropolitana,3357426,48,1362654,0.059,24,899,642939,0,
B000741,2025-04-01,Tarjeta,Sucursal,Biobío,3722533,12,525406,0.6378,11,616,3163015,102,2025-09-28
B000742,2025-06-02,Automotriz,Sucursal,Biobío,1425293,60,420000,0.0663,21,865,1197812,40,
B000743,2025-05-15,Tarjeta,Sucursal,Metropolitana,2869970,48,420000,0.1668,16,728,370188,0,
B000744,2025-10-08,Consumo,Sucursal,Valparaíso,6383825,48,2520920,0.0561,14,935,2359779,0,
B000745,2025-10-03,Microempresa,Sucursal,Valparaíso,668229,18,503009,0.086,21,885,556367,0,
B000746,2025-12-16,Tarjeta,Digital,Metropolitana,3768426,36,420000,0.2794,14,718,2240707,0,
B000747,2025-01-07,Microempresa,Sucursal,Valparaíso,889045,36,420000,0.0625,6,851,574584,17,
B000748,2025-04-04,Consumo,Sucursal,Metropolitana,2689749,36,438266,0.1941,27,746,1066249,0,
B000749,2025-02-18,Consumo,Sucursal,Metropolitana,9547297,24,1265534,0.368,25,843,3896425,0,
B000750,2025-06-15,Automotriz,Sucursal,Otras,3266697,36,911832,0.1067,22,842,1723475,28,
B000751,2025-01-06,Tarjeta,Convenio,Metropolitana,5454174,36,677307,0.2371,15,730,2285324,0,
B000752,2025-12-12,Consumo,Digital,Valparaíso,4162325,24,587420,0.3454,43,746,2431108,0,
B000753,2025-03-17,Consumo,Sucursal,Valparaíso,2197793,18,694430,0.1899,10,825,1602121,0,
B000754,2025-12-01,Consumo,Convenio,Metropolitana,3732205,24,702996,0.2406,45,794,1633380,0,
B000755,2025-10-06,Consumo,Sucursal,Metropolitana,6172714,36,781771,0.242,10,751,1501285,0,
B000756,2025-02-19,Tarjeta,Convenio,Metropolitana,5929127,12,1005302,0.5569,26,615,4239160,90,2026-01-15
B000757,2025-09-05,Consumo,Sucursal,Biobío,777213,36,516981,0.0491,30,921,403836,61,
B000758,2025-03-24,Tarjeta,Digital,Metropolitana,4490266,18,600622,0.4945,5,619,3059102,148,2025-10-20
B000759,2025-12-24,Consumo,Sucursal,Metropolitana,3051099,24,1014062,0.1346,32,865,1507236,3,
B000760,2025-12-19,Consumo,Sucursal,Otras,3570207,48,576894,0.1445,10,738,2870769,0,
B000761,2025-08-30,Automotriz,Sucursal,Metropolitana,4106482,60,475067,0.1674,18,768,2539228,0,
B000762,2025-10-06,Consumo,Digital,Metropolitana,2706006,12,439221,0.5589,22,633,2124415,285,2026-07-03
B000763,2025-11-02,Automotriz,Digital,Metropolitana,2047755,24,420000,0.2292,9,732,1623791,0,
B000764,2025-07-02,Automotriz,Convenio,Valparaíso,2601045,18,837628,0.2094,13,767,2103606,0,
B000765,2025-02-05,Automotriz,Digital,Otras,6010756,48,796255,0.1867,17,803,1248630,0,
B000766,2025-10-29,Consumo,Convenio,Metropolitana,7861388,12,944182,0.8111,11,472,6399016,285,2026-04-27
B000767,2025-03-14,Consumo,Digital,Metropolitana,5493775,18,657073,0.552,6,629,4052084,0,
B000768,2025-08-31,Tarjeta,Digital,Otras,4806974,18,839328,0.3374,2,720,4034424,0,
B000769,2025-12-27,Consumo,Convenio,Metropolitana,4470518,36,665304,0.2042,6,706,2936806,90,2026-11-22
B000770,2025-09-10,Consumo,Sucursal,Metropolitana,566390,36,420000,0.0449,13,757,399300,0,
B000771,2025-11-11,Consumo,Sucursal,Metropolitana,4351248,48,1017739,0.1014,3,873,1947697,0,
B000772,2025-10-20,Automotriz,Convenio,Otras,1188739,48,921514,0.0303,3,896,739206,0,
B000773,2025-09-29,Automotriz,Digital,Metropolitana,2731371,36,420000,0.1982,29,811,710606,0,
B000774,2025-08-11,Automotriz,Digital,Metropolitana,6221795,24,722510,0.3912,13,639,5831744,105,2026-09-05
B000775,2025-03-14,Consumo,Sucursal,Metropolitana,818892,48,547681,0.0358,46,895,367102,0,
B000776,2025-10-04,Consumo,Convenio,Biobío,1773704,36,420000,0.1261,9,754,247715,8,
B000777,2025-05-09,Automotriz,Digital,Metropolitana,9471743,18,1052431,0.5339,8,687,6789554,400,2026-05-04
B000778,2025-02-27,Consumo,Sucursal,Valparaíso,1218049,24,615077,0.0915,18,877,945506,0,
B000779,2025-03-21,Automotriz,Convenio,Valparaíso,1266671,36,420000,0.0977,7,845,820030,0,
B000780,2025-08-02,Automotriz,Digital,Valparaíso,4555678,24,615980,0.3373,3,726,4414961,90,2025-12-30
B000781,2025-12-27,Microempresa,Convenio,Otras,4458543,48,821294,0.1321,7,813,2823277,0,
B000782,2025-03-08,Consumo,Convenio,Otras,3406164,48,420000,0.184,35,849,1555443,0,
B000783,2025-12-11,Consumo,Convenio,Valparaíso,660371,36,420000,0.0488,23,890,278994,0,
B000784,2025-05-22,Tarjeta,Digital,Otras,12452156,36,1401927,0.2707,6,794,2452738,0,
B000785,2025-12-21,Consumo,Digital,Metropolitana,3492598,36,567934,0.1954,36,767,2810930,79,
B000786,2025-03-21,Consumo,Digital,Metropolitana,3700091,60,743287,0.101,32,876,2762060,0,
B000787,2025-06-20,Consumo,Convenio,Metropolitana,6429099,12,770090,0.7524,61,668,4841030,312,2025-11-17
B000788,2025-12-02,Tarjeta,Convenio,Valparaíso,3299715,24,602844,0.2462,15,787,2409916,0,
B000789,2025-04-27,Automotriz,Digital,Metropolitana,2501863,12,420000,0.5278,25,582,2198472,186,2025-11-23
B000790,2025-08-10,Tarjeta,Digital,Otras,3335112,36,1014956,0.098,10,787,361975,15,
B000791,2025-05-29,Consumo,Digital,Biobío,1401710,36,420000,0.1118,6,789,222045,0,
B000792,2025-12-05,Tarjeta,Sucursal,Valparaíso,9522666,24,1175430,0.3653,18,721,6202865,0,
B000793,2025-10-16,Microempresa,Sucursal,Metropolitana,2256405,24,881089,0.1153,13,835,1061388,0,
B000794,2025-06-21,Consumo,Convenio,Metropolitana,1352120,36,794301,0.0561,28,950,302426,61,
B000795,2025-11-19,Consumo,Digital,Otras,7414361,36,931234,0.2442,50,845,4600672,0,
B000796,2025-08-23,Tarjeta,Digital,Valparaíso,3517460,24,420000,0.3749,10,685,1178460,16,
B000797,2025-01-05,Consumo,Sucursal,Metropolitana,1223810,24,420000,0.1407,25,800,230268,0,
B000798,2025-08-07,Consumo,Sucursal,Metropolitana,1063620,18,420000,0.1662,11,746,262091,56,
B000799,2025-12-16,Microempresa,Sucursal,Valparaíso,2653877,12,420000,0.6241,7,602,2516260,90,2027-03-11
B000800,2025-10-05,Tarjeta,Sucursal,Metropolitana,3525620,60,1428216,0.0438,11,921,1021776,0,
B000801,2025-03-13,Tarjeta,Sucursal,Metropolitana,3473409,24,420000,0.4077,21,672,3175490,109,2025-07-11
B000802,2025-01-14,Microempresa,Convenio,Valparaíso,2131908,18,420000,0.3312,9,716,1979946,90,2025-02-13
B000803,2025-05-25,Consumo,Convenio,Metropolitana,5280704,36,621524,0.2652,8,748,4259219,103,2025-10-22
B000804,2025-03-15,Microempresa,Convenio,Metropolitana,2780966,36,420000,0.2,11,730,999048,0,
B000805,2025-04-09,Automotriz,Sucursal,Otras,6472441,12,781700,0.7376,16,604,3702848,90,2026-03-05
B000806,2025-02-21,Consumo,Digital,Metropolitana,6076772,24,1077907,0.249,23,800,5416777,430,2025-08-20
B000807,2025-01-26,Consumo,Digital,Metropolitana,4238544,48,619121,0.1716,17,796,3227854,22,
B000808,2025-12-17,Automotriz,Digital,Otras,2189626,12,420000,0.4906,31,614,691945,2,
B000809,2025-08-12,Consumo,Sucursal,Metropolitana,4097248,12,739796,0.5388,17,622,1707347,0,
B000810,2025-05-06,Automotriz,Sucursal,Metropolitana,5529153,60,808683,0.124,31,886,3930999,59,
B000811,2025-10-22,Microempresa,Digital,Metropolitana,1228311,24,801228,0.0773,18,837,978799,0,
B000812,2025-04-15,Microempresa,Sucursal,Metropolitana,1839068,36,420000,0.1473,11,811,1280369,0,
B000813,2025-09-28,Tarjeta,Sucursal,Metropolitana,517380,24,420000,0.0583,18,804,236251,0,
B000814,2025-11-15,Tarjeta,Digital,Otras,4343367,36,1557049,0.0888,10,884,3281916,63,
B000815,2025-05-26,Automotriz,Digital,Biobío,5331445,24,677344,0.3787,10,703,783811,0,
B000816,2025-01-03,Consumo,Digital,Valparaíso,6433690,48,831218,0.1921,42,883,2270678,0,
B000817,2025-11-10,Tarjeta,Sucursal,Otras,1984963,36,504163,0.1208,14,771,1281402,0,
B000818,2025-12-15,Tarjeta,Sucursal,Metropolitana,3010219,48,420000,0.1586,17,794,1049304,0,
B000819,2025-01-26,Tarjeta,Digital,Metropolitana,2043669,36,439277,0.1563,52,805,1337225,0,
B000820,2025-03-11,Consumo,Digital,Valparaíso,7224812,24,923448,0.3677,13,719,1600167,0,
B000821,2025-10-29,Tarjeta,Sucursal,Metropolitana,632869,36,523589,0.0408,39,888,291956,0,
B000822,2025-02-23,Consumo,Convenio,Metropolitana,3173190,60,420000,0.1368,32,799,1222926,0,
B000823,2025-07-10,Consumo,Sucursal,Metropolitana,3581662,18,530581,0.4507,18,692,2302153,110,2027-03-02
B000824,2025-01-12,Tarjeta,Digital,Otras,1211098,24,821477,0.0699,23,844,994981,0,
B000825,2025-04-23,Tarjeta,Digital,Metropolitana,8554299,12,1889198,0.4237,14,738,3569958,9,
B000826,2025-05-26,Tarjeta,Digital,Valparaíso,1541552,36,811976,0.0629,34,820,361845,17,
B000827,2025-01-31,Microempresa,Convenio,Valparaíso,1927583,24,420000,0.2219,14,764,1245350,0,
B000828,2025-09-02,Tarjeta,Digital,Biobío,1795630,24,673444,0.1206,6,726,598293,0,
B000829,2025-11-23,Tarjeta,Convenio,Otras,1354586,60,936058,0.0261,10,817,1030696,0,
B000830,2025-02-28,Automotriz,Digital,Otras,805428,36,420000,0.064,19,847,468280,0,
B000831,2025-03-13,Automotriz,Digital,Valparaíso,915528,18,420000,0.1451,3,837,827824,219,2026-03-08
B000832,2025-08-11,Microempresa,Digital,Metropolitana,5861020,18,765973,0.4645,22,689,760182,37,
B000833,2025-04-19,Tarjeta,Sucursal,Otras,2602910,60,690235,0.0675,18,905,885436,66,
B000834,2025-08-23,Automotriz,Sucursal,Otras,6962613,24,1078032,0.3264,7,755,5518343,250,2026-11-16
B000835,2025-06-05,Consumo,Convenio,Metropolitana,12105281,24,1430259,0.4174,26,726,2630205,78,
B000836,2025-10-01,Consumo,Convenio,Metropolitana,3163650,24,423951,0.3359,17,737,2385257,366,2025-12-30
B000837,2025-11-17,Automotriz,Digital,Metropolitana,4100494,18,514866,0.5189,39,645,3668956,90,2026-07-15
B000838,2025-07-13,Automotriz,Sucursal,Metropolitana,7180676,18,1059967,0.4247,33,741,2670359,80,
B000839,2025-05-06,Consumo,Convenio,Metropolitana,3439238,24,1491648,0.1172,19,865,567943,0,
B000840,2025-12-10,Consumo,Convenio,Metropolitana,2544484,48,420000,0.1539,24,753,793695,0,
B000841,2025-03-04,Consumo,Convenio,Metropolitana,3313541,24,675649,0.217,41,837,2549062,0,
B000842,2025-09-26,Automotriz,Digital,Otras,1604789,36,736277,0.0704,21,775,207269,0,
B000843,2025-03-25,Microempresa,Convenio,Metropolitana,1403108,18,420000,0.2042,39,852,904452,0,
B000844,2025-05-18,Automotriz,Sucursal,Otras,1338732,36,580223,0.0766,14,822,148070,0,
B000845,2025-07-28,Consumo,Digital,Metropolitana,2589135,36,1018703,0.0762,34,866,448028,0,
B000846,2025-05-08,Consumo,Digital,Metropolitana,984705,12,420000,0.2382,24,750,559208,0,
B000847,2025-09-23,Automotriz,Sucursal,Metropolitana,6465981,48,1044291,0.1481,25,906,3313881,0,
B000848,2025-11-22,Automotriz,Convenio,Metropolitana,8647587,48,1108479,0.1971,19,777,1458072,0,
B000849,2025-11-04,Automotriz,Sucursal,Biobío,3017553,60,619980,0.0969,23,903,756403,0,
B000850,2025-02-25,Tarjeta,Sucursal,Valparaíso,7866655,60,1003620,0.1511,21,832,5801437,0,
B000851,2025-11-03,Consumo,Sucursal,Metropolitana,1126519,48,510805,0.0514,18,806,603485,0,
B000852,2025-12-09,Automotriz,Sucursal,Otras,2279605,24,873791,0.1215,36,925,493797,19,
B000853,2025-05-03,Tarjeta,Sucursal,Metropolitana,2119727,60,420000,0.0902,15,830,1812162,116,2026-10-25
B000854,2025-01-27,Consumo,Digital,Biobío,2314076,48,420000,0.1258,16,750,1716216,0,
B000855,2025-10-10,Automotriz,Sucursal,Metropolitana,3859335,24,521783,0.3629,16,655,3549447,90,2026-04-08
B000856,2025-01-06,Automotriz,Convenio,Otras,4437050,36,689971,0.2038,29,826,796189,0,
B000857,2025-03-24,Consumo,Sucursal,Otras,11294107,24,1408967,0.3587,43,778,1403501,0,
B000858,2025-03-20,Automotriz,Digital,Otras,2975299,36,1690050,0.0545,10,906,1361376,0,
B000859,2025-06-22,Consumo,Convenio,Valparaíso,3235464,36,962987,0.1067,26,880,2582233,0,
B000860,2025-05-21,Microempresa,Digital,Biobío,2205993,48,420000,0.1278,25,836,1681137,0,
B000861,2025-03-11,Consumo,Sucursal,Metropolitana,1516154,24,506261,0.1452,35,833,568366,0,
B000862,2025-04-15,Consumo,Convenio,Metropolitana,2051893,48,420000,0.1146,47,888,241735,0,
B000863,2025-05-07,Tarjeta,Sucursal,Valparaíso,1465652,18,669419,0.1483,36,832,691070,0,
B000864,2025-08-01,Tarjeta,Convenio,Biobío,4697862,36,571588,0.2638,40,743,589295,0,
B000865,2025-09-17,Tarjeta,Sucursal,Metropolitana,3856888,48,462111,0.2065,24,767,1009950,0,
B000866,2025-11-20,Consumo,Digital,Otras,2813744,60,634313,0.0821,15,840,396229,0,
B000867,2025-01-01,Consumo,Sucursal,Otras,4696353,60,706170,0.1277,18,825,1892524,53,
B000868,2025-03-31,Consumo,Sucursal,Biobío,3448319,24,420000,0.4091,8,673,2951278,117,2026-03-26
B000869,2025-01-17,Tarjeta,Sucursal,Otras,5228532,24,745999,0.3403,8,700,3146276,0,
B000870,2025-12-04,Consumo,Sucursal,Otras,2615824,24,420000,0.2975,18,738,1476685,0,
B000871,2025-02-10,Tarjeta,Sucursal,Otras,3588660,24,420000,0.3918,31,672,3369554,188,2026-10-03
B000872,2025-06-17,Consumo,Sucursal,Otras,8809092,48,1205764,0.1782,14,824,5684291,0,
B000873,2025-04-06,Automotriz,Convenio,Valparaíso,1299786,48,852225,0.0382,25,890,932114,0,
B000874,2025-09-09,Tarjeta,Digital,Biobío,1008316,24,576638,0.0884,24,776,104125,44,
B000875,2025-11-14,Consumo,Digital,Valparaíso,1128865,60,420000,0.0504,30,866,700638,0,
B000876,2025-11-16,Automotriz,Convenio,Metropolitana,10616191,36,1587429,0.2101,14,837,4594108,0,
B000877,2025-04-02,Consumo,Sucursal,Metropolitana,1708902,36,420000,0.1293,44,867,1116874,0,
B000878,2025-11-16,Automotriz,Convenio,Metropolitana,3600943,18,628992,0.3779,14,704,2629280,0,
B000879,2025-01-02,Consumo,Sucursal,Biobío,1057773,48,459103,0.0539,39,855,727469,0,
B000880,2025-04-20,Tarjeta,Sucursal,Otras,2819654,36,697909,0.1317,14,771,1885241,0,
B000881,2025-07-05,Consumo,Digital,Valparaíso,3417160,36,420000,0.2448,37,713,1700261,0,
B000882,2025-10-03,Consumo,Sucursal,Otras,731876,60,420000,0.0313,19,887,451021,0,
B000883,2025-05-01,Microempresa,Digital,Biobío,2656879,24,647071,0.1853,15,820,2010431,0,
B000884,2025-03-12,Automotriz,Sucursal,Metropolitana,1242529,48,420000,0.0655,31,808,499945,0,
B000885,2025-08-31,Consumo,Digital,Metropolitana,3671818,18,660865,0.3646,20,660,2386038,90,2026-06-27
B000886,2025-08-10,Automotriz,Convenio,Otras,541767,60,443812,0.0234,57,950,59331,0,
B000887,2025-09-14,Consumo,Convenio,Otras,3051242,48,420000,0.1831,19,739,2313057,0,
B000888,2025-12-03,Consumo,Digital,Biobío,2914490,12,453387,0.6453,34,577,2514308,90,2026-07-31
B000889,2025-08-10,Consumo,Digital,Metropolitana,7227287,60,814299,0.1791,21,775,5798155,0,
B000890,2025-03-03,Consumo,Sucursal,Metropolitana,3726976,18,420000,0.5879,26,582,2425728,185,2025-11-28
B000891,2025-06-22,Consumo,Digital,Metropolitana,4026572,48,524382,0.1712,27,782,3301439,0,
B000892,2025-05-16,Automotriz,Sucursal,Valparaíso,1148965,36,552104,0.0683,20,870,546810,0,
B000893,2025-03-07,Tarjeta,Digital,Metropolitana,1589941,60,671360,0.045,13,781,318355,0,
B000894,2025-09-06,Consumo,Sucursal,Otras,5593592,36,759544,0.2383,35,823,4138127,0,
B000895,2025-02-08,Microempresa,Sucursal,Metropolitana,4556776,48,1131378,0.0974,16,895,2762194,0,
B000896,2025-10-31,Consumo,Digital,Valparaíso,1417052,60,821896,0.0346,9,856,669299,0,
B000897,2025-01-21,Microempresa,Digital,Biobío,2309583,24,479983,0.229,20,742,1872567,0,
B000898,2025-06-10,Tarjeta,Convenio,Metropolitana,3554660,24,420000,0.4054,27,711,2967020,0,
B000899,2025-03-02,Tarjeta,Sucursal,Metropolitana,3083919,36,639658,0.1422,28,809,1195398,78,
B000900,2025-09-29,Tarjeta,Convenio,Biobío,4095003,60,527472,0.1565,48,856,945619,0,
B000901,2025-07-25,Consumo,Convenio,Biobío,2682400,24,420000,0.3134,7,683,1436041,0,
B000902,2025-07-27,Consumo,Sucursal,Metropolitana,5237127,24,920483,0.2838,42,812,898035,0,
B000903,2025-12-14,Consumo,Digital,Metropolitana,1533819,60,883808,0.0346,30,938,682747,0,
B000904,2025-10-11,Tarjeta,Digital,Valparaíso,5339925,24,855704,0.2999,46,775,4357887,83,
B000905,2025-11-01,Automotriz,Sucursal,Otras,518468,24,420000,0.0581,12,834,335629,0,
B000906,2025-04-26,Automotriz,Convenio,Biobío,1711524,60,420000,0.0743,19,805,1072313,0,
B000907,2025-12-05,Consumo,Convenio,Metropolitana,6646210,18,826238,0.5203,19,692,2153345,0,
B000908,2025-07-22,Tarjeta,Sucursal,Metropolitana,2908041,48,700529,0.1025,61,892,1180636,0,
B000909,2025-07-29,Consumo,Digital,Otras,1834823,18,420000,0.2587,25,752,1217403,0,
B000910,2025-07-16,Microempresa,Sucursal,Metropolitana,8411730,48,1239835,0.1546,25,869,3347708,33,
B000911,2025-06-24,Tarjeta,Convenio,Biobío,2376054,36,420000,0.1917,29,774,854341,68,
B000912,2025-06-02,Tarjeta,Sucursal,Otras,1555038,48,931769,0.0381,24,870,185722,40,
B000913,2025-05-21,Consumo,Digital,Biobío,2122238,60,452283,0.0942,10,741,622674,0,
B000914,2025-04-10,Microempresa,Digital,Biobío,4327615,24,492218,0.4045,26,736,3240427,0,
B000915,2025-06-01,Automotriz,Sucursal,Metropolitana,1775446,24,911665,0.089,13,905,294949,0,
B000916,2025-12-19,Consumo,Sucursal,Otras,1147944,48,665445,0.0389,8,837,253221,0,
B000917,2025-04-08,Tarjeta,Sucursal,Otras,4370256,24,1286982,0.1505,47,837,1535563,0,
B000918,2025-09-23,Consumo,Digital,Valparaíso,3798532,36,905490,0.1244,28,897,2815709,0,
B000919,2025-12-06,Automotriz,Sucursal,Metropolitana,9013232,48,2262998,0.089,27,950,3457419,82,
B000920,2025-08-01,Consumo,Sucursal,Valparaíso,3168017,18,427940,0.4703,28,700,550840,0,
B000921,2025-03-18,Microempresa,Digital,Otras,1221432,24,474050,0.117,16,837,770419,90,2026-06-11
B000922,2025-05-24,Automotriz,Digital,Otras,3415310,60,420000,0.1502,5,750,2856506,0,
B000923,2025-07-21,Tarjeta,Digital,Metropolitana,6732508,36,1302314,0.1567,18,731,2312565,0,
B000924,2025-08-11,Tarjeta,Digital,Metropolitana,3396338,18,420000,0.5252,33,663,629911,0,
B000925,2025-08-15,Tarjeta,Sucursal,Metropolitana,5507636,18,764328,0.4533,27,669,1368490,0,
B000926,2025-08-02,Consumo,Convenio,Metropolitana,556470,36,420000,0.0403,41,891,145315,8,
B000927,2025-04-10,Consumo,Sucursal,Otras,10043066,48,1147202,0.1976,10,801,6713482,0,
B000928,2025-05-29,Consumo,Convenio,Metropolitana,9806280,18,1102857,0.5816,10,546,6695136,0,
B000929,2025-10-14,Microempresa,Sucursal,Valparaíso,1535931,36,420000,0.1133,29,855,199258,0,
B000930,2025-08-11,Automotriz,Convenio,Biobío,2767139,24,420000,0.3053,20,694,2546710,297,2026-04-08
B000931,2025-08-18,Tarjeta,Convenio,Metropolitana,3694617,36,637754,0.1821,20,800,993516,0,
B000932,2025-10-12,Consumo,Sucursal,Biobío,3506437,48,420000,0.2116,21,769,1895311,0,
B000933,2025-11-03,Automotriz,Digital,Valparaíso,2430151,24,589617,0.1962,25,790,1696141,90,2026-04-02
B000934,2025-11-03,Consumo,Sucursal,Otras,2659391,48,878927,0.0691,11,834,670154,0,
B000935,2025-09-17,Consumo,Sucursal,Metropolitana,1035597,60,420000,0.0494,43,831,848296,78,
B000936,2025-09-19,Tarjeta,Digital,Metropolitana,3685399,60,420000,0.1706,6,754,2265899,90,2027-01-12
B000937,2025-06-29,Consumo,Sucursal,Otras,5047229,12,977791,0.5216,6,704,624972,0,
B000938,2025-10-12,Consumo,Sucursal,Valparaíso,13288057,60,2554397,0.0982,11,850,8756573,9,
B000939,2025-01-21,Consumo,Digital,Metropolitana,4763301,24,733966,0.3133,9,733,4512179,183,2025-03-22
B000940,2025-05-11,Consumo,Digital,Otras,3554514,48,762864,0.1099,13,857,609606,0,
B000941,2025-01-29,Automotriz,Convenio,Metropolitana,2866114,36,420000,0.2217,13,794,1247007,6,
B000942,2025-03-15,Consumo,Convenio,Otras,3968970,60,615120,0.1178,23,783,2040305,0,
B000943,2025-03-14,Automotriz,Sucursal,Metropolitana,7973410,24,888763,0.4175,10,758,6007329,263,2026-03-09
B000944,2025-02-28,Consumo,Digital,Metropolitana,3372952,36,420000,0.2701,21,691,1913732,0,
B000945,2025-05-13,Consumo,Sucursal,Metropolitana,2541925,48,467616,0.1279,15,834,1795238,0,
B000946,2025-05-23,Tarjeta,Convenio,Otras,3133913,18,420000,0.4471,41,672,1976336,90,2026-11-14
B000947,2025-03-23,Consumo,Sucursal,Otras,3521057,60,716040,0.0932,28,935,1026854,0,
B000948,2025-05-05,Consumo,Sucursal,Metropolitana,7377292,48,1378977,0.1252,60,882,5819521,0,
B000949,2025-07-04,Automotriz,Digital,Valparaíso,2220020,24,551385,0.1949,37,750,651085,0,
B000950,2025-12-24,Microempresa,Sucursal,Valparaíso,4723531,60,745218,0.1153,18,823,2106181,0,
B000951,2025-08-20,Tarjeta,Digital,Biobío,3246065,24,681859,0.2122,38,810,618808,0,
B000952,2025-05-15,Consumo,Digital,Otras,5595592,24,761874,0.362,29,685,2118007,0,
B000953,2025-04-09,Automotriz,Sucursal,Metropolitana,2953521,36,420000,0.2178,17,742,1571194,0,
B000954,2025-07-19,Tarjeta,Sucursal,Metropolitana,1435996,48,450153,0.0726,12,796,963966,65,
B000955,2025-10-20,Microempresa,Convenio,Metropolitana,3630189,24,420000,0.4351,30,686,2667225,90,2026-06-17
B000956,2025-08-06,Consumo,Digital,Metropolitana,714551,24,433716,0.0729,11,781,98158,0,
B000957,2025-11-20,Tarjeta,Digital,Otras,1526006,36,550971,0.0882,37,882,991116,0,
B000958,2025-01-13,Consumo,Convenio,Otras,3057393,36,631468,0.1554,15,831,1222156,0,
B000959,2025-11-12,Automotriz,Digital,Biobío,4723937,48,636413,0.1715,16,813,3240123,160,2026-04-11
B000960,2025-12-28,Consumo,Convenio,Metropolitana,2108866,48,543337,0.087,13,800,975310,0,
B000961,2025-03-15,Tarjeta,Convenio,Metropolitana,1555074,60,426112,0.0664,5,790,609525,0,
B000962,2025-06-29,Automotriz,Sucursal,Otras,9274120,12,1139955,0.7518,13,621,3961670,0,
B000963,2025-01-07,Automotriz,Digital,Biobío,1366756,24,535677,0.1234,52,883,282513,0,
B000964,2025-06-21,Consumo,Convenio,Metropolitana,969644,60,420000,0.0449,24,828,807235,0,
B000965,2025-12-19,Automotriz,Digital,Otras,2725928,24,1068808,0.1137,3,826,565241,0,
B000966,2025-04-29,Consumo,Sucursal,Valparaíso,4783218,48,751709,0.1574,12,783,1366486,0,
B000967,2025-06-06,Tarjeta,Sucursal,Otras,2761646,36,961525,0.0894,37,899,1356401,0,
B000968,2025-01-23,Consumo,Digital,Metropolitana,3083159,24,523643,0.2716,14,741,443690,0,
B000969,2025-11-26,Automotriz,Sucursal,Metropolitana,1836537,24,677632,0.1356,16,852,477275,0,
B000970,2025-10-05,Tarjeta,Digital,Biobío,3115965,24,507359,0.3064,24,611,2007603,111,2026-01-03
B000971,2025-02-19,Consumo,Digital,Metropolitana,743468,36,507678,0.0481,2,889,107087,0,
B000972,2025-05-30,Consumo,Sucursal,Otras,8545106,48,1126918,0.1825,10,836,5081535,0,
B000973,2025-08-11,Tarjeta,Digital,Valparaíso,2336797,36,1252543,0.0558,12,821,1950923,0,
B000974,2025-06-18,Automotriz,Digital,Metropolitana,721943,12,420000,0.1699,6,746,430680,0,
B000975,2025-07-05,Automotriz,Sucursal,Valparaíso,3022478,48,453355,0.1488,21,797,1724512,33,
B000976,2025-01-02,Consumo,Sucursal,Metropolitana,12015257,48,2173096,0.1331,7,862,7830160,0,
B000977,2025-07-25,Consumo,Digital,Biobío,3775220,36,541477,0.2075,6,779,2504342,0,
B000978,2025-01-05,Tarjeta,Sucursal,Metropolitana,2432674,60,420000,0.1157,29,824,968890,0,
B000979,2025-05-20,Consumo,Convenio,Valparaíso,2968809,60,672280,0.082,26,886,366416,0,
B000980,2025-07-17,Consumo,Convenio,Valparaíso,4776322,24,1375258,0.1602,14,760,2149090,71,
B000981,2025-02-05,Tarjeta,Convenio,Biobío,1724761,24,565708,0.1384,33,808,495132,0,
B000982,2025-07-15,Microempresa,Digital,Biobío,3620699,36,420000,0.2902,8,695,2360901,98,2026-06-10
B000983,2025-03-07,Tarjeta,Sucursal,Metropolitana,2945817,36,420000,0.2121,17,794,2283535,0,
B000984,2025-08-24,Automotriz,Digital,Otras,5779540,12,756074,0.6867,17,592,4194152,0,
B000985,2025-05-09,Consumo,Sucursal,Valparaíso,1582609,60,491291,0.0609,44,916,889191,0,
B000986,2025-12-03,Tarjeta,Convenio,Metropolitana,3014484,36,737718,0.1212,20,831,1733829,0,
B000987,2025-02-13,Consumo,Digital,Valparaíso,1902696,36,775564,0.0773,17,812,330232,0,
B000988,2025-02-20,Automotriz,Sucursal,Otras,5031883,60,875936,0.1058,12,841,2451595,0,
B000989,2025-12-05,Consumo,Digital,Metropolitana,7523777,60,858033,0.1776,14,727,1311930,0,
B000990,2025-08-17,Consumo,Sucursal,Biobío,5273694,60,837848,0.1159,27,888,3711732,0,
B000991,2025-05-04,Microempresa,Sucursal,Otras,3166822,60,573456,0.1057,11,852,510926,0,
B000992,2025-03-12,Tarjeta,Sucursal,Metropolitana,2243760,48,420000,0.1356,75,845,321660,0,
B000993,2025-09-05,Consumo,Convenio,Metropolitana,2212399,36,420000,0.1621,37,815,1575853,0,
B000994,2025-08-13,Consumo,Digital,Metropolitana,3657502,36,671324,0.168,15,797,2744847,243,2026-01-10
B000995,2025-08-29,Microempresa,Sucursal,Otras,3654949,24,422554,0.4149,13,756,793720,21,
B000996,2025-09-02,Consumo,Sucursal,Metropolitana,2583375,36,420607,0.1867,11,758,1353229,0,
B000997,2025-01-15,Automotriz,Digital,Metropolitana,2719027,36,441692,0.2054,9,708,1998548,0,
B000998,2025-06-30,Automotriz,Digital,Metropolitana,3819401,48,730272,0.1195,20,828,2032934,0,
B000999,2025-06-24,Automotriz,Sucursal,Biobío,2140739,12,538897,0.3712,12,674,1508406,416,2025-11-21
B001000,2025-09-12,Consumo,Digital,Metropolitana,4291636,48,1100194,0.0973,10,829,2416092,0,
B001001,2025-04-11,Tarjeta,Sucursal,Metropolitana,3832910,36,877887,0.1368,25,782,2919145,60,
B001002,2025-07-06,Consumo,Digital,Otras,532048,48,420908,0.0319,18,894,388490,0,
B001003,2025-05-31,Consumo,Convenio,Valparaíso,7689822,24,973247,0.3818,32,841,1073213,0,
B001004,2025-04-09,Tarjeta,Sucursal,Metropolitana,1680545,48,494300,0.0769,7,789,868787,6,
B001005,2025-11-08,Tarjeta,Sucursal,Metropolitana,1841283,24,762547,0.1138,42,801,1433395,0,
B001006,2025-11-29,Automotriz,Digital,Otras,3565280,18,539426,0.4427,8,695,905302,0,
B001007,2025-07-29,Tarjeta,Sucursal,Metropolitana,6706735,36,773332,0.2892,9,715,4477327,0,
B001008,2025-04-30,Microempresa,Sucursal,Otras,1649090,24,420000,0.1866,12,776,340815,0,
B001009,2025-04-24,Consumo,Convenio,Otras,1481119,12,778786,0.1833,28,827,308453,82,
B001010,2025-10-13,Automotriz,Sucursal,Valparaíso,6164111,60,1247213,0.0982,12,899,3770717,0,
B001011,2025-12-28,Consumo,Sucursal,Valparaíso,4222630,36,707396,0.1794,17,788,1836288,0,
B001012,2025-11-04,Microempresa,Digital,Otras,3801678,24,688565,0.2735,32,828,644276,0,
B001013,2025-11-24,Consumo,Convenio,Metropolitana,1177970,12,422920,0.2796,17,700,259096,0,
B001014,2025-04-17,Consumo,Digital,Metropolitana,971515,48,420000,0.0553,20,769,505532,0,
B001015,2025-02-07,Automotriz,Convenio,Valparaíso,4359211,36,492607,0.2969,32,755,2306421,0,
B001016,2025-09-11,Automotriz,Digital,Metropolitana,3597422,36,964575,0.1206,16,860,735108,0,
B001017,2025-08-29,Consumo,Sucursal,Otras,2765100,48,420000,0.1648,23,772,2088108,27,
B001018,2025-10-04,Microempresa,Convenio,Metropolitana,8897273,24,1347994,0.3126,27,801,2017255,0,
B001019,2025-10-04,Consumo,Convenio,Metropolitana,1198997,60,738490,0.029,8,823,757055,0,
B001020,2025-07-25,Automotriz,Convenio,Biobío,3051949,48,420000,0.1731,9,714,1251835,0,
B001021,2025-11-27,Consumo,Sucursal,Metropolitana,2862348,36,430195,0.2098,22,790,297117,0,
B001022,2025-03-15,Tarjeta,Convenio,Biobío,10039254,36,1122149,0.2741,35,847,5760388,0,
B001023,2025-09-11,Automotriz,Sucursal,Otras,2172313,24,420000,0.2581,36,823,1777138,0,
B001024,2025-09-25,Tarjeta,Sucursal,Metropolitana,3821878,60,1423939,0.0491,19,900,1998461,0,
B001025,2025-08-19,Tarjeta,Sucursal,Metropolitana,4286260,48,657588,0.1564,16,812,778400,0,
B001026,2025-06-29,Tarjeta,Digital,Otras,4193811,36,562186,0.2323,9,692,3177426,153,2026-02-24
B001027,2025-09-08,Tarjeta,Digital,Metropolitana,797899,12,420000,0.1727,37,811,432131,0,
B001028,2025-06-05,Tarjeta,Sucursal,Metropolitana,6100632,36,804685,0.2244,14,803,4536524,0,
B001029,2025-08-14,Consumo,Sucursal,Biobío,4617964,24,1173118,0.1887,29,868,2683545,0,
B001030,2025-11-01,Microempresa,Digital,Valparaíso,3833156,24,529778,0.3271,25,694,1490373,34,
B001031,2025-06-12,Automotriz,Sucursal,Metropolitana,1670153,36,506925,0.0998,26,880,838226,0,
B001032,2025-09-23,Tarjeta,Sucursal,Biobío,913352,24,420000,0.1042,29,785,369127,0,
B001033,2025-08-28,Tarjeta,Digital,Otras,1060458,36,544092,0.0657,18,817,586725,0,
B001034,2025-10-19,Consumo,Digital,Metropolitana,1262508,24,551147,0.115,42,796,526683,30,
B001035,2025-06-20,Automotriz,Sucursal,Metropolitana,4912397,36,602704,0.2594,5,778,1467943,0,
B001036,2025-08-29,Consumo,Digital,Metropolitana,2272306,60,670293,0.0659,15,876,297282,0,
B001037,2025-12-05,Microempresa,Digital,Otras,2205922,60,420000,0.1063,15,841,1378486,0,
B001038,2025-01-10,Tarjeta,Digital,Metropolitana,5044490,48,1142665,0.1047,33,872,2989368,0,
B001039,2025-12-16,Automotriz,Digital,Valparaíso,1412229,48,433293,0.0774,17,889,887457,0,
B001040,2025-03-30,Tarjeta,Digital,Otras,2382214,24,420000,0.2677,18,663,806268,0,
B001041,2025-11-08,Tarjeta,Digital,Metropolitana,2221544,24,420000,0.2444,18,712,2165574,90,2027-05-02
B001042,2025-06-23,Tarjeta,Digital,Metropolitana,8997384,48,1165983,0.1833,13,766,2690714,0,
B001043,2025-12-01,Tarjeta,Digital,Otras,2720120,36,638705,0.1375,11,812,320324,0,
B001044,2025-04-09,Consumo,Convenio,Biobío,3322747,18,420000,0.4986,19,667,2191543,0,
B001045,2025-05-29,Microempresa,Sucursal,Metropolitana,1557129,36,420000,0.1234,4,736,913840,20,
B001046,2025-06-28,Tarjeta,Sucursal,Metropolitana,2598117,48,420000,0.1504,22,807,1730419,0,
B001047,2025-03-07,Tarjeta,Sucursal,Biobío,15429404,48,2365849,0.1637,38,923,8795949,0,
B001048,2025-06-21,Consumo,Sucursal,Otras,2167880,36,420000,0.1588,12,841,914481,0,
B001049,2025-06-19,Automotriz,Digital,Valparaíso,5416498,12,770197,0.6226,29,626,4633310,264,2026-02-14
B001050,2025-05-08,Tarjeta,Convenio,Biobío,1632311,18,513926,0.204,39,881,1385713,0,
B001051,2025-09-22,Automotriz,Digital,Metropolitana,1257216,36,619688,0.0621,13,846,370077,0,
B001052,2025-08-18,Automotriz,Sucursal,Metropolitana,1805374,24,607565,0.1471,21,765,628735,0,
B001053,2025-02-19,Tarjeta,Sucursal,Otras,5611192,36,1012111,0.1769,31,768,1710066,0,
B001054,2025-09-29,Tarjeta,Sucursal,Valparaíso,1424395,60,426413,0.0643,19,782,861703,49,
B001055,2025-07-13,Consumo,Convenio,Otras,3398740,36,722705,0.1405,31,843,1519804,0,
B001056,2025-12-03,Tarjeta,Sucursal,Otras,1881176,18,881684,0.1371,9,827,480600,0,
B001057,2025-02-15,Automotriz,Digital,Metropolitana,985988,18,634287,0.105,24,884,472433,0,
B001058,2025-01-06,Microempresa,Digital,Valparaíso,4353993,60,1061154,0.0768,26,860,2250229,0,
B001059,2025-09-19,Microempresa,Digital,Metropolitana,4559540,18,617461,0.484,14,675,1144397,0,
B001060,2025-01-29,Consumo,Sucursal,Otras,2167667,36,420000,0.1547,23,785,1500830,56,
B001061,2025-04-22,Consumo,Sucursal,Metropolitana,3419096,24,445424,0.354,27,696,2699191,0,
B001062,2025-06-03,Consumo,Digital,Otras,1934294,36,753393,0.0764,12,811,1230525,0,
B001063,2025-02-18,Consumo,Sucursal,Biobío,1359496,18,601645,0.1359,43,768,1084329,0,
B001064,2025-07-03,Automotriz,Sucursal,Valparaíso,1560581,24,645714,0.1119,2,851,323337,0,
B001065,2025-04-08,Tarjeta,Convenio,Valparaíso,3242629,60,420000,0.1419,20,806,996731,0,
B001066,2025-11-06,Consumo,Digital,Metropolitana,2841884,48,420000,0.1626,11,742,2361202,23,
B001067,2025-08-30,Tarjeta,Sucursal,Valparaíso,2790714,12,516374,0.5367,18,631,1063014,56,
B001068,2025-06-04,Consumo,Sucursal,Valparaíso,2950653,24,420000,0.345,18,705,2230191,35,
B001069,2025-05-07,Tarjeta,Digital,Metropolitana,1347374,48,518263,0.059,12,747,1028800,0,
B001070,2025-11-01,Consumo,Convenio,Otras,5366088,18,619393,0.5377,30,647,3646991,90,2026-09-27
B001071,2025-03-29,Consumo,Convenio,Metropolitana,2743844,60,1527463,0.0331,13,910,625855,0,
B001072,2025-05-29,Consumo,Digital,Biobío,1669836,24,594693,0.1397,18,810,782361,0,
B001073,2025-03-18,Tarjeta,Sucursal,Otras,3188531,24,420000,0.3695,27,662,2593694,19,
B001074,2025-04-07,Tarjeta,Digital,Biobío,4844171,18,902401,0.3603,30,757,2067042,0,
B001075,2025-10-08,Tarjeta,Digital,Biobío,3084740,24,539513,0.2857,36,701,2357400,91,2026-05-06
B001076,2025-08-06,Automotriz,Sucursal,Metropolitana,2339315,60,420000,0.1096,7,774,1883891,35,
B001077,2025-06-13,Consumo,Convenio,Metropolitana,1534233,18,575892,0.1616,3,800,591865,0,
B001078,2025-07-18,Automotriz,Digital,Metropolitana,2792516,36,420000,0.1985,27,798,1674978,81,
B001079,2025-11-03,Microempresa,Digital,Biobío,6464859,48,1366033,0.1075,25,829,911130,66,
B001080,2025-12-29,Microempresa,Digital,Otras,3751932,48,536650,0.1716,15,797,2840951,0,
B001081,2025-04-06,Consumo,Convenio,Biobío,1353784,24,510361,0.1241,4,758,1053970,64,
B001082,2025-01-17,Tarjeta,Sucursal,Biobío,1652989,36,457663,0.1132,65,877,1000734,0,
B001083,2025-07-30,Consumo,Digital,Biobío,6115205,48,692808,0.1959,37,804,3190243,0,
B001084,2025-05-02,Microempresa,Digital,Otras,1213102,60,420000,0.0556,27,785,356116,0,
B001085,2025-01-11,Consumo,Digital,Valparaíso,2031725,36,640907,0.1033,38,791,1197454,53,
B001086,2025-07-08,Consumo,Digital,Otras,2493892,60,454986,0.1037,27,856,2055163,0,
B001087,2025-01-07,Consumo,Convenio,Valparaíso,1849501,48,497135,0.085,22,850,397797,0,
B001088,2025-11-04,Consumo,Sucursal,Biobío,1947638,12,671782,0.2893,39,806,319974,0,
B001089,2025-05-13,Automotriz,Convenio,Valparaíso,2992062,36,420000,0.239,30,781,1989992,90,2026-03-09
B001090,2025-03-18,Automotriz,Digital,Biobío,5151450,48,738229,0.1646,20,824,2619655,79,
B001091,2025-02-13,Consumo,Sucursal,Metropolitana,869389,36,691189,0.041,17,867,671133,0,
B001092,2025-03-13,Microempresa,Convenio,Metropolitana,1149529,36,420000,0.0833,45,827,157880,0,
B001093,2025-02-08,Tarjeta,Convenio,Valparaíso,1811119,18,789329,0.1425,29,860,761203,0,
B001094,2025-02-21,Consumo,Digital,Otras,6409717,12,876810,0.6784,15,579,4794138,90,2025-12-18
B001095,2025-01-28,Consumo,Digital,Biobío,3017243,36,477935,0.1871,12,755,1894637,0,
B001096,2025-07-23,Tarjeta,Sucursal,Metropolitana,1357614,36,420000,0.1033,47,805,1015094,0,
B001097,2025-11-02,Automotriz,Digital,Metropolitana,2943356,48,977933,0.0732,8,869,2304855,192,2027-09-23
B001098,2025-07-12,Tarjeta,Convenio,Biobío,1168560,48,535458,0.0544,17,858,224214,0,
B001099,2025-09-02,Consumo,Sucursal,Metropolitana,6845675,12,1415880,0.4699,12,735,4712928,45,
B001100,2025-12-13,Tarjeta,Digital,Biobío,4564907,36,511532,0.2885,30,737,2914513,0,
B001101,2025-02-19,Consumo,Convenio,Metropolitana,3092464,36,487634,0.1983,36,824,2315522,0,
B001102,2025-01-13,Microempresa,Sucursal,Metropolitana,2354523,24,577689,0.2004,16,825,1439509,0,
B001103,2025-06-25,Consumo,Sucursal,Otras,766003,36,635714,0.0372,13,812,351821,0,
B001104,2025-09-06,Automotriz,Digital,Metropolitana,7452990,12,1041606,0.6991,4,561,4861468,153,2027-03-30
B001105,2025-01-21,Automotriz,Digital,Otras,2519765,60,420000,0.1164,15,819,747821,0,
B001106,2025-08-13,Consumo,Sucursal,Biobío,2884397,60,516048,0.1023,16,831,1325995,0,
B001107,2025-11-16,Microempresa,Sucursal,Biobío,1911003,36,475016,0.1355,8,795,1222792,72,
B001108,2025-08-01,Consumo,Sucursal,Metropolitana,929602,36,749367,0.0377,10,880,735339,0,
B001109,2025-06-21,Microempresa,Digital,Metropolitana,5286668,24,677265,0.3571,13,641,3649317,0,
B001110,2025-06-18,Tarjeta,Convenio,Otras,4603020,36,1224151,0.1142,37,891,2607744,0,
B001111,2025-05-05,Consumo,Digital,Valparaíso,4616663,48,755950,0.1481,11,748,1087184,74,
B001112,2025-07-04,Tarjeta,Sucursal,Valparaíso,4062157,60,568743,0.1425,20,792,1576487,0,
B001113,2025-03-21,Consumo,Digital,Otras,1980858,36,655881,0.0903,14,794,731417,76,
B001114,2025-03-14,Automotriz,Digital,Otras,1583667,36,498351,0.1006,6,859,298009,10,
B001115,2025-05-13,Consumo,Sucursal,Otras,3427354,60,782144,0.0846,21,870,966567,0,
B001116,2025-06-11,Microempresa,Sucursal,Biobío,2227399,36,797916,0.0868,10,875,1502008,0,
B001117,2025-03-11,Consumo,Digital,Metropolitana,2281751,48,660928,0.0778,51,940,1199838,0,
B001118,2025-10-11,Consumo,Sucursal,Otras,1705381,48,420000,0.0941,28,879,996985,0,
B001119,2025-11-27,Consumo,Digital,Metropolitana,1552532,24,908737,0.0827,43,880,741036,53,
B001120,2025-05-02,Tarjeta,Convenio,Metropolitana,7335790,60,1328170,0.1095,18,896,3707207,0,
B001121,2025-02-16,Consumo,Sucursal,Metropolitana,3323786,36,420000,0.2399,23,783,1696735,0,
B001122,2025-07-10,Automotriz,Sucursal,Biobío,5859742,24,983711,0.2634,50,829,885080,0,
B001123,2025-12-26,Tarjeta,Sucursal,Otras,1779872,36,420000,0.1296,11,788,314283,0,
B001124,2025-10-12,Tarjeta,Convenio,Biobío,3946092,12,779197,0.4623,5,670,1440237,76,
B001125,2025-10-13,Consumo,Sucursal,Metropolitana,5841992,12,1025304,0.5697,30,708,1436993,0,
B001126,2025-07-29,Consumo,Sucursal,Metropolitana,1453059,48,420000,0.0827,39,872,1227855,0,
B001127,2025-01-21,Automotriz,Sucursal,Otras,866189,36,473265,0.0561,24,866,683029,0,
B001128,2025-04-24,Automotriz,Sucursal,Metropolitana,3195813,24,574097,0.2813,30,824,692964,0,
B001129,2025-05-03,Consumo,Digital,Valparaíso,4180443,18,971307,0.2636,10,795,1120002,0,
B001130,2025-07-22,Tarjeta,Sucursal,Biobío,1574332,12,420000,0.3765,6,672,775741,76,
B001131,2025-08-08,Automotriz,Sucursal,Metropolitana,5923812,24,816333,0.3221,12,717,3926745,90,2026-07-04
B001132,2025-06-12,Tarjeta,Digital,Otras,7415208,18,1064625,0.4293,10,691,1085079,0,
B001133,2025-09-07,Consumo,Sucursal,Metropolitana,2159840,12,1391409,0.1572,11,840,1049072,0,
B001134,2025-06-29,Consumo,Sucursal,Biobío,3008295,12,553426,0.491,18,691,307996,0,
B001135,2025-01-27,Consumo,Digital,Biobío,2410316,24,778149,0.1454,17,809,1115322,0,
B001136,2025-02-04,Automotriz,Digital,Valparaíso,7316949,12,999536,0.7027,12,584,7125954,90,2026-01-30
B001137,2025-09-17,Consumo,Sucursal,Metropolitana,2780051,48,475431,0.1361,25,822,364567,0,
B001138,2025-04-29,Consumo,Digital,Otras,1423126,60,678367,0.0424,31,913,1186037,81,
B001139,2025-10-22,Tarjeta,Digital,Otras,5040897,60,653183,0.1414,31,761,3809756,147,2026-10-17
B001140,2025-05-16,Tarjeta,Sucursal,Metropolitana,3536772,18,420000,0.4961,16,634,2460900,158,2028-03-01
B001141,2025-05-18,Automotriz,Convenio,Metropolitana,2740285,24,420000,0.3096,19,699,290965,0,
B001142,2025-01-19,Microempresa,Sucursal,Metropolitana,1108524,36,420000,0.082,18,805,625154,0,
B001143,2025-03-12,Consumo,Convenio,Metropolitana,5467662,48,661162,0.1981,19,773,3464498,0,
B001144,2025-04-16,Consumo,Sucursal,Valparaíso,2808429,48,420000,0.1518,16,777,2698798,115,2025-11-12
B001145,2025-08-16,Consumo,Convenio,Otras,575993,60,420000,0.0275,14,820,202360,0,
B001146,2025-01-16,Automotriz,Sucursal,Metropolitana,1384070,48,420000,0.0774,20,796,780331,0,
B001147,2025-01-07,Tarjeta,Sucursal,Metropolitana,2333614,60,420000,0.1105,23,816,1198253,50,
B001148,2025-08-09,Consumo,Digital,Metropolitana,1250277,18,420000,0.1887,9,728,875319,101,2025-11-07
B001149,2025-05-17,Tarjeta,Convenio,Metropolitana,6036452,36,742453,0.2513,12,817,4342084,0,
B001150,2025-09-07,Tarjeta,Digital,Otras,1037420,48,420000,0.0621,5,742,255458,0,
B001151,2025-05-26,Consumo,Sucursal,Otras,3662986,36,420000,0.2605,20,778,1065665,0,
B001152,2025-05-30,Consumo,Digital,Metropolitana,1633153,24,725068,0.1036,31,832,371115,0,
B001153,2025-05-18,Microempresa,Convenio,Metropolitana,3720715,36,420000,0.2608,22,738,2781274,90,2027-09-05
B001154,2025-07-23,Tarjeta,Sucursal,Otras,901184,36,420000,0.0671,27,795,359031,0,
B001155,2025-07-08,Automotriz,Digital,Valparaíso,4217086,24,495009,0.4285,26,689,3062008,51,
B001156,2025-08-03,Tarjeta,Digital,Metropolitana,6405641,48,845688,0.1875,37,766,2375172,0,
B001157,2025-02-20,Automotriz,Sucursal,Valparaíso,12760789,60,1779109,0.1287,30,875,7570013,0,
B001158,2025-09-19,Tarjeta,Convenio,Metropolitana,3283948,24,458073,0.3459,13,694,2303271,90,2026-02-16
B001159,2025-02-19,Automotriz,Sucursal,Metropolitana,5819914,18,740515,0.5234,24,682,5381080,90,2026-09-12
B001160,2025-12-04,Consumo,Digital,Valparaíso,6192940,24,1439359,0.2094,6,797,3145830,0,
B001161,2025-03-09,Microempresa,Sucursal,Metropolitana,1015378,18,503039,0.1336,19,786,281152,0,
B001162,2025-08-14,Consumo,Digital,Biobío,11159705,48,1897328,0.1482,22,885,9867593,380,2026-09-08
B001163,2025-11-10,Automotriz,Digital,Valparaíso,1789696,24,682278,0.1164,57,926,991279,0,
B001164,2025-08-13,Consumo,Convenio,Metropolitana,1305012,24,612272,0.0947,15,846,651026,0,
B001165,2025-04-30,Consumo,Convenio,Metropolitana,3645508,24,482838,0.3763,43,789,2585621,0,
B001166,2025-09-02,Consumo,Sucursal,Metropolitana,1744021,24,469166,0.1721,21,805,350241,0,
B001167,2025-09-29,Tarjeta,Convenio,Otras,1139631,24,691210,0.081,51,945,137860,31,
B001168,2025-04-21,Automotriz,Sucursal,Biobío,2494146,60,475914,0.0929,9,805,366038,0,
B001169,2025-01-15,Microempresa,Sucursal,Metropolitana,3164126,36,432089,0.2278,25,795,429777,0,
B001170,2025-05-11,Automotriz,Convenio,Valparaíso,10604853,24,1260553,0.3766,21,745,5307021,0,
B001171,2025-01-13,Tarjeta,Sucursal,Metropolitana,2082386,18,846072,0.148,79,944,1130565,0,
B001172,2025-05-08,Consumo,Sucursal,Metropolitana,2913281,18,607770,0.3224,26,722,1450107,0,
B001173,2025-11-24,Microempresa,Convenio,Biobío,8258685,36,1050665,0.2321,6,713,5357019,79,
B001174,2025-02-19,Microempresa,Sucursal,Metropolitana,3058793,48,452017,0.1669,16,801,874747,0,
B001175,2025-04-30,Tarjeta,Sucursal,Metropolitana,1391503,12,703428,0.1998,6,804,1254775,90,2025-05-30
B001176,2025-01-19,Consumo,Sucursal,Otras,1280889,36,468041,0.0911,25,809,695938,0,
B001177,2025-01-14,Automotriz,Digital,Metropolitana,1421021,24,993622,0.0687,9,809,650324,0,
B001178,2025-11-05,Tarjeta,Convenio,Metropolitana,4436720,48,868224,0.1275,5,843,1940712,0,
B001179,2025-12-07,Consumo,Digital,Metropolitana,5438236,18,738089,0.4458,14,680,2408021,0,
B001180,2025-12-09,Consumo,Digital,Metropolitana,640646,48,420000,0.0363,24,832,219408,0,
B001181,2025-11-07,Automotriz,Convenio,Valparaíso,2665245,60,721158,0.0686,10,860,1225982,0,
B001182,2025-03-14,Automotriz,Digital,Otras,800872,12,461682,0.1763,16,747,242214,0,
B001183,2025-05-20,Consumo,Digital,Otras,2459044,18,420000,0.3923,9,689,1437007,31,
B001184,2025-09-20,Consumo,Convenio,Valparaíso,3007180,48,420000,0.1659,25,797,1665813,0,
B001185,2025-09-02,Consumo,Convenio,Biobío,1598805,36,420000,0.127,23,828,1024134,23,
B001186,2025-09-09,Consumo,Sucursal,Biobío,12177106,24,2626243,0.2081,9,803,2722322,0,
B001187,2025-02-17,Consumo,Sucursal,Metropolitana,3748155,36,420000,0.2721,12,751,815303,0,
B001188,2025-07-23,Automotriz,Sucursal,Metropolitana,3262027,48,584251,0.134,34,831,2054579,0,
B001189,2025-03-15,Microempresa,Digital,Metropolitana,10281448,24,1181876,0.435,25,791,3970603,15,
B001190,2025-02-10,Consumo,Digital,Valparaíso,3557195,36,420000,0.2526,41,803,1658259,0,
B001191,2025-05-10,Consumo,Sucursal,Valparaíso,4895804,36,615682,0.2366,5,704,2194913,0,
B001192,2025-10-17,Tarjeta,Convenio,Otras,954838,36,482744,0.062,20,884,538350,0,
B001193,2025-10-30,Consumo,Digital,Metropolitana,2756107,60,448480,0.1149,24,826,2000034,0,
B001194,2025-10-14,Automotriz,Sucursal,Metropolitana,1913500,36,420000,0.1396,9,800,1597816,0,
B001195,2025-06-08,Tarjeta,Sucursal,Metropolitana,7889146,36,1289262,0.1835,72,947,2860776,0,
B001196,2025-01-11,Microempresa,Sucursal,Valparaíso,3524412,60,735891,0.0858,26,912,1676778,0,
B001197,2025-11-04,Consumo,Digital,Metropolitana,3596853,60,1771696,0.0372,41,911,1270868,0,
B001198,2025-09-24,Consumo,Digital,Biobío,14398659,36,1639173,0.2799,3,854,2008661,0,
B001199,2025-10-01,Microempresa,Sucursal,Otras,1585339,36,548703,0.0963,26,838,724959,0,
B001200,2025-02-19,Microempresa,Sucursal,Valparaíso,5526263,18,768950,0.4587,17,663,2758564,0,
B001201,2025-05-21,Consumo,Sucursal,Biobío,2117635,24,923434,0.1055,46,852,1201443,0,
B001202,2025-05-01,Consumo,Sucursal,Otras,3050941,24,420000,0.3337,9,726,2352507,8,
B001203,2025-03-19,Consumo,Sucursal,Metropolitana,1734430,36,549062,0.1035,7,822,1152288,0,
B001204,2025-07-01,Consumo,Digital,Metropolitana,7565226,18,1177462,0.4276,12,674,2935341,18,
B001205,2025-10-05,Consumo,Digital,Metropolitana,7495182,60,3010094,0.045,13,889,6258972,0,
B001206,2025-01-10,Consumo,Convenio,Valparaíso,4744482,48,607889,0.1824,16,799,3084192,0,
B001207,2025-02-13,Consumo,Sucursal,Valparaíso,1155360,24,517789,0.1082,11,806,348163,0,
B001208,2025-06-15,Tarjeta,Digital,Valparaíso,6282919,60,922601,0.1263,17,821,1871021,0,
B001209,2025-04-13,Consumo,Sucursal,Otras,14605540,48,2247502,0.1633,14,898,3457010,0,
B001210,2025-09-27,Automotriz,Sucursal,Metropolitana,3611457,60,683369,0.1049,21,828,1222851,0,
B001211,2025-09-25,Consumo,Digital,Metropolitana,591086,24,420000,0.0698,13,742,473812,0,
B001212,2025-10-06,Microempresa,Digital,Metropolitana,4010542,24,676413,0.3003,24,809,2740035,0,
B001213,2025-12-02,Tarjeta,Sucursal,Metropolitana,1243141,24,420000,0.1414,5,775,1218069,194,2026-07-30
B001214,2025-02-24,Consumo,Digital,Otras,2908482,36,875023,0.1105,42,878,512853,0,
B001215,2025-12-25,Automotriz,Digital,Metropolitana,10646583,36,1675584,0.1987,8,845,6659471,0,
B001216,2025-01-31,Consumo,Convenio,Valparaíso,5954213,36,776669,0.2478,24,809,3638750,0,
B001217,2025-06-25,Microempresa,Digital,Otras,2557223,48,482206,0.1343,19,795,812848,0,
B001218,2025-11-19,Tarjeta,Digital,Metropolitana,5740103,24,898452,0.3153,27,678,3590269,259,2027-08-11
B001219,2025-08-02,Tarjeta,Sucursal,Metropolitana,2315318,36,665281,0.1167,7,763,1937788,0,
B001220,2025-06-01,Consumo,Digital,Metropolitana,5954818,24,750671,0.3671,17,668,974871,0,
B001221,2025-12-25,Consumo,Sucursal,Otras,6409099,60,860427,0.1377,16,820,2064813,0,
B001222,2025-08-05,Tarjeta,Convenio,Metropolitana,561593,48,454566,0.0275,10,780,254701,0,
B001223,2025-11-11,Consumo,Digital,Valparaíso,6909677,24,819457,0.3858,13,752,2220969,43,
B001224,2025-12-21,Consumo,Sucursal,Valparaíso,1713306,60,420000,0.0768,17,797,968489,0,
B001225,2025-12-21,Tarjeta,Digital,Valparaíso,1957244,36,719665,0.091,9,791,1034786,0,
B001226,2025-02-15,Consumo,Sucursal,Otras,3263053,36,420000,0.2438,12,639,1989826,228,2026-01-11
B001227,2025-05-25,Consumo,Digital,Metropolitana,9456092,18,1263301,0.4913,15,711,7937920,90,2026-01-20
B001228,2025-01-25,Consumo,Sucursal,Otras,6997316,60,1009407,0.1258,19,804,1796774,0,
B001229,2025-08-09,Consumo,Sucursal,Metropolitana,3610047,48,875119,0.0945,4,905,416373,0,
B001230,2025-03-04,Automotriz,Sucursal,Otras,8056811,48,1517494,0.1261,18,851,4131879,0,
B001231,2025-09-28,Consumo,Sucursal,Otras,4088951,36,640437,0.2029,45,834,2916243,90,2025-11-27
B001232,2025-01-04,Tarjeta,Sucursal,Biobío,1584620,60,420000,0.0751,16,817,947416,0,
B001233,2025-02-21,Microempresa,Convenio,Metropolitana,6609268,24,997030,0.3234,26,745,5260086,3,
B001234,2025-10-06,Tarjeta,Sucursal,Metropolitana,1934374,18,420000,0.2937,2,698,1770832,228,2026-05-04
B001235,2025-05-29,Consumo,Sucursal,Biobío,1161707,60,772009,0.028,28,938,125940,0,
B001236,2025-02-04,Microempresa,Digital,Biobío,3099283,24,526514,0.2793,14,782,2003037,0,
B001237,2025-01-18,Consumo,Digital,Biobío,16902522,24,2133643,0.379,24,719,2540299,0,
B001238,2025-09-05,Tarjeta,Sucursal,Valparaíso,3049736,60,482245,0.1199,38,835,2284116,0,
B001239,2025-12-09,Tarjeta,Sucursal,Valparaíso,1061123,48,449243,0.0572,27,875,703920,0,
B001240,2025-02-01,Tarjeta,Convenio,Metropolitana,3438487,24,630702,0.2674,18,727,1968406,0,
B001241,2025-04-04,Consumo,Convenio,Otras,2209472,48,431719,0.1273,37,849,896359,0,
B001242,2025-04-01,Consumo,Sucursal,Metropolitana,13979451,18,1674803,0.5498,39,743,9020649,0,
B001243,2025-02-22,Consumo,Convenio,Valparaíso,2720704,48,432961,0.1494,35,813,1009261,0,
B001244,2025-12-16,Consumo,Digital,Metropolitana,5449400,60,992448,0.1017,25,918,4345229,0,
B001245,2025-11-10,Tarjeta,Convenio,Metropolitana,2082742,24,564525,0.1775,37,832,1911448,90,2026-05-09
B001246,2025-12-28,Tarjeta,Digital,Metropolitana,6005833,36,972309,0.2087,16,770,4222205,153,2026-06-26
B001247,2025-09-15,Tarjeta,Sucursal,Metropolitana,987595,12,570774,0.1538,7,718,592117,0,
B001248,2025-08-18,Microempresa,Sucursal,Metropolitana,4182545,48,492236,0.2046,17,811,2218660,0,
B001249,2025-11-05,Tarjeta,Sucursal,Metropolitana,4752822,48,837037,0.1357,28,822,3734185,0,
B001250,2025-02-01,Tarjeta,Digital,Metropolitana,6895682,36,873421,0.2501,6,724,1354857,0,
B001251,2025-12-22,Consumo,Convenio,Otras,6209727,24,1301645,0.2356,12,853,1637897,0,
B001252,2025-05-06,Tarjeta,Sucursal,Metropolitana,3986902,24,462756,0.4209,23,705,2392739,0,
B001253,2025-01-03,Tarjeta,Digital,Valparaíso,2487613,24,588305,0.2052,44,853,652802,0,
B001254,2025-05-12,Tarjeta,Convenio,Otras,1954559,48,420000,0.1134,20,798,1858546,90,2025-07-11
B001255,2025-05-19,Automotriz,Sucursal,Biobío,10802408,48,1525409,0.1798,13,861,4831329,0,
B001256,2025-11-04,Consumo,Sucursal,Biobío,1382307,48,424881,0.0813,45,895,527420,0,
B001257,2025-03-30,Consumo,Convenio,Biobío,3567961,36,695954,0.1609,44,868,942666,0,
B001258,2025-01-22,Consumo,Digital,Otras,4429217,36,699149,0.213,16,794,2748661,0,
B001259,2025-02-13,Microempresa,Sucursal,Metropolitana,4527102,12,1350779,0.3277,16,813,1471431,0,
B001260,2025-10-31,Automotriz,Digital,Valparaíso,2809704,60,420000,0.1235,29,824,1708769,225,2026-02-28
B001261,2025-03-10,Tarjeta,Sucursal,Metropolitana,3417899,24,420000,0.3961,24,680,1936695,102,2026-01-04
B001262,2025-01-05,Microempresa,Digital,Biobío,2142212,24,1196582,0.0879,32,908,1248236,0,
B001263,2025-09-15,Consumo,Digital,Biobío,3796895,48,948170,0.0914,37,867,2048908,0,
B001264,2025-07-31,Tarjeta,Sucursal,Valparaíso,4479128,60,604412,0.1323,27,850,2111627,22,
B001265,2025-01-24,Tarjeta,Sucursal,Otras,4040716,48,610619,0.1582,33,789,3221108,0,
B001266,2025-12-30,Tarjeta,Digital,Metropolitana,2970389,36,463129,0.2097,7,734,804509,0,
B001267,2025-12-04,Microempresa,Sucursal,Biobío,4001894,36,484120,0.2604,30,755,1014627,0,
B001268,2025-03-27,Consumo,Digital,Valparaíso,3406421,48,420000,0.1906,38,790,1691721,0,
B001269,2025-07-06,Consumo,Digital,Otras,1164661,60,613634,0.0351,7,810,952709,0,
B001270,2025-10-07,Consumo,Sucursal,Otras,3212006,24,420000,0.3422,31,709,3035928,152,2025-12-06
B001271,2025-05-02,Consumo,Digital,Metropolitana,4477712,12,796185,0.4995,31,747,3794850,0,
B001272,2025-05-24,Consumo,Sucursal,Biobío,2314984,60,591571,0.072,11,806,1212679,0,
B001273,2025-06-11,Microempresa,Sucursal,Metropolitana,4150820,36,499686,0.2574,7,727,2681432,0,
B001274,2025-06-07,Consumo,Sucursal,Otras,1850160,48,453243,0.1035,5,851,642781,17,
B001275,2025-09-30,Consumo,Convenio,Valparaíso,6307735,24,1105049,0.2536,18,796,3653493,0,
B001276,2025-04-18,Consumo,Digital,Otras,5711573,36,1206751,0.1531,19,890,1586803,0,
B001277,2025-12-25,Tarjeta,Convenio,Otras,1587352,60,542081,0.055,31,853,1318707,188,2026-11-20
B001278,2025-09-15,Consumo,Digital,Biobío,2232321,36,420000,0.1692,15,736,941364,0,
B001279,2025-01-05,Automotriz,Sucursal,Metropolitana,1649118,48,504167,0.0785,5,851,847825,0,
B001280,2025-03-19,Automotriz,Sucursal,Valparaíso,1951721,24,469019,0.1977,9,729,668226,0,
B001281,2025-09-29,Consumo,Sucursal,Otras,1515614,36,481696,0.0941,17,835,709548,0,
B001282,2025-05-14,Automotriz,Digital,Metropolitana,1888754,24,576080,0.1656,14,783,724751,0,
B001283,2025-05-14,Consumo,Digital,Valparaíso,4385281,18,547396,0.5149,34,670,3448550,203,2025-11-10
B001284,2025-04-17,Consumo,Digital,Metropolitana,1648559,36,656743,0.0847,14,821,623627,0,
B001285,2025-06-05,Consumo,Sucursal,Biobío,5941447,36,958601,0.2,38,892,2898513,0,
B001286,2025-11-20,Microempresa,Sucursal,Biobío,3868020,36,544961,0.2236,28,825,1183382,0,
B001287,2025-03-25,Consumo,Convenio,Biobío,1722020,60,460163,0.0744,7,800,1471785,243,2025-10-21
B001288,2025-10-11,Automotriz,Digital,Metropolitana,3943652,48,645297,0.148,22,807,2163642,0,
B001289,2025-10-14,Tarjeta,Digital,Biobío,6403570,36,966080,0.1954,14,839,2755205,0,
B001290,2025-01-03,Consumo,Convenio,Valparaíso,1977917,24,1067699,0.0882,20,787,1470484,0,
B001291,2025-06-15,Tarjeta,Digital,Otras,1149692,36,515383,0.0707,16,782,372079,0,
B001292,2025-03-09,Consumo,Digital,Otras,3140501,36,420000,0.2342,13,714,1939239,0,
B001293,2025-12-05,Consumo,Sucursal,Otras,2473835,48,467758,0.1174,33,810,1152538,0,
B001294,2025-12-12,Consumo,Convenio,Otras,2589747,60,556036,0.0901,46,950,1965099,0,
B001295,2025-09-19,Automotriz,Digital,Metropolitana,8952184,48,1005649,0.2071,11,781,4127060,0,
B001296,2025-06-17,Automotriz,Convenio,Otras,3308101,48,420000,0.1882,21,754,2583336,211,2026-10-10
B001297,2025-10-01,Microempresa,Sucursal,Otras,2064160,12,581705,0.3505,41,710,791725,0,
B001298,2025-12-04,Tarjeta,Sucursal,Metropolitana,17162626,60,2211453,0.1493,24,880,9198680,0,
B001299,2025-05-27,Tarjeta,Digital,Metropolitana,1410462,36,420000,0.1082,17,718,382710,0,
B001300,2025-08-15,Consumo,Sucursal,Biobío,4739900,48,978139,0.108,61,922,3359526,0,
B001301,2025-12-02,Tarjeta,Sucursal,Metropolitana,11256873,24,2312639,0.235,14,790,9170271,0,
B001302,2025-07-28,Consumo,Digital,Metropolitana,1197118,48,605517,0.05,19,858,994617,0,
B001303,2025-07-23,Automotriz,Convenio,Otras,6600250,48,922050,0.1704,44,913,1415180,0,
B001304,2025-05-23,Consumo,Sucursal,Valparaíso,10214821,48,1260254,0.1975,43,918,5434202,0,
B001305,2025-08-03,Consumo,Sucursal,Metropolitana,2892993,60,495518,0.1067,60,940,1730051,0,
B001306,2025-06-14,Automotriz,Sucursal,Metropolitana,1269360,18,536276,0.1458,15,764,539112,64,
B001307,2025-03-24,Automotriz,Convenio,Metropolitana,1337357,12,661382,0.1995,8,735,1014845,0,
B001308,2025-07-28,Tarjeta,Sucursal,Metropolitana,7818674,36,1212963,0.2042,23,851,4272202,0,
B001309,2025-02-08,Consumo,Sucursal,Biobío,4644916,48,1552126,0.0661,28,881,931518,0,
B001310,2025-03-30,Tarjeta,Digital,Biobío,3712736,48,551594,0.1505,23,828,1624276,0,
B001311,2025-05-31,Consumo,Sucursal,Metropolitana,7656678,36,1338461,0.1851,18,828,2932795,0,
B001312,2025-10-22,Consumo,Digital,Metropolitana,3470162,48,420000,0.2003,17,703,1913973,188,2026-03-21
B001313,2025-09-19,Tarjeta,Digital,Metropolitana,2712033,36,970972,0.0932,18,803,467654,88,
B001314,2025-02-09,Consumo,Convenio,Metropolitana,3676836,36,420000,0.2581,55,747,1660736,23,
B001315,2025-02-12,Consumo,Digital,Otras,1670836,24,420000,0.1994,23,761,1534523,90,2025-09-10
B001316,2025-10-16,Consumo,Sucursal,Metropolitana,2768324,24,482790,0.28,24,794,564816,76,
B001317,2025-07-12,Tarjeta,Convenio,Metropolitana,3105878,24,992899,0.1588,30,880,404096,0,
B001318,2025-04-05,Tarjeta,Digital,Otras,7404347,36,3224250,0.075,5,881,2732094,0,
B001319,2025-01-18,Consumo,Sucursal,Metropolitana,6182331,36,921842,0.206,21,881,1513427,0,
B001320,2025-12-29,Microempresa,Digital,Metropolitana,619577,24,420000,0.0676,13,789,472331,0,
B001321,2025-04-16,Tarjeta,Digital,Otras,3054540,24,815453,0.1889,11,821,1346858,26,
B001322,2025-12-08,Automotriz,Digital,Otras,878973,24,655943,0.0604,37,824,150923,0,
B001323,2025-04-04,Tarjeta,Convenio,Metropolitana,1630642,36,476082,0.1157,26,877,924923,0,
B001324,2025-12-11,Consumo,Digital,Metropolitana,4092182,36,510209,0.2508,11,704,420475,0,
B001325,2025-11-22,Automotriz,Convenio,Otras,4430521,24,730828,0.3048,42,786,1663149,0,
B001326,2025-07-09,Consumo,Sucursal,Metropolitana,6090360,48,812249,0.1859,11,804,3507038,3,
B001327,2025-01-11,Tarjeta,Sucursal,Metropolitana,3907804,48,682557,0.1439,17,789,1912657,0,
B001328,2025-12-04,Microempresa,Sucursal,Metropolitana,6480779,48,786515,0.2072,42,816,5664719,100,2026-04-03
B001329,2025-04-05,Automotriz,Digital,Otras,6246367,36,917449,0.2015,18,808,2338181,0,
B001330,2025-08-27,Tarjeta,Convenio,Metropolitana,3923936,48,556791,0.1664,14,753,1650246,0,
B001331,2025-04-26,Consumo,Convenio,Valparaíso,3653459,18,488103,0.4512,4,649,2762849,191,2025-07-25
B001332,2025-10-22,Consumo,Convenio,Otras,1362936,36,762903,0.0575,29,850,1017892,226,2027-01-15
B001333,2025-01-16,Automotriz,Digital,Metropolitana,7513919,24,982369,0.3406,4,725,2733028,0,
B001334,2025-02-20,Automotriz,Sucursal,Otras,6115046,36,711240,0.2634,40,839,3170432,0,
B001335,2025-01-19,Automotriz,Sucursal,Otras,9004079,48,1022760,0.2104,21,826,5801438,0,
B001336,2025-08-17,Automotriz,Sucursal,Metropolitana,2207496,36,808616,0.0812,24,886,637123,0,
B001337,2025-09-03,Automotriz,Convenio,Metropolitana,9876647,24,1270174,0.3766,19,829,2703394,0,
B001338,2025-07-28,Automotriz,Convenio,Metropolitana,4550336,24,699488,0.3253,18,768,1788097,0,
B001339,2025-12-07,Tarjeta,Sucursal,Metropolitana,4921656,60,727557,0.1345,31,834,3617942,0,
B001340,2025-01-28,Consumo,Convenio,Metropolitana,5513849,36,656654,0.2745,11,725,4362297,0,
B001341,2025-05-26,Consumo,Sucursal,Biobío,9705351,60,1621457,0.1176,8,857,5569721,0,
B001342,2025-01-04,Consumo,Sucursal,Otras,5445907,24,660300,0.3919,10,733,3538926,46,
B001343,2025-07-04,Consumo,Digital,Metropolitana,1131877,36,420000,0.0893,55,896,663619,0,
B001344,2025-10-18,Automotriz,Convenio,Metropolitana,2606059,24,420000,0.3021,29,711,347167,71,
B001345,2025-03-05,Consumo,Digital,Valparaíso,6484765,48,880695,0.1702,22,814,3352151,18,
B001346,2025-11-27,Consumo,Convenio,Otras,5503789,48,682631,0.2016,15,826,2500872,0,
B001347,2025-08-12,Automotriz,Sucursal,Valparaíso,1221147,18,567119,0.1284,18,850,862743,0,
B001348,2025-07-05,Consumo,Sucursal,Valparaíso,3734555,48,545495,0.1639,29,857,539008,0,
B001349,2025-10-08,Consumo,Sucursal,Metropolitana,2057112,48,633990,0.0777,25,905,984757,0,
B001350,2025-02-19,Microempresa,Sucursal,Metropolitana,1569728,36,420000,0.1141,12,822,1250639,0,
B001351,2025-07-22,Automotriz,Digital,Valparaíso,2358335,36,472968,0.1656,37,843,2179892,192,2026-05-18
B001352,2025-06-21,Microempresa,Digital,Metropolitana,3911713,36,1209529,0.1072,20,891,636775,0,
B001353,2025-09-26,Consumo,Sucursal,Otras,5225679,36,746590,0.2305,8,749,2759183,0,
B001354,2025-08-26,Tarjeta,Sucursal,Otras,4785684,24,1682480,0.1406,22,846,2532366,0,
B001355,2025-08-29,Consumo,Convenio,Metropolitana,14852969,18,1933957,0.502,27,802,6338094,0,
B001356,2025-05-19,Tarjeta,Digital,Otras,2766721,12,420000,0.6546,35,512,2334348,387,2025-10-16
B001357,2025-11-02,Consumo,Sucursal,Metropolitana,5266531,18,762609,0.4473,23,710,3702769,0,
B001358,2025-08-17,Consumo,Digital,Valparaíso,2131875,36,454133,0.1574,7,861,1432765,90,2026-11-10
B001359,2025-02-13,Tarjeta,Sucursal,Otras,6549136,60,899372,0.1403,13,763,5803886,259,2026-07-08
B001360,2025-12-14,Microempresa,Sucursal,Metropolitana,2921933,36,765563,0.1273,20,842,2244082,0,
B001361,2025-10-07,Consumo,Convenio,Metropolitana,2667369,24,431760,0.2736,42,861,1960955,258,2027-07-29
B001362,2025-07-15,Consumo,Sucursal,Metropolitana,1112163,18,420000,0.1726,13,782,838137,0,
B001363,2025-09-23,Consumo,Digital,Otras,2963586,24,420000,0.3455,13,693,1435563,0,
B001364,2025-12-15,Microempresa,Convenio,Metropolitana,3843904,36,667263,0.1711,49,843,2797473,0,
B001365,2025-08-27,Consumo,Convenio,Otras,2765722,24,420000,0.3199,18,761,1807668,105,2026-09-21
B001366,2025-12-04,Automotriz,Convenio,Metropolitana,4591768,60,750966,0.1167,35,885,3152988,27,
B001367,2025-07-27,Microempresa,Digital,Valparaíso,3179556,18,420000,0.4575,13,586,2161730,115,2027-08-16
B001368,2025-12-11,Consumo,Digital,Biobío,2770917,24,488431,0.2795,51,798,2702268,167,2028-06-28
B001369,2025-10-01,Automotriz,Digital,Metropolitana,2889338,36,446764,0.2042,6,700,1881709,0,
B001370,2025-04-17,Tarjeta,Sucursal,Metropolitana,1154843,60,549831,0.0401,13,741,409344,0,
B001371,2025-05-14,Tarjeta,Sucursal,Metropolitana,3243626,60,421188,0.1429,24,765,2369860,179,2026-06-08
B001372,2025-09-18,Tarjeta,Sucursal,Biobío,3531954,36,607197,0.1916,11,751,1248190,0,
B001373,2025-04-22,Consumo,Convenio,Otras,2914713,24,971714,0.1511,32,874,1744336,0,
B001374,2025-02-27,Tarjeta,Convenio,Metropolitana,4613002,36,796960,0.175,8,855,1663307,0,
B001375,2025-07-17,Tarjeta,Digital,Metropolitana,1291700,48,429160,0.0729,7,743,1038607,0,
B001376,2025-08-12,Tarjeta,Digital,Metropolitana,3674169,60,477484,0.1482,18,757,2298322,186,2026-03-10
B001377,2025-02-02,Tarjeta,Sucursal,Metropolitana,4567437,24,1998056,0.1135,5,864,3489667,0,
B001378,2025-01-29,Consumo,Digital,Metropolitana,1805809,12,420000,0.4028,43,718,399868,0,
B001379,2025-07-22,Consumo,Convenio,Valparaíso,2808717,48,530466,0.1322,26,805,1837354,0,
B001380,2025-01-27,Consumo,Digital,Valparaíso,2953044,24,420000,0.3486,11,635,2574303,96,2025-07-26
B001381,2025-01-30,Tarjeta,Sucursal,Valparaíso,3702098,24,514008,0.3281,28,798,1862237,0,
B001382,2025-04-01,Consumo,Sucursal,Otras,2391109,36,553395,0.1303,19,804,1597461,0,
B001383,2025-03-22,Automotriz,Sucursal,Biobío,1956893,24,430077,0.2189,14,701,661600,0,
B001384,2025-03-30,Consumo,Digital,Otras,3378139,36,420000,0.2545,21,789,2257701,0,
B001385,2025-05-23,Tarjeta,Convenio,Metropolitana,4360361,36,741090,0.1813,39,858,608014,0,
B001386,2025-06-28,Automotriz,Digital,Metropolitana,2050006,36,888637,0.0738,18,825,1598983,0,
B001387,2025-04-20,Microempresa,Sucursal,Metropolitana,4408556,48,592006,0.1728,16,762,2229517,0,
B001388,2025-04-28,Microempresa,Digital,Metropolitana,3842555,36,784472,0.1525,8,759,1120920,0,
B001389,2025-11-24,Microempresa,Digital,Valparaíso,7574023,48,1194948,0.1511,19,830,3094429,0,
B001390,2025-01-14,Consumo,Sucursal,Metropolitana,1590016,24,420000,0.1794,42,835,1062728,103,2025-05-14
B001391,2025-09-16,Consumo,Sucursal,Metropolitana,1882821,24,472859,0.1983,38,798,1428802,0,
B001392,2025-05-22,Microempresa,Digital,Metropolitana,5901869,18,897890,0.4214,17,715,3467629,177,2026-07-16
B001393,2025-02-09,Microempresa,Sucursal,Biobío,3338860,18,522078,0.416,18,688,2721686,0,
B001394,2025-05-22,Tarjeta,Digital,Valparaíso,3373236,24,652254,0.2381,10,730,712813,0,
B001395,2025-04-23,Consumo,Sucursal,Biobío,3935346,36,1039177,0.1205,16,846,2922782,0,
B001396,2025-11-09,Consumo,Sucursal,Valparaíso,4749178,24,616422,0.3723,8,767,2263365,62,
B001397,2025-08-24,Consumo,Sucursal,Metropolitana,1626449,36,999032,0.0533,19,810,745671,11,
B001398,2025-02-05,Tarjeta,Sucursal,Valparaíso,4609040,48,1363275,0.0747,16,826,2475304,0,
B001399,2025-01-19,Consumo,Convenio,Otras,3272799,36,783834,0.1281,22,846,1024669,0,
B001400,2025-06-21,Consumo,Digital,Metropolitana,3028803,12,681007,0.4427,8,628,2532693,0,
B001401,2025-10-06,Tarjeta,Convenio,Biobío,3625409,60,493502,0.144,10,827,1051035,0,
B001402,2025-12-14,Tarjeta,Digital,Otras,7500993,48,986825,0.1882,20,890,1972440,0,
B001403,2025-01-25,Tarjeta,Digital,Valparaíso,2462544,12,420000,0.5783,35,548,841987,25,
B001404,2025-02-08,Consumo,Digital,Biobío,3240472,36,654890,0.1654,13,748,2425174,0,
B001405,2025-01-31,Consumo,Sucursal,Otras,2594535,24,1348605,0.0897,59,934,2172594,0,
B001406,2025-12-20,Consumo,Digital,Metropolitana,3729432,36,642918,0.1962,9,813,2751012,0,
B001407,2025-03-22,Tarjeta,Sucursal,Valparaíso,4201942,12,496561,0.8519,4,474,2377478,266,2025-09-18
B001408,2025-07-28,Consumo,Convenio,Otras,5046561,60,604826,0.1681,12,778,825766,0,
B001409,2025-05-08,Automotriz,Digital,Valparaíso,899600,36,420000,0.0669,20,813,838763,149,2027-01-28
B001410,2025-12-12,Consumo,Digital,Otras,5647385,36,665279,0.2714,53,783,3505216,0,
B001411,2025-01-06,Consumo,Sucursal,Otras,3340940,18,501864,0.4104,33,695,1410072,0,
B001412,2025-06-04,Consumo,Convenio,Otras,1551980,36,420000,0.1158,13,783,580727,0,
B001413,2025-10-12,Consumo,Digital,Biobío,1414654,60,595824,0.0432,18,911,816921,49,
B001414,2025-04-20,Consumo,Sucursal,Metropolitana,3759236,18,484559,0.4883,18,679,1742707,0,
B001415,2025-12-30,Consumo,Convenio,Valparaíso,5272479,36,725023,0.2145,39,833,4168322,0,
B001416,2025-07-07,Tarjeta,Sucursal,Metropolitana,1874574,60,498119,0.0702,6,813,1328878,0,
B001417,2025-10-08,Tarjeta,Sucursal,Metropolitana,811748,60,420000,0.0365,37,813,149907,35,
B001418,2025-07-06,Automotriz,Sucursal,Otras,3661972,12,420000,0.7894,18,589,2948179,133,2026-04-02
B001419,2025-01-01,Automotriz,Digital,Otras,2135422,60,633485,0.0669,12,807,1186652,0,
B001420,2025-04-22,Consumo,Sucursal,Metropolitana,3475852,60,613788,0.1004,9,778,1403206,0,
B001421,2025-07-22,Tarjeta,Digital,Metropolitana,10250027,36,1755365,0.1726,15,787,8099550,0,
B001422,2025-12-19,Consumo,Digital,Metropolitana,1846610,36,420000,0.1391,36,751,1370240,0,
B001423,2025-04-08,Consumo,Convenio,Metropolitana,2307625,60,420000,0.1012,21,861,1086120,13,
B001424,2025-03-10,Consumo,Digital,Metropolitana,1721269,36,421899,0.1294,14,758,596985,0,
B001425,2025-11-24,Automotriz,Digital,Biobío,3490810,60,467798,0.1498,23,802,1764282,0,
B001426,2025-08-04,Consumo,Sucursal,Otras,1292680,24,420000,0.1375,17,776,872151,0,
B001427,2025-02-26,Microempresa,Sucursal,Metropolitana,3133270,36,611967,0.1531,19,826,1468285,50,
B001428,2025-12-17,Automotriz,Digital,Valparaíso,1514461,18,694523,0.1458,32,819,443847,0,
B001429,2025-04-29,Consumo,Convenio,Metropolitana,4973700,24,742694,0.3094,11,717,1126157,0,
B001430,2025-07-26,Automotriz,Sucursal,Otras,2177200,24,681856,0.1536,21,845,2101187,90,2025-11-23
B001431,2025-05-22,Tarjeta,Sucursal,Valparaíso,6387611,36,1533522,0.129,25,871,2022934,0,
B001432,2025-05-30,Tarjeta,Convenio,Otras,3668924,36,447751,0.2773,36,768,2632162,0,
B001433,2025-12-28,Consumo,Sucursal,Metropolitana,772664,60,420000,0.0348,17,836,462346,0,
B001434,2025-04-18,Tarjeta,Digital,Biobío,3772692,24,420000,0.4459,42,681,2403122,0,
B001435,2025-08-27,Automotriz,Sucursal,Otras,9430119,24,1161941,0.3731,19,747,1716458,0,
B001436,2025-05-21,Automotriz,Digital,Metropolitana,4489547,48,548922,0.1807,27,781,3338052,0,
B001437,2025-12-12,Tarjeta,Sucursal,Valparaíso,8318727,60,1330879,0.1176,24,891,4757711,0,
B001438,2025-09-21,Consumo,Sucursal,Otras,3066620,60,465769,0.1168,7,805,1121915,11,
B001439,2025-12-25,Microempresa,Sucursal,Valparaíso,2185224,36,420000,0.1757,53,781,1263430,0,
B001440,2025-09-11,Microempresa,Sucursal,Biobío,5992392,24,999156,0.2887,2,759,4038245,0,
B001441,2025-06-14,Consumo,Digital,Metropolitana,3174609,24,420000,0.3411,12,691,1169912,0,
B001442,2025-03-10,Tarjeta,Sucursal,Metropolitana,5438635,60,1024531,0.0939,37,891,2738402,0,
B001443,2025-09-15,Tarjeta,Convenio,Metropolitana,1166270,48,420000,0.0681,31,860,972145,0,
B001444,2025-06-04,Microempresa,Sucursal,Metropolitana,3217796,12,420000,0.6932,25,664,2423675,90,2025-11-01
B001445,2025-12-28,Automotriz,Convenio,Metropolitana,628109,60,420000,0.0268,16,818,105841,0,
B001446,2025-06-08,Consumo,Sucursal,Otras,4209978,18,488977,0.5802,27,679,1258807,0,
B001447,2025-03-05,Consumo,Sucursal,Metropolitana,2606284,60,490111,0.0987,10,806,1531128,0,
B001448,2025-04-10,Tarjeta,Digital,Metropolitana,2908802,48,785796,0.0888,34,815,1524836,54,
B001449,2025-10-28,Tarjeta,Sucursal,Metropolitana,7524058,60,1246078,0.1133,27,886,2815992,0,
B001450,2025-02-21,Automotriz,Digital,Otras,7376794,24,1457342,0.242,33,858,1498162,0,
B001451,2025-09-10,Tarjeta,Convenio,Otras,3990260,48,482039,0.1847,43,769,1789021,0,
B001452,2025-12-21,Consumo,Digital,Metropolitana,4395487,24,491058,0.4138,38,702,2047729,0,
B001453,2025-02-24,Automotriz,Digital,Biobío,1569312,24,420000,0.167,21,758,745754,0,
B001454,2025-10-23,Consumo,Sucursal,Metropolitana,7645564,60,1036919,0.1323,17,858,2876988,0,
B001455,2025-05-29,Consumo,Digital,Metropolitana,2042295,48,420000,0.1194,17,824,1994503,211,2026-01-24
B001456,2025-06-08,Consumo,Digital,Metropolitana,6209587,24,727308,0.4235,40,734,3711894,0,
B001457,2025-10-24,Consumo,Sucursal,Valparaíso,4250656,18,1212970,0.2318,5,816,2469975,0,
B001458,2025-10-28,Tarjeta,Digital,Metropolitana,1384854,24,780435,0.0821,6,808,312425,0,
B001459,2025-07-10,Consumo,Digital,Valparaíso,10870852,24,1734228,0.2998,16,776,4384898,0,
B001460,2025-12-27,Consumo,Convenio,Metropolitana,16976696,36,2153532,0.2327,15,847,10295376,0,
B001461,2025-02-07,Consumo,Convenio,Metropolitana,2343690,60,522849,0.0825,18,820,275101,0,
B001462,2025-07-22,Microempresa,Sucursal,Metropolitana,2059209,36,1015638,0.0673,23,841,568619,0,
B001463,2025-02-02,Consumo,Sucursal,Otras,1822296,24,532257,0.1677,30,809,233741,0,
B001464,2025-06-17,Consumo,Convenio,Metropolitana,3416672,48,706120,0.1083,45,918,2496781,0,
B001465,2025-12-18,Microempresa,Sucursal,Metropolitana,1952420,60,425317,0.089,8,772,254809,0,
B001466,2025-06-26,Automotriz,Sucursal,Metropolitana,9319515,18,1411129,0.4372,6,744,5626801,0,
B001467,2025-09-23,Consumo,Sucursal,Otras,2144950,24,490132,0.2038,12,720,1380264,0,
B001468,2025-05-29,Tarjeta,Digital,Metropolitana,1445833,36,420000,0.1124,21,768,1320984,192,2026-02-23
B001469,2025-05-05,Consumo,Sucursal,Metropolitana,1749762,24,941247,0.0863,26,848,1277999,0,
B001470,2025-02-18,Consumo,Convenio,Otras,761418,18,420000,0.1215,52,867,100578,0,
B001471,2025-12-20,Tarjeta,Digital,Metropolitana,3754904,48,420000,0.1975,19,693,1789590,0,
B001472,2025-05-23,Tarjeta,Digital,Otras,3072955,48,463980,0.1549,22,750,1187218,67,
B001473,2025-10-26,Automotriz,Sucursal,Otras,6222662,48,746830,0.2094,22,816,3003088,0,
B001474,2025-01-03,Consumo,Sucursal,Otras,5386724,48,1378234,0.0904,17,892,3007810,0,
B001475,2025-03-22,Consumo,Sucursal,Metropolitana,1250002,36,420000,0.0974,13,742,897868,90,2026-05-16
B001476,2025-06-15,Tarjeta,Sucursal,Metropolitana,1828313,60,781450,0.0442,47,865,1122106,0,
B001477,2025-02-26,Automotriz,Convenio,Otras,4337678,24,622035,0.3429,31,748,4033792,142,2026-04-22
B001478,2025-07-25,Consumo,Sucursal,Metropolitana,10502732,36,1173751,0.2735,17,756,2475289,0,
B001479,2025-10-24,Automotriz,Sucursal,Otras,755182,24,420000,0.0856,27,846,166784,0,
B001480,2025-07-24,Microempresa,Digital,Metropolitana,595582,60,420000,0.0286,12,797,107364,0,
B001481,2025-12-23,Automotriz,Sucursal,Metropolitana,7354374,36,1039191,0.2286,21,839,5465322,0,
B001482,2025-04-12,Tarjeta,Sucursal,Otras,2949709,24,718194,0.1995,29,806,1665568,112,2025-10-09
B001483,2025-07-13,Consumo,Digital,Valparaíso,2468965,48,857019,0.0653,20,890,1682151,0,
B001484,2025-08-28,Consumo,Sucursal,Valparaíso,4341136,36,535747,0.242,66,840,1109567,0,
B001485,2025-11-24,Consumo,Convenio,Metropolitana,3054158,60,625306,0.095,24,806,2293527,0,
B001486,2025-09-15,Automotriz,Convenio,Valparaíso,10391653,24,1215030,0.3801,39,798,6202975,0,
B001487,2025-08-30,Microempresa,Digital,Biobío,3703063,48,420000,0.2206,20,748,529036,0,
B001488,2025-10-15,Automotriz,Digital,Biobío,8335984,48,1132741,0.1666,13,812,7539623,90,2027-01-08
B001489,2025-04-13,Tarjeta,Digital,Biobío,2663231,36,1023277,0.0874,11,813,409199,25,
B001490,2025-12-30,Consumo,Digital,Metropolitana,2267655,12,420000,0.5319,34,670,654428,0,
B001491,2025-06-05,Tarjeta,Sucursal,Biobío,4401911,24,1085752,0.2027,6,715,949681,0,
B001492,2025-09-14,Consumo,Sucursal,Metropolitana,1310783,36,809696,0.0481,41,910,944557,0,
B001493,2025-03-17,Consumo,Digital,Metropolitana,4851634,24,850465,0.2786,43,799,3950854,0,
B001494,2025-01-05,Automotriz,Digital,Metropolitana,1594466,18,420000,0.2398,36,735,895731,0,
B001495,2025-03-16,Tarjeta,Digital,Otras,6390523,48,1432891,0.1024,18,907,5334316,0,
B001496,2025-02-12,Consumo,Digital,Biobío,2437745,36,420000,0.1754,28,755,295344,0,
B001497,2025-06-29,Consumo,Sucursal,Metropolitana,3610644,24,707195,0.2333,19,848,1715448,60,
B001498,2025-11-21,Consumo,Sucursal,Otras,2745409,36,769707,0.1126,23,917,2183584,0,
B001499,2025-10-30,Consumo,Digital,Otras,1865640,24,420000,0.2251,19,753,804241,81,
B001500,2025-02-05,Consumo,Convenio,Metropolitana,4328403,36,764640,0.181,13,796,548994,0,
B001501,2025-03-23,Microempresa,Convenio,Otras,982862,24,715582,0.0691,40,931,517659,0,
B001502,2025-03-06,Microempresa,Sucursal,Metropolitana,8036411,24,1961021,0.1875,17,873,2707539,0,
B001503,2025-08-14,Consumo,Convenio,Metropolitana,7965338,24,1011851,0.3579,19,825,6257319,0,
B001504,2025-08-30,Automotriz,Digital,Metropolitana,2036484,36,420000,0.1637,25,779,1915174,243,2026-12-23
B001505,2025-08-24,Consumo,Sucursal,Valparaíso,4419220,18,591917,0.4606,20,644,704037,0,
B001506,2025-08-27,Consumo,Digital,Valparaíso,1126125,24,443808,0.1198,26,747,275736,0,
B001507,2025-10-24,Tarjeta,Sucursal,Metropolitana,5433586,12,728685,0.6947,25,601,2280406,0,
B001508,2025-10-14,Consumo,Sucursal,Biobío,4673570,60,725052,0.1196,43,905,1580750,0,
B001509,2025-04-12,Tarjeta,Digital,Metropolitana,3622326,24,420000,0.4079,6,665,3039342,90,2025-07-11
B001510,2025-10-05,Consumo,Convenio,Metropolitana,994762,24,420000,0.1125,15,771,617444,0,
B001511,2025-12-28,Automotriz,Sucursal,Metropolitana,979543,24,420000,0.1156,28,779,326952,0,
B001512,2025-01-31,Automotriz,Convenio,Metropolitana,5873014,48,2172952,0.0652,2,901,1932370,0,
B001513,2025-05-10,Tarjeta,Convenio,Otras,3229217,36,445165,0.2313,20,707,782069,0,
B001514,2025-03-12,Microempresa,Digital,Otras,1516401,48,420000,0.0825,33,814,1275315,0,
B001515,2025-05-16,Consumo,Sucursal,Biobío,893720,18,490850,0.1173,60,892,394355,83,
B001516,2025-09-02,Tarjeta,Sucursal,Biobío,2515587,60,722138,0.07,31,850,2125079,0,
B001517,2025-05-14,Consumo,Sucursal,Valparaíso,2738554,48,625941,0.1075,37,848,658345,0,
B001518,2025-05-18,Tarjeta,Convenio,Metropolitana,2913082,36,1262339,0.0742,13,869,2289518,0,
B001519,2025-02-18,Consumo,Digital,Metropolitana,4354353,24,786792,0.2525,33,826,1816108,0,
B001520,2025-02-28,Tarjeta,Digital,Otras,881626,24,536482,0.081,11,790,648041,0,
B001521,2025-07-10,Consumo,Sucursal,Biobío,4294997,48,572280,0.1758,16,827,457074,0,
B001522,2025-03-11,Consumo,Digital,Biobío,1753834,60,420000,0.0833,5,831,1331208,51,
B001523,2025-06-24,Consumo,Convenio,Biobío,4314212,24,912708,0.2185,43,904,595374,0,
B001524,2025-01-03,Automotriz,Digital,Metropolitana,4963616,60,1794392,0.0506,12,891,3996982,0,
B001525,2025-12-27,Consumo,Convenio,Otras,2649936,60,420000,0.1165,33,859,1753155,0,
B001526,2025-05-10,Automotriz,Digital,Metropolitana,4978173,36,1202111,0.1233,9,832,2814349,0,
B001527,2025-11-18,Consumo,Digital,Metropolitana,2654759,36,420000,0.1906,25,785,401521,0,
B001528,2025-01-05,Tarjeta,Digital,Metropolitana,3524239,24,1017823,0.1648,26,816,814607,0,
B001529,2025-04-21,Microempresa,Sucursal,Otras,2634122,18,420000,0.4249,12,726,1694016,0,
B001530,2025-06-27,Consumo,Convenio,Otras,2282359,48,420000,0.1243,18,782,250694,0,
B001531,2025-12-19,Consumo,Digital,Metropolitana,3709568,36,849336,0.1329,24,827,1246738,52,
B001532,2025-01-26,Consumo,Sucursal,Biobío,7094078,24,1350849,0.2508,22,832,4003745,0,
B001533,2025-11-19,Tarjeta,Sucursal,Otras,1973775,48,420000,0.1142,6,778,1336914,0,
B001534,2025-12-14,Tarjeta,Sucursal,Metropolitana,3528032,36,881944,0.1283,13,875,2910410,0,
B001535,2025-10-14,Automotriz,Sucursal,Metropolitana,3370655,36,420000,0.2538,53,736,2726314,0,
B001536,2025-11-10,Automotriz,Sucursal,Metropolitana,4273265,36,682393,0.211,21,809,1858726,0,
B001537,2025-11-11,Microempresa,Sucursal,Metropolitana,4476596,24,799008,0.2768,11,751,3405607,0,
B001538,2025-07-19,Automotriz,Digital,Metropolitana,6053034,60,1240133,0.0919,20,865,4510375,0,
B001539,2025-07-02,Automotriz,Convenio,Otras,3854663,60,609795,0.12,4,738,3072991,0,
B001540,2025-09-20,Automotriz,Sucursal,Metropolitana,8483077,36,1028365,0.2501,23,820,2401759,0,
B001541,2025-09-02,Consumo,Digital,Biobío,1716803,24,621352,0.1257,6,809,846177,0,
B001542,2025-05-03,Consumo,Digital,Otras,1147908,60,420000,0.0489,25,889,215748,0,
B001543,2025-06-26,Tarjeta,Convenio,Metropolitana,12751216,36,1561940,0.2447,23,841,1912432,0,
B001544,2025-09-15,Automotriz,Digital,Metropolitana,1252019,60,548297,0.0449,33,864,954750,118,2026-12-09
B001545,2025-10-01,Automotriz,Sucursal,Otras,9489989,60,1474397,0.1203,39,950,3424856,0,
B001546,2025-11-26,Microempresa,Sucursal,Metropolitana,2246521,60,1063422,0.0398,8,921,1219654,0,
B001547,2025-06-25,Consumo,Sucursal,Metropolitana,1097124,24,420000,0.1246,20,811,387617,80,
B001548,2025-05-19,Automotriz,Sucursal,Valparaíso,10537651,24,1313368,0.4008,12,769,2407993,0,
B001549,2025-10-29,Consumo,Digital,Otras,3030549,60,420000,0.1305,11,783,2575452,0,
B001550,2025-07-26,Tarjeta,Digital,Metropolitana,857363,48,627855,0.031,18,918,684451,71,
B001551,2025-05-29,Consumo,Digital,Valparaíso,5391707,36,957540,0.1844,14,829,666510,0,
B001552,2025-01-31,Tarjeta,Sucursal,Metropolitana,3641511,24,635764,0.2692,32,784,2329527,90,2025-09-28
B001553,2025-05-02,Automotriz,Digital,Biobío,7803183,60,1240910,0.125,17,855,3232474,0,
B001554,2025-10-14,Consumo,Sucursal,Metropolitana,1892128,18,544950,0.2143,27,795,1000494,0,
B001555,2025-12-29,Tarjeta,Convenio,Valparaíso,4589264,48,802653,0.1436,17,871,1653209,0,
B001556,2025-11-30,Consumo,Digital,Valparaíso,4105317,24,473324,0.4094,18,663,3086456,92,2026-08-27
B001557,2025-11-25,Consumo,Digital,Biobío,4432724,24,592546,0.3636,7,745,1626075,0,
B001558,2025-05-13,Consumo,Digital,Valparaíso,1604595,24,1324108,0.0556,37,859,1003464,0,
B001559,2025-05-02,Consumo,Convenio,Biobío,2710588,36,438908,0.2023,24,794,791767,0,
B001560,2025-08-08,Microempresa,Digital,Metropolitana,4693209,60,1392632,0.0629,12,891,1394004,0,
B001561,2025-01-07,Consumo,Sucursal,Metropolitana,1411033,24,420000,0.1637,47,876,471504,0,
B001562,2025-02-24,Consumo,Sucursal,Otras,2633790,48,437860,0.1403,27,784,2564201,143,2026-02-19
B001563,2025-06-16,Consumo,Sucursal,Otras,820875,24,431578,0.0939,34,823,581873,0,
B001564,2025-07-16,Tarjeta,Digital,Otras,1649993,12,773105,0.2001,18,738,520341,0,
B001565,2025-02-15,Consumo,Sucursal,Otras,994462,24,677963,0.0695,12,872,570205,0,
B001566,2025-10-20,Tarjeta,Digital,Metropolitana,4860436,18,590212,0.5147,30,614,898598,0,
B001567,2025-10-26,Consumo,Digital,Otras,3409920,48,581004,0.1443,28,822,2595405,0,
B001568,2025-12-30,Consumo,Convenio,Metropolitana,8512741,48,951479,0.2072,26,823,6887278,0,
B001569,2025-06-22,Automotriz,Digital,Biobío,2795133,36,520099,0.1777,22,768,1274749,0,
B001570,2025-11-18,Consumo,Digital,Metropolitana,3018955,36,420000,0.2174,40,732,735236,0,
B001571,2025-09-29,Automotriz,Digital,Metropolitana,1258987,48,842279,0.0362,44,906,252620,0,
B001572,2025-07-26,Consumo,Digital,Biobío,757728,36,426542,0.0584,15,880,78505,0,
B001573,2025-12-02,Consumo,Sucursal,Metropolitana,5948150,24,918527,0.3235,21,762,3556463,0,
B001574,2025-08-01,Consumo,Sucursal,Valparaíso,3260056,48,479232,0.1616,33,783,1179423,77,
B001575,2025-10-25,Consumo,Sucursal,Metropolitana,1959642,36,420000,0.1561,11,739,1708894,90,2026-06-22
B001576,2025-04-21,Consumo,Sucursal,Valparaíso,4678006,60,543370,0.1529,15,788,3901982,0,
B001577,2025-04-11,Tarjeta,Digital,Metropolitana,1278469,60,699774,0.0349,50,872,1123208,205,2025-06-10
B001578,2025-07-09,Tarjeta,Convenio,Metropolitana,2806239,24,448765,0.3055,18,724,1338380,0,
B001579,2025-05-28,Consumo,Digital,Metropolitana,7017692,18,1657985,0.2501,7,785,3797795,0,
B001580,2025-08-20,Tarjeta,Digital,Metropolitana,2595495,36,420000,0.1957,10,767,1538272,0,
B001581,2025-05-22,Microempresa,Sucursal,Metropolitana,2678750,36,420000,0.1993,40,807,943494,0,
B001582,2025-12-09,Consumo,Convenio,Otras,4463708,36,696974,0.1934,4,789,1211689,0,
B001583,2025-10-10,Consumo,Sucursal,Otras,953216,24,420000,0.1013,36,835,495535,0,
B001584,2025-06-01,Automotriz,Sucursal,Metropolitana,3677226,36,738170,0.1662,44,845,1739508,0,
B001585,2025-10-18,Automotriz,Convenio,Valparaíso,3473347,48,830358,0.1013,17,877,2466341,0,
B001586,2025-11-11,Consumo,Convenio,Otras,1669120,36,460448,0.1224,30,844,245540,55,
B001587,2025-07-10,Microempresa,Digital,Metropolitana,2707310,36,975178,0.0826,31,890,876160,0,
B001588,2025-02-11,Microempresa,Digital,Otras,2335044,24,515632,0.2025,16,789,555457,0,
B001589,2025-07-08,Tarjeta,Sucursal,Otras,2920715,36,420000,0.216,38,868,1818245,90,2025-10-06
B001590,2025-09-12,Microempresa,Sucursal,Metropolitana,7065453,36,791363,0.2914,19,736,2638960,0,
B001591,2025-03-22,Consumo,Digital,Metropolitana,3606736,12,928726,0.3577,10,770,2752392,0,
B001592,2025-12-07,Tarjeta,Sucursal,Otras,5325823,60,818467,0.1171,13,776,2254541,0,
B001593,2025-12-28,Consumo,Sucursal,Metropolitana,6435581,12,1143547,0.552,20,688,1963170,64,
B001594,2025-10-06,Tarjeta,Sucursal,Otras,638682,36,420000,0.0477,45,888,456175,0,
B001595,2025-06-19,Automotriz,Convenio,Valparaíso,2669883,18,420000,0.3935,12,626,1667896,0,
B001596,2025-06-23,Consumo,Sucursal,Valparaíso,654214,48,420000,0.0373,24,853,186937,22,
B001597,2025-07-05,Tarjeta,Convenio,Metropolitana,905362,36,420000,0.0711,6,772,138692,0,
B001598,2025-09-27,Automotriz,Digital,Otras,7157856,36,818586,0.2593,22,794,4169313,0,
B001599,2025-04-02,Tarjeta,Digital,Otras,1722192,12,481205,0.3349,65,753,437523,0,
B001600,2025-01-14,Consumo,Digital,Metropolitana,4970131,36,812725,0.1836,9,837,1602759,0,
B001601,2025-05-03,Consumo,Sucursal,Metropolitana,2539658,12,534209,0.4502,37,813,1100326,55,
B001602,2025-08-25,Automotriz,Digital,Otras,3539346,48,922744,0.086,37,859,2123285,0,
B001603,2025-08-10,Consumo,Convenio,Valparaíso,3345535,60,566384,0.1088,13,840,2447427,0,
B001604,2025-12-06,Consumo,Convenio,Metropolitana,3559890,36,420000,0.256,26,741,1922377,0,
B001605,2025-06-05,Tarjeta,Digital,Metropolitana,2067333,24,420000,0.2248,17,731,1318005,0,
B001606,2025-02-15,Tarjeta,Convenio,Metropolitana,3727676,60,507569,0.1424,25,743,843554,0,
B001607,2025-05-10,Consumo,Sucursal,Otras,3997815,24,623111,0.3174,8,755,3854286,90,2025-11-06
B001608,2025-07-08,Consumo,Convenio,Metropolitana,2287310,24,993917,0.113,10,792,852606,0,
B001609,2025-12-12,Tarjeta,Sucursal,Biobío,10901423,24,1307810,0.3831,17,751,8495068,0,
B001610,2025-03-28,Consumo,Digital,Otras,1205241,12,533694,0.2087,7,715,315099,0,
B001611,2025-07-24,Consumo,Sucursal,Metropolitana,1705476,12,616813,0.2584,24,764,396413,0,
B001612,2025-04-12,Consumo,Digital,Biobío,6164554,48,2923291,0.0481,19,950,3956095,0,
B001613,2025-06-24,Consumo,Digital,Metropolitana,885159,12,420000,0.1998,37,815,149770,63,
B001614,2025-11-02,Automotriz,Sucursal,Metropolitana,6282217,24,700312,0.4214,38,700,1437269,54,
B001615,2025-10-16,Tarjeta,Digital,Biobío,5327116,24,612440,0.4136,7,651,3828761,0,
B001616,2025-11-11,Tarjeta,Digital,Otras,530346,18,420000,0.0783,22,798,77822,0,
B001617,2025-12-08,Automotriz,Sucursal,Metropolitana,4228524,18,707823,0.384,18,758,1596132,0,
B001618,2025-03-09,Automotriz,Digital,Metropolitana,3977013,48,1171920,0.0778,11,868,3363315,0,
B001619,2025-05-07,Tarjeta,Convenio,Valparaíso,3561783,18,421682,0.5127,28,624,2893336,122,2025-12-03
B001620,2025-01-30,Consumo,Digital,Valparaíso,6607270,24,957512,0.34,23,826,2682418,0,
B001621,2025-10-08,Tarjeta,Sucursal,Metropolitana,1868352,48,1121274,0.0417,33,898,1447165,0,
B001622,2025-03-06,Consumo,Digital,Biobío,1781011,60,439585,0.076,13,807,276160,0,
B001623,2025-07-13,Consumo,Sucursal,Metropolitana,3082485,24,1201745,0.1165,13,832,2548316,0,
B001624,2025-04-07,Microempresa,Digital,Metropolitana,7237623,48,804689,0.2018,30,771,5939437,67,
B001625,2025-01-14,Automotriz,Digital,Valparaíso,5345375,24,936582,0.2816,21,726,3005602,0,
B001626,2025-01-11,Consumo,Sucursal,Otras,2562322,48,458936,0.1413,14,840,1716285,0,
B001627,2025-06-21,Consumo,Sucursal,Otras,3412277,48,532162,0.1546,14,762,1049042,0,
B001628,2025-08-20,Consumo,Sucursal,Valparaíso,3707616,48,666249,0.1264,43,859,1709396,0,
B001629,2025-05-04,Tarjeta,Digital,Otras,13465175,48,1748163,0.1774,38,824,10680652,60,
B001630,2025-01-05,Tarjeta,Digital,Metropolitana,743286,48,420000,0.0415,9,856,220809,73,
B001631,2025-03-19,Consumo,Sucursal,Metropolitana,18140968,24,2584341,0.3297,18,789,6570449,0,
B001632,2025-12-01,Consumo,Convenio,Metropolitana,2426818,36,428660,0.1733,15,767,1084031,0,
B001633,2025-07-26,Tarjeta,Sucursal,Metropolitana,7260630,36,908449,0.2681,15,772,5078227,0,
B001634,2025-04-18,Microempresa,Digital,Biobío,5426913,60,700144,0.146,43,865,2635310,0,
B001635,2025-08-02,Tarjeta,Convenio,Biobío,3867243,24,527054,0.3336,43,699,2195531,90,2025-10-31
B001636,2025-08-20,Consumo,Digital,Metropolitana,795189,48,566705,0.0324,10,836,619536,14,
B001637,2025-10-15,Consumo,Sucursal,Otras,5943611,18,667764,0.5625,7,599,4862572,193,2026-11-09
B001638,2025-08-06,Automotriz,Sucursal,Metropolitana,3130269,36,420000,0.2245,31,786,1791215,99,2026-04-03
B001639,2025-12-26,Automotriz,Sucursal,Valparaíso,2137302,24,440567,0.2244,14,806,1590433,0,
B001640,2025-10-04,Consumo,Sucursal,Metropolitana,1987278,24,466395,0.1903,28,800,733923,0,
B001641,2025-12-07,Automotriz,Sucursal,Otras,2882818,18,469518,0.3796,9,658,1769211,0,
B001642,2025-03-08,Consumo,Digital,Metropolitana,1154538,18,420000,0.1723,39,816,182827,0,
B001643,2025-05-03,Consumo,Digital,Biobío,729966,60,420000,0.0346,30,841,388155,0,
B001644,2025-05-03,Automotriz,Sucursal,Metropolitana,3195957,36,426994,0.2456,30,795,1448256,0,
B001645,2025-03-18,Automotriz,Sucursal,Biobío,2609427,36,420000,0.2102,10,756,1561117,0,
B001646,2025-01-01,Microempresa,Sucursal,Metropolitana,529678,24,420000,0.0585,18,843,155737,0,
B001647,2025-01-19,Consumo,Sucursal,Valparaíso,2526150,24,547305,0.2187,34,830,2113442,90,2026-03-15
B001648,2025-01-30,Consumo,Digital,Valparaíso,1468803,60,420000,0.0633,31,870,521813,0,
B001649,2025-03-14,Tarjeta,Sucursal,Otras,8432460,12,1052891,0.8048,5,542,7721832,90,2025-09-10
B001650,2025-08-31,Consumo,Convenio,Metropolitana,2503980,24,984999,0.1217,16,912,1621125,0,
B001651,2025-07-22,Automotriz,Digital,Biobío,3110570,18,761123,0.2478,15,798,1414627,0,
B001652,2025-02-22,Tarjeta,Digital,Metropolitana,1358387,18,420000,0.1948,17,727,1232253,218,2025-04-23
B001653,2025-05-10,Tarjeta,Digital,Metropolitana,2932357,48,510775,0.1333,12,728,1253516,0,
B001654,2025-09-13,Consumo,Digital,Valparaíso,1182418,18,420000,0.1674,18,702,650339,0,
B001655,2025-08-31,Automotriz,Sucursal,Metropolitana,1919375,36,420000,0.1425,10,806,1205600,0,
B001656,2025-02-12,Consumo,Sucursal,Biobío,3504566,48,750451,0.1038,18,830,2474001,0,
B001657,2025-12-15,Consumo,Convenio,Biobío,4900064,12,565883,0.7749,34,544,3027146,90,2026-02-13
B001658,2025-03-31,Consumo,Digital,Biobío,3631870,24,561251,0.3245,15,723,1572826,0,
B001659,2025-01-07,Consumo,Convenio,Metropolitana,3671085,48,1042907,0.0849,15,861,1851164,76,
B001660,2025-02-05,Microempresa,Digital,Metropolitana,3320458,60,420000,0.159,19,775,1381877,0,
B001661,2025-09-13,Consumo,Digital,Valparaíso,2162958,18,673970,0.2141,32,791,1118171,0,
B001662,2025-03-16,Automotriz,Sucursal,Metropolitana,1080289,60,420000,0.0509,5,819,543500,0,
B001663,2025-12-04,Consumo,Sucursal,Otras,3795544,60,740492,0.094,12,822,2147145,0,
B001664,2025-10-04,Consumo,Sucursal,Otras,2002562,36,614819,0.1018,30,821,1296616,0,
B001665,2025-03-14,Tarjeta,Digital,Valparaíso,2069346,24,580623,0.1776,32,783,313466,0,
B001666,2025-05-02,Consumo,Sucursal,Otras,7147835,36,855130,0.2481,19,817,5347906,0,
B001667,2025-01-08,Tarjeta,Digital,Metropolitana,3636731,36,504776,0.2303,29,760,2537587,168,2025-07-07
B001668,2025-01-15,Tarjeta,Sucursal,Otras,3020760,36,647195,0.1551,15,769,342634,0,
B001669,2025-09-06,Consumo,Convenio,Metropolitana,5127040,18,732561,0.438,7,628,2896802,51,
B001670,2025-04-21,Consumo,Convenio,Valparaíso,2517384,12,670416,0.3621,22,749,1578696,74,
B001671,2025-03-13,Automotriz,Sucursal,Biobío,2241565,36,525946,0.1358,8,773,252663,0,
B001672,2025-01-28,Tarjeta,Convenio,Metropolitana,3453656,48,420000,0.184,34,787,2730748,0,
B001673,2025-02-01,Tarjeta,Sucursal,Metropolitana,2237246,36,420000,0.1708,28,745,897742,0,
B001674,2025-07-13,Automotriz,Sucursal,Otras,5601430,60,875414,0.1237,29,946,1894538,0,
B001675,2025-07-05,Tarjeta,Sucursal,Biobío,1877314,60,420000,0.0874,47,842,423666,0,
B001676,2025-05-19,Consumo,Convenio,Metropolitana,2207835,36,1482165,0.0439,14,858,224074,0,
B001677,2025-02-02,Consumo,Sucursal,Metropolitana,6625421,48,1266275,0.1197,36,916,5142299,0,
B001678,2025-03-02,Consumo,Digital,Metropolitana,6176225,18,768876,0.5039,34,740,4977349,0,
B001679,2025-01-08,Tarjeta,Sucursal,Metropolitana,749217,36,525810,0.0422,39,885,632250,0,
B001680,2025-05-27,Tarjeta,Digital,Valparaíso,4374000,48,1157165,0.0953,3,843,442294,0,
B001681,2025-04-21,Automotriz,Convenio,Valparaíso,6794555,24,1017317,0.3063,19,787,1549945,0,
B001682,2025-10-25,Tarjeta,Sucursal,Valparaíso,4264367,36,642285,0.201,19,784,2898911,0,
B001683,2025-07-24,Consumo,Digital,Metropolitana,4128661,24,746600,0.2623,11,800,467767,0,
B001684,2025-02-09,Consumo,Sucursal,Valparaíso,1077655,48,727534,0.0365,32,901,752174,0,
B001685,2025-11-23,Tarjeta,Sucursal,Metropolitana,5697973,60,1836353,0.0574,25,883,3961393,0,
B001686,2025-02-14,Consumo,Sucursal,Metropolitana,3765368,36,843473,0.1418,25,866,2419749,0,
B001687,2025-12-09,Consumo,Convenio,Metropolitana,2473010,18,420000,0.3479,26,725,2163170,340,2027-08-01
B001688,2025-03-23,Consumo,Digital,Metropolitana,1592614,12,643841,0.2508,29,762,349145,0,
B001689,2025-07-07,Automotriz,Sucursal,Valparaíso,5241670,18,960379,0.3245,24,753,1516584,0,
B001690,2025-11-11,Automotriz,Sucursal,Valparaíso,1798380,36,688867,0.0883,13,814,1373399,46,
B001691,2025-11-28,Automotriz,Digital,Otras,2534410,48,500066,0.1158,10,783,843840,0,
B001692,2025-02-21,Consumo,Digital,Metropolitana,3426539,24,588734,0.2954,8,709,2004641,334,2025-06-21
B001693,2025-11-19,Consumo,Digital,Biobío,2987968,12,420000,0.7117,19,555,2698198,222,2026-11-14
B001694,2025-06-13,Automotriz,Digital,Valparaíso,2675788,36,420000,0.2134,26,736,1164683,0,
B001695,2025-04-10,Microempresa,Convenio,Biobío,3136427,24,420000,0.3431,36,742,387896,0,
B001696,2025-05-03,Consumo,Digital,Metropolitana,3751224,48,420000,0.2235,30,711,1276387,0,
B001697,2025-09-29,Consumo,Digital,Otras,5144224,36,614684,0.2692,17,723,1574806,0,
B001698,2025-11-09,Consumo,Digital,Otras,3609012,36,449607,0.2577,7,712,1375059,0,
B001699,2025-07-20,Consumo,Convenio,Metropolitana,3613890,12,420000,0.7698,28,474,2719228,161,2026-10-13
B001700,2025-01-15,Consumo,Digital,Metropolitana,6073706,24,747563,0.3719,25,636,1332971,0,
B001701,2025-08-14,Automotriz,Sucursal,Metropolitana,1273272,36,460857,0.0909,22,737,1014067,90,2026-07-10
B001702,2025-01-17,Consumo,Sucursal,Metropolitana,4925221,24,1274838,0.1775,22,860,1373546,0,
B001703,2025-01-25,Automotriz,Convenio,Biobío,8980016,24,1388882,0.3042,6,797,4724275,0,
B001704,2025-10-09,Automotriz,Sucursal,Metropolitana,1697090,36,1129312,0.0444,14,892,777028,0,
B001705,2025-01-17,Consumo,Digital,Metropolitana,3679121,36,541737,0.2055,14,824,2855457,0,
B001706,2025-10-16,Consumo,Digital,Valparaíso,1649072,36,420000,0.1219,13,741,371900,0,
B001707,2025-05-03,Consumo,Sucursal,Metropolitana,2728287,60,913019,0.0563,28,932,573535,0,
B001708,2025-11-05,Consumo,Sucursal,Metropolitana,14105461,48,1880409,0.1801,12,898,2288334,0,
B001709,2025-03-28,Consumo,Convenio,Metropolitana,5702692,24,1490286,0.1761,36,908,901441,0,
B001710,2025-09-06,Consumo,Digital,Otras,2254878,18,538302,0.2632,20,788,1630836,0,
B001711,2025-03-08,Automotriz,Digital,Metropolitana,564467,12,420000,0.1303,22,811,447306,0,
B001712,2025-07-17,Consumo,Digital,Metropolitana,2378496,36,1544449,0.0502,19,912,907890,0,
B001713,2025-02-01,Automotriz,Digital,Metropolitana,2713403,48,420000,0.1471,10,782,2021713,0,
B001714,2025-03-18,Consumo,Digital,Metropolitana,1627271,36,754086,0.066,28,845,389590,0,
B001715,2025-10-27,Microempresa,Sucursal,Otras,10280429,24,1257916,0.3656,10,786,8606768,0,
B001716,2025-10-31,Automotriz,Sucursal,Metropolitana,4602354,36,615064,0.2227,14,778,3776677,0,
B001717,2025-12-24,Automotriz,Sucursal,Metropolitana,7175715,24,885315,0.3917,19,732,3012090,0,
B001718,2025-06-26,Consumo,Convenio,Metropolitana,1449227,48,420000,0.0858,17,743,1184677,0,
B001719,2025-04-07,Automotriz,Sucursal,Metropolitana,2076778,36,648499,0.1061,34,873,1739653,0,
B001720,2025-05-24,Consumo,Sucursal,Biobío,1448855,36,434725,0.1001,41,889,877419,0,
B001721,2025-06-17,Automotriz,Digital,Metropolitana,982510,18,420000,0.1384,9,694,136656,0,
B001722,2025-06-22,Automotriz,Sucursal,Metropolitana,6430170,60,826051,0.1561,29,879,4689395,0,
B001723,2025-07-04,Consumo,Sucursal,Valparaíso,3413888,48,779928,0.101,14,799,2856889,0,
B001724,2025-03-21,Tarjeta,Convenio,Metropolitana,5628105,18,988358,0.3426,6,740,3411529,0,
B001725,2025-07-29,Consumo,Digital,Valparaíso,1387800,24,1151257,0.0557,46,905,171437,0,
B001726,2025-12-16,Consumo,Convenio,Metropolitana,619448,60,420000,0.0281,17,831,87364,0,
B001727,2025-03-26,Consumo,Digital,Otras,1955840,12,1068983,0.1786,11,816,258740,0,
B001728,2025-12-11,Automotriz,Digital,Metropolitana,3146900,36,532054,0.1748,36,865,2129646,284,2026-07-09
B001729,2025-09-03,Automotriz,Digital,Otras,2610901,18,1728229,0.0947,27,867,1757529,0,
B001730,2025-12-11,Tarjeta,Digital,Metropolitana,2695526,36,832513,0.0961,39,884,1537612,0,
B001731,2025-01-08,Automotriz,Convenio,Metropolitana,2468764,36,557747,0.1411,11,802,1539489,45,
B001732,2025-05-24,Tarjeta,Digital,Metropolitana,3578927,24,441160,0.4032,7,628,1647797,0,
B001733,2025-12-20,Tarjeta,Sucursal,Metropolitana,721895,24,493600,0.069,13,817,276816,0,
B001734,2025-01-19,Tarjeta,Digital,Metropolitana,3084145,24,950273,0.1644,19,803,1089794,0,
B001735,2025-05-22,Consumo,Digital,Metropolitana,9869526,18,1284306,0.4582,24,719,3682524,0,
B001736,2025-09-17,Microempresa,Sucursal,Metropolitana,2992971,60,420000,0.1272,54,888,515818,0,
B001737,2025-12-25,Tarjeta,Digital,Otras,4449928,36,676403,0.2151,13,785,1237597,31,
B001738,2025-12-12,Consumo,Convenio,Otras,2743797,48,514435,0.1344,25,829,1245403,0,
B001739,2025-06-22,Consumo,Sucursal,Valparaíso,2944361,24,540882,0.2665,13,748,1646739,0,
B001740,2025-09-04,Consumo,Sucursal,Valparaíso,4744728,24,1016623,0.2187,26,838,2591536,0,
B001741,2025-10-26,Automotriz,Digital,Metropolitana,5351497,36,780048,0.2228,9,759,4328197,0,
B001742,2025-07-23,Consumo,Sucursal,Otras,4273723,12,549607,0.7866,31,629,3099940,101,2027-02-13
B001743,2025-08-04,Tarjeta,Digital,Metropolitana,5569448,60,876396,0.1259,22,802,2080535,0,
B001744,2025-01-11,Consumo,Digital,Metropolitana,7189474,18,1013905,0.4494,11,606,6358731,142,2025-03-12
B001745,2025-02-02,Tarjeta,Sucursal,Metropolitana,1808566,12,472390,0.3718,10,659,931520,0,
B001746,2025-06-04,Consumo,Digital,Metropolitana,2335289,60,420000,0.1014,38,804,1190510,0,
B001747,2025-12-20,Tarjeta,Digital,Metropolitana,1264674,24,420000,0.1379,9,723,823160,142,2026-01-19
B001748,2025-05-10,Tarjeta,Sucursal,Biobío,2741019,36,491480,0.1759,22,767,1818983,0,
B001749,2025-02-06,Automotriz,Digital,Otras,4176775,60,696575,0.1157,23,765,2429900,0,
B001750,2025-11-29,Consumo,Convenio,Metropolitana,2539131,36,1143021,0.0688,19,864,451985,0,
B001751,2025-01-22,Consumo,Digital,Metropolitana,4406803,18,1046183,0.2579,29,796,3472967,90,2025-08-20
B001752,2025-08-01,Automotriz,Sucursal,Metropolitana,736520,12,420000,0.1568,13,749,364215,0,
B001753,2025-01-12,Tarjeta,Digital,Otras,1639190,24,542830,0.1377,33,803,395554,0,
B001754,2025-03-19,Microempresa,Sucursal,Metropolitana,2047823,48,432692,0.1054,19,771,984846,0,
B001755,2025-05-07,Microempresa,Sucursal,Biobío,6503928,12,824995,0.7399,20,609,3482438,8,
B001756,2025-01-11,Consumo,Convenio,Otras,2253295,60,420000,0.1042,4,725,242516,0,
B001757,2025-03-04,Consumo,Sucursal,Otras,2662659,36,1334535,0.0662,21,868,319434,0,
B001758,2025-01-13,Tarjeta,Convenio,Metropolitana,4978643,48,1489928,0.0748,22,904,3955102,0,
B001759,2025-03-31,Tarjeta,Sucursal,Otras,841974,48,420000,0.0471,19,827,694227,0,
B001760,2025-03-10,Automotriz,Sucursal,Metropolitana,4840036,60,587049,0.1501,5,784,884616,0,
B001761,2025-03-19,Consumo,Digital,Otras,829811,48,420000,0.0497,24,849,665313,0,
B001762,2025-05-26,Consumo,Convenio,Otras,3029034,36,1203306,0.0823,18,880,2369118,0,
B001763,2025-08-25,Consumo,Digital,Metropolitana,4379846,48,557509,0.1789,29,781,1497854,0,
B001764,2025-12-17,Consumo,Sucursal,Metropolitana,6971136,36,811422,0.2876,26,750,4105695,0,
B001765,2025-06-26,Tarjeta,Convenio,Otras,1658048,24,692644,0.1171,18,784,332845,19,
B001766,2025-01-18,Consumo,Convenio,Biobío,5087927,48,694538,0.1735,19,856,2567265,0,
B001767,2025-08-19,Consumo,Sucursal,Biobío,3603162,18,845843,0.2519,21,792,2104050,0,
B001768,2025-05-24,Tarjeta,Sucursal,Metropolitana,2686866,48,420000,0.162,37,877,1490568,0,
B001769,2025-05-19,Automotriz,Sucursal,Valparaíso,3024147,24,527884,0.2869,8,748,2534077,0,
B001770,2025-07-01,Consumo,Sucursal,Metropolitana,4294558,36,970394,0.1394,30,845,1255012,0,
B001771,2025-09-21,Tarjeta,Convenio,Otras,2988624,18,846426,0.2229,15,753,594198,0,
B001772,2025-08-14,Consumo,Digital,Valparaíso,3330507,24,1141058,0.1452,22,858,1691278,0,
B001773,2025-05-31,Automotriz,Sucursal,Metropolitana,10115598,18,1370988,0.4842,28,762,3802601,0,
B001774,2025-05-02,Consumo,Digital,Metropolitana,3524876,24,1126524,0.1494,8,833,1378162,0,
B001775,2025-06-28,Consumo,Digital,Metropolitana,2665492,48,495289,0.1302,17,781,636902,0,
B001776,2025-06-29,Microempresa,Sucursal,Otras,849276,24,420000,0.0907,57,942,640640,0,
B001777,2025-12-30,Consumo,Digital,Valparaíso,5193181,48,964564,0.1286,17,834,3333918,0,
B001778,2025-05-28,Consumo,Sucursal,Biobío,806576,36,420000,0.0615,12,802,372622,0,
B001779,2025-01-26,Tarjeta,Digital,Metropolitana,8578702,36,1053566,0.2596,19,749,7202512,90,2025-08-24
B001780,2025-12-21,Tarjeta,Convenio,Metropolitana,3008997,36,770803,0.1213,23,765,728124,0,
B001781,2025-08-28,Automotriz,Sucursal,Metropolitana,5806815,36,941346,0.1856,11,785,5526391,187,2026-03-26
B001782,2025-08-24,Automotriz,Sucursal,Otras,2576800,24,420000,0.3074,11,651,1961860,0,
B001783,2025-12-22,Tarjeta,Digital,Otras,4177930,48,796622,0.1241,60,950,2167665,0,
B001784,2025-03-13,Tarjeta,Digital,Metropolitana,8166543,60,999934,0.1645,30,839,6682066,0,
B001785,2025-11-20,Consumo,Convenio,Metropolitana,2538135,48,420000,0.1448,32,841,643620,0,
B001786,2025-12-21,Consumo,Sucursal,Metropolitana,1672831,36,730233,0.0707,22,849,777650,0,
B001787,2025-03-16,Tarjeta,Digital,Metropolitana,4607258,24,545694,0.3841,11,680,3075934,242,2026-01-10
B001788,2025-04-08,Consumo,Sucursal,Otras,3108501,24,420000,0.3388,20,753,755643,0,
B001789,2025-11-03,Consumo,Sucursal,Biobío,1762790,24,420000,0.2044,17,828,403234,0,
B001790,2025-08-06,Consumo,Digital,Metropolitana,6405338,48,711819,0.2049,5,755,1152242,0,
B001791,2025-06-16,Consumo,Convenio,Otras,6970240,48,1206205,0.1465,37,878,1748558,0,
B001792,2025-04-18,Consumo,Digital,Metropolitana,3668611,18,420000,0.5561,21,581,2077373,0,
B001793,2025-11-25,Consumo,Sucursal,Otras,939017,24,620225,0.0721,31,800,727845,0,
B001794,2025-10-07,Consumo,Convenio,Biobío,9886543,24,1627696,0.2789,39,825,4725482,0,
B001795,2025-03-05,Consumo,Convenio,Metropolitana,3651170,60,1479004,0.0486,5,923,2986441,0,
B001796,2025-05-13,Microempresa,Convenio,Metropolitana,3642922,18,420000,0.5615,35,603,3388266,90,2025-09-10
B001797,2025-06-15,Consumo,Sucursal,Biobío,11341544,36,1297245,0.272,12,882,8091484,58,
B001798,2025-01-23,Automotriz,Sucursal,Otras,3597510,36,984658,0.1226,33,859,2881416,0,
B001799,2025-01-04,Microempresa,Convenio,Biobío,10958129,36,1306111,0.2529,41,829,7089512,0,
B001800,2025-12-26,Consumo,Digital,Metropolitana,1062030,36,759119,0.0413,8,811,110901,0,
B001801,2025-03-09,Microempresa,Convenio,Otras,3546962,18,946335,0.2384,17,808,498684,0,
B001802,2025-07-21,Consumo,Digital,Biobío,3966997,60,448748,0.1776,15,799,3847390,90,2026-06-16
B001803,2025-12-21,Tarjeta,Sucursal,Biobío,2922753,24,948167,0.1495,14,817,2532335,184,2026-11-16
B001804,2025-01-25,Consumo,Digital,Metropolitana,8771681,36,1222386,0.2211,9,807,2628765,0,
B001805,2025-05-27,Tarjeta,Digital,Metropolitana,2061528,36,420000,0.1609,10,668,439782,0,
B001806,2025-09-15,Consumo,Sucursal,Metropolitana,2062305,36,420000,0.1533,2,817,1432252,54,
B001807,2025-11-27,Microempresa,Digital,Metropolitana,4391166,60,1105713,0.077,14,867,2079542,0,
B001808,2025-01-27,Consumo,Sucursal,Valparaíso,1573037,48,420000,0.0937,16,844,552979,0,
B001809,2025-03-16,Consumo,Convenio,Biobío,10223685,48,2000957,0.1221,23,950,5213285,0,
B001810,2025-11-23,Microempresa,Convenio,Otras,8819278,24,2038127,0.2006,9,835,6086988,27,
B001811,2025-11-14,Tarjeta,Convenio,Otras,14013002,60,1666244,0.1612,10,839,6499430,0,
B001812,2025-10-09,Consumo,Sucursal,Metropolitana,1955526,36,476699,0.1226,20,803,1554632,0,
B001813,2025-07-19,Consumo,Convenio,Biobío,4398908,12,660049,0.607,14,595,4075081,90,2026-07-14
B001814,2025-05-07,Tarjeta,Digital,Biobío,5942340,36,745046,0.2637,29,762,4088545,122,2026-07-01
B001815,2025-06-19,Automotriz,Digital,Otras,1519630,24,420000,0.1638,5,805,175088,0,
B001816,2025-08-28,Microempresa,Digital,Otras,4247660,18,1116323,0.2404,40,859,2935214,0,
B001817,2025-03-22,Tarjeta,Sucursal,Metropolitana,4767141,24,677918,0.3395,19,652,4126294,252,2025-06-20
B001818,2025-02-08,Tarjeta,Digital,Metropolitana,1899842,24,609631,0.1397,3,793,1228915,0,
B001819,2025-11-29,Automotriz,Convenio,Otras,573067,24,420000,0.0604,32,920,90887,0,
B001820,2025-09-25,Microempresa,Convenio,Metropolitana,4462812,60,844662,0.1053,17,859,1275259,0,
B001821,2025-07-11,Microempresa,Sucursal,Valparaíso,1908594,36,420000,0.1391,27,872,292495,0,
B001822,2025-03-13,Microempresa,Sucursal,Metropolitana,2905715,24,601359,0.2203,20,818,2304838,0,
B001823,2025-12-29,Tarjeta,Sucursal,Otras,2741357,24,627587,0.1983,9,785,530659,0,
B001824,2025-10-14,Consumo,Digital,Metropolitana,1083538,36,420000,0.0856,37,775,420071,0,
B001825,2025-06-03,Consumo,Convenio,Metropolitana,3355375,18,1067103,0.1986,31,850,1962715,0,
B001826,2025-01-14,Automotriz,Digital,Metropolitana,1413566,36,420000,0.1074,17,778,253948,0,
B001827,2025-05-08,Consumo,Digital,Metropolitana,5999941,36,1377067,0.1458,10,810,3373366,0,
B001828,2025-06-04,Automotriz,Sucursal,Metropolitana,1299534,36,437661,0.0936,16,823,339939,0,
B001829,2025-06-23,Microempresa,Sucursal,Otras,5989136,48,855418,0.1744,11,871,686400,0,
B001830,2025-04-01,Automotriz,Sucursal,Metropolitana,2086995,60,506634,0.0791,19,821,1094066,0,
B001831,2025-12-17,Tarjeta,Convenio,Valparaíso,2636818,24,517772,0.2331,27,741,864664,0,
B001832,2025-01-25,Tarjeta,Convenio,Metropolitana,8355642,12,936598,0.8069,24,542,6690888,90,2025-07-24
B001833,2025-07-17,Tarjeta,Sucursal,Otras,916261,24,420000,0.1095,22,804,396477,0,
B001834,2025-08-12,Automotriz,Convenio,Otras,3024967,24,875667,0.1645,24,806,583299,0,
B001835,2025-04-26,Consumo,Sucursal,Metropolitana,3282679,48,1754358,0.0435,24,892,329391,17,
B001836,2025-09-05,Consumo,Convenio,Metropolitana,1020356,24,420000,0.1171,7,850,137511,36,
B001837,2025-10-03,Microempresa,Convenio,Valparaíso,3996635,36,583469,0.2071,15,831,3374546,0,
B001838,2025-06-06,Consumo,Sucursal,Otras,3524423,36,1245636,0.095,62,950,1027073,0,
B001839,2025-05-17,Tarjeta,Digital,Otras,1371266,36,584607,0.0721,44,869,264956,46,
B001840,2025-12-28,Automotriz,Sucursal,Metropolitana,3725718,24,420000,0.4101,21,647,1167951,0,
B001841,2025-10-23,Consumo,Convenio,Biobío,11960785,48,1658955,0.1614,28,881,8968897,0,
B001842,2025-09-20,Automotriz,Convenio,Valparaíso,5736787,36,762045,0.249,14,790,3924768,0,
B001843,2025-03-07,Tarjeta,Sucursal,Biobío,4132190,18,895951,0.2913,27,788,1923797,0,
B001844,2025-07-13,Consumo,Convenio,Valparaíso,3951615,60,469234,0.1622,9,795,3304788,0,
B001845,2025-12-21,Automotriz,Digital,Metropolitana,2630497,36,819621,0.1057,39,830,2189786,0,
B001846,2025-05-21,Consumo,Digital,Valparaíso,910914,48,705264,0.0318,15,853,414270,0,
B001847,2025-11-26,Consumo,Sucursal,Otras,3061042,48,562779,0.1255,27,801,1734495,0,
B001848,2025-06-19,Automotriz,Digital,Otras,2851834,36,569299,0.1497,22,826,2045674,0,
B001849,2025-08-18,Consumo,Sucursal,Metropolitana,3787989,24,648181,0.29,10,718,1322265,0,
B001850,2025-03-14,Tarjeta,Digital,Metropolitana,3942849,24,511460,0.3703,40,719,1066317,0,
B001851,2025-04-02,Consumo,Sucursal,Metropolitana,1476131,24,577863,0.1152,19,830,213395,0,
B001852,2025-12-29,Consumo,Convenio,Metropolitana,1251113,24,516988,0.1169,15,779,565942,0,
B001853,2025-12-17,Consumo,Sucursal,Biobío,2362494,12,495525,0.4323,21,671,1861867,0,
B001854,2025-05-29,Microempresa,Digital,Metropolitana,710943,48,420000,0.0421,20,872,323738,0,
B001855,2025-09-11,Consumo,Digital,Biobío,1299581,60,420000,0.0579,25,859,417497,0,
B001856,2025-06-29,Tarjeta,Digital,Valparaíso,3760007,48,584974,0.1461,24,805,2130182,0,
B001857,2025-10-19,Consumo,Sucursal,Metropolitana,9198265,24,1180082,0.3617,10,782,3637152,0,
B001858,2025-06-13,Consumo,Digital,Biobío,4725103,48,547221,0.2076,71,912,860530,79,
B001859,2025-03-30,Automotriz,Convenio,Otras,1387014,36,420000,0.0994,13,812,1121329,0,
B001860,2025-10-08,Consumo,Convenio,Biobío,7615004,24,991479,0.3659,15,706,5513048,164,2026-10-03
B001861,2025-01-05,Consumo,Digital,Metropolitana,2872277,24,733496,0.1846,7,745,1551461,0,
B001862,2025-06-01,Consumo,Digital,Otras,733682,36,467380,0.0516,16,812,593962,85,
B001863,2025-11-30,Consumo,Sucursal,Metropolitana,2573981,12,420000,0.58,53,672,1786613,0,
B001864,2025-04-07,Automotriz,Digital,Metropolitana,4562773,24,711563,0.3131,28,706,4371827,107,2026-02-01
B001865,2025-03-24,Consumo,Convenio,Otras,4288183,36,739706,0.1766,21,822,1657601,0,
B001866,2025-05-29,Tarjeta,Digital,Metropolitana,3612258,60,668089,0.109,9,754,2614074,0,
B001867,2025-06-17,Tarjeta,Digital,Metropolitana,4285350,18,974086,0.2772,7,737,1416934,0,
B001868,2025-04-21,Automotriz,Sucursal,Metropolitana,3365598,24,552723,0.3014,13,695,1056126,0,
B001869,2025-08-25,Tarjeta,Convenio,Otras,921457,24,545969,0.0776,29,803,475417,0,
B001870,2025-01-31,Tarjeta,Digital,Valparaíso,3332940,36,858622,0.1268,19,798,2766776,0,
B001871,2025-11-09,Consumo,Digital,Otras,556459,36,420000,0.043,15,837,448412,0,
B001872,2025-02-17,Consumo,Convenio,Otras,3099736,48,420000,0.1785,9,752,2125945,0,
B001873,2025-02-18,Automotriz,Convenio,Otras,510904,24,420000,0.0584,8,815,59126,0,
B001874,2025-08-07,Tarjeta,Sucursal,Biobío,2850021,48,426572,0.1481,19,763,320221,0,
B001875,2025-10-21,Automotriz,Convenio,Otras,516444,18,420000,0.0798,19,816,218067,0,
B001876,2025-03-01,Consumo,Sucursal,Metropolitana,2983188,12,1374268,0.2168,6,767,2417415,0,
B001877,2025-01-20,Consumo,Sucursal,Otras,3620383,48,420000,0.2064,40,822,554885,0,
B001878,2025-11-29,Consumo,Sucursal,Metropolitana,2183798,36,420000,0.17,6,793,1126082,0,
B001879,2025-08-20,Tarjeta,Digital,Metropolitana,5493989,36,634523,0.2924,1,730,873978,86,
B001880,2025-10-17,Microempresa,Sucursal,Otras,1822243,18,1154504,0.0943,18,850,230214,0,
B001881,2025-10-25,Tarjeta,Digital,Metropolitana,2653204,18,420000,0.423,30,700,1091427,0,
B001882,2025-10-29,Tarjeta,Digital,Valparaíso,5233285,24,779078,0.3385,7,702,4104339,0,
B001883,2025-04-03,Tarjeta,Convenio,Metropolitana,2784877,36,433703,0.2166,36,748,2220792,87,
B001884,2025-12-30,Consumo,Sucursal,Otras,3839517,48,727547,0.1312,14,846,2289854,0,
B001885,2025-09-22,Consumo,Digital,Otras,1343327,24,420000,0.151,13,885,723895,0,
B001886,2025-11-05,Automotriz,Digital,Valparaíso,2606801,36,524323,0.1642,9,810,1713357,106,2026-01-04
B001887,2025-01-16,Tarjeta,Sucursal,Valparaíso,3666189,18,562208,0.4068,1,676,629293,0,
B001888,2025-09-06,Automotriz,Sucursal,Metropolitana,968725,60,420000,0.0458,15,870,711736,0,
B001889,2025-10-17,Consumo,Sucursal,Valparaíso,3629720,36,420000,0.2683,46,796,1571463,0,
B001890,2025-01-19,Automotriz,Sucursal,Metropolitana,3450083,36,420000,0.2495,33,760,1390560,0,
B001891,2025-03-28,Microempresa,Digital,Otras,1842124,36,1514846,0.0361,9,893,1159440,43,
B001892,2025-11-10,Consumo,Digital,Otras,2966630,48,420000,0.1639,29,823,501824,0,
B001893,2025-10-07,Automotriz,Sucursal,Metropolitana,4285371,36,899469,0.1506,5,813,3073786,0,
B001894,2025-03-10,Tarjeta,Sucursal,Valparaíso,2289254,18,420000,0.3564,37,767,2172368,198,2025-04-09
B001895,2025-06-10,Microempresa,Sucursal,Otras,1596115,48,863267,0.0461,27,891,1206835,0,
B001896,2025-04-11,Microempresa,Digital,Valparaíso,3557193,12,628402,0.5622,24,599,2713160,124,2025-11-07
B001897,2025-03-21,Tarjeta,Convenio,Metropolitana,4136679,12,513435,0.8001,17,484,1665454,0,
B001898,2025-06-06,Consumo,Sucursal,Metropolitana,4485548,18,907467,0.2967,3,702,3227894,179,2025-09-04
B001899,2025-11-01,Automotriz,Sucursal,Biobío,4048120,24,872856,0.2132,10,781,3771372,90,2026-06-29
B001900,2025-04-17,Automotriz,Convenio,Metropolitana,9401425,24,1266141,0.3448,21,835,3580206,0,
B001901,2025-02-24,Consumo,Digital,Metropolitana,2511967,36,420000,0.1931,26,771,1332984,0,
B001902,2025-04-28,Consumo,Convenio,Valparaíso,2834995,48,676462,0.0991,22,860,1981620,0,
B001903,2025-03-25,Automotriz,Sucursal,Valparaíso,3317429,18,1240065,0.1771,20,867,2245412,0,
B001904,2025-04-29,Tarjeta,Digital,Metropolitana,4828935,36,564082,0.2745,2,728,2260550,0,
B001905,2025-08-27,Tarjeta,Digital,Biobío,7251981,36,914393,0.2523,13,782,1287799,0,
B001906,2025-10-30,Consumo,Digital,Otras,3363606,24,420000,0.3676,16,690,2353742,0,
B001907,2025-08-29,Consumo,Digital,Metropolitana,3877241,24,802037,0.2327,32,723,2080204,0,
B001908,2025-04-10,Automotriz,Digital,Metropolitana,843336,24,655018,0.0609,25,839,181938,0,
B001909,2025-07-31,Consumo,Sucursal,Metropolitana,3005201,12,602374,0.4922,30,705,562448,0,
B001910,2025-12-05,Tarjeta,Digital,Metropolitana,1468471,24,420000,0.176,30,780,856405,174,2026-04-04
B001911,2025-09-12,Tarjeta,Sucursal,Metropolitana,2870235,18,420000,0.4354,27,657,2076977,90,2026-03-11
B001912,2025-06-03,Consumo,Sucursal,Metropolitana,673322,36,445059,0.0499,47,868,562619,0,
B001913,2025-09-11,Tarjeta,Sucursal,Metropolitana,3059671,36,616838,0.1623,16,777,2220604,0,
B001914,2025-12-18,Tarjeta,Digital,Metropolitana,2068357,24,426103,0.2168,20,762,1183702,0,
B001915,2025-09-30,Automotriz,Convenio,Otras,3074111,36,537661,0.1853,10,763,2041443,90,2026-08-26
B001916,2025-06-09,Tarjeta,Sucursal,Metropolitana,1927138,36,420000,0.1484,15,727,1303182,75,
B001917,2025-04-20,Tarjeta,Digital,Otras,6617065,36,1097494,0.2012,19,751,4188071,84,
B001918,2025-04-22,Consumo,Digital,Metropolitana,710573,48,420000,0.0385,32,862,561478,85,
B001919,2025-05-10,Consumo,Convenio,Biobío,2129352,36,709755,0.0961,29,798,1724520,0,
B001920,2025-07-01,Automotriz,Sucursal,Metropolitana,2818086,48,451864,0.1427,9,748,1745527,90,2025-10-29
B001921,2025-02-12,Automotriz,Digital,Metropolitana,3229091,36,759309,0.1254,33,835,406090,0,
B001922,2025-08-30,Microempresa,Convenio,Otras,5135445,24,620691,0.4016,13,697,2239934,0,
B001923,2025-01-23,Consumo,Digital,Valparaíso,2347249,24,420000,0.2484,14,702,839349,53,
B001924,2025-09-21,Consumo,Sucursal,Otras,2273274,48,442724,0.1283,69,898,1853228,0,
B001925,2025-09-08,Consumo,Digital,Metropolitana,1755292,48,579463,0.0681,32,758,586819,0,
B001926,2025-05-28,Microempresa,Sucursal,Biobío,3774435,24,1020355,0.1687,13,817,1961416,0,
B001927,2025-08-29,Tarjeta,Digital,Metropolitana,2430905,24,453273,0.2627,24,707,2030083,0,
B001928,2025-03-31,Consumo,Sucursal,Metropolitana,5056936,48,626265,0.1885,26,829,2901621,0,
B001929,2025-11-17,Consumo,Convenio,Otras,2982530,60,550266,0.1029,16,896,1517473,7,
B001930,2025-02-15,Consumo,Convenio,Valparaíso,3000742,36,929899,0.1036,9,799,1731750,0,
B001931,2025-03-02,Tarjeta,Sucursal,Otras,1240713,48,921174,0.0317,43,943,727114,0,
B001932,2025-07-15,Automotriz,Sucursal,Metropolitana,4841074,36,884551,0.177,20,800,2365668,0,
B001933,2025-07-02,Tarjeta,Digital,Biobío,2226452,48,1403555,0.0372,17,882,538777,0,
B001934,2025-10-07,Consumo,Digital,Metropolitana,3420892,48,420000,0.203,13,697,2070738,0,
B001935,2025-06-17,Tarjeta,Sucursal,Otras,1894595,18,420000,0.2687,28,745,1150811,0,
B001936,2025-04-18,Consumo,Digital,Metropolitana,2349132,48,420000,0.1236,34,767,2217119,231,2026-09-10
B001937,2025-06-17,Consumo,Digital,Metropolitana,5918304,24,1077012,0.2538,22,744,4502200,0,
B001938,2025-09-26,Consumo,Digital,Biobío,597617,60,420000,0.0267,24,778,443710,0,
B001939,2025-12-12,Consumo,Digital,Valparaíso,2216250,24,420000,0.2648,14,704,1722298,0,
B001940,2025-10-26,Consumo,Digital,Metropolitana,1397452,36,441498,0.1064,7,791,420593,0,
B001941,2025-04-07,Tarjeta,Digital,Metropolitana,6060114,36,945456,0.2133,6,733,5330764,90,2027-01-27
B001942,2025-12-29,Tarjeta,Digital,Metropolitana,1716101,24,420000,0.2055,20,705,1623098,160,2026-07-27
B001943,2025-07-05,Consumo,Sucursal,Biobío,4636007,24,971357,0.2401,17,823,1773650,10,
B001944,2025-05-08,Consumo,Sucursal,Valparaíso,2220273,36,420000,0.1671,12,778,760279,0,
B001945,2025-07-22,Consumo,Convenio,Metropolitana,3102853,60,475323,0.1159,17,771,592016,0,
B001946,2025-04-20,Consumo,Digital,Metropolitana,2587384,36,427853,0.1926,16,797,1132113,0,
B001947,2025-06-29,Consumo,Sucursal,Metropolitana,1963774,36,466630,0.1301,19,743,1224650,0,
B001948,2025-01-17,Consumo,Digital,Otras,2970513,24,533754,0.2758,25,717,1824344,112,2026-10-09
B001949,2025-08-06,Consumo,Convenio,Valparaíso,971533,18,646872,0.0984,29,819,194581,68,
B001950,2025-07-19,Tarjeta,Convenio,Metropolitana,2083617,12,529429,0.3929,12,648,1520750,179,2025-08-18
B001951,2025-08-21,Tarjeta,Sucursal,Metropolitana,5131225,48,691862,0.1805,14,725,2811267,0,
B001952,2025-10-03,Consumo,Digital,Valparaíso,6619356,48,742096,0.2241,24,758,815589,0,
B001953,2025-01-31,Tarjeta,Sucursal,Metropolitana,3776877,24,420000,0.4313,18,686,2970959,0,
B001954,2025-05-06,Consumo,Digital,Metropolitana,2773309,24,420000,0.3107,23,713,1794197,90,2025-11-02
B001955,2025-01-20,Tarjeta,Sucursal,Metropolitana,5260187,48,593633,0.1978,34,751,2392711,0,
B001956,2025-09-19,Automotriz,Digital,Metropolitana,7814514,18,968023,0.5244,25,725,3697198,0,
B001957,2025-06-16,Tarjeta,Convenio,Otras,5680000,12,941085,0.5464,37,623,1106323,0,
B001958,2025-02-18,Consumo,Digital,Biobío,1340991,24,462823,0.1303,45,815,838957,80,
B001959,2025-08-11,Automotriz,Digital,Metropolitana,3616872,36,420000,0.2771,11,741,2924373,0,
B001960,2025-07-01,Consumo,Digital,Metropolitana,1400928,36,746172,0.0579,27,859,834047,0,
B001961,2025-07-08,Consumo,Convenio,Metropolitana,9336056,24,1967716,0.2114,5,838,6644943,0,
B001962,2025-09-18,Automotriz,Digital,Valparaíso,3461714,48,420000,0.2003,38,816,2618125,0,
B001963,2025-04-14,Consumo,Sucursal,Biobío,2501491,36,420000,0.189,16,719,1537784,90,2026-10-06
B001964,2025-01-11,Consumo,Convenio,Metropolitana,5476398,24,693740,0.3657,31,797,637967,0,
B001965,2025-08-08,Tarjeta,Sucursal,Metropolitana,2517165,36,994039,0.0797,9,868,1063515,0,
B001966,2025-04-29,Consumo,Sucursal,Otras,4500189,36,518262,0.2569,23,840,1945179,0,
B001967,2025-08-17,Automotriz,Sucursal,Valparaíso,4309320,36,569510,0.2307,17,803,613087,77,
B001968,2025-04-01,Automotriz,Digital,Metropolitana,1921319,48,420000,0.1086,21,812,356098,0,
B001969,2025-03-28,Consumo,Digital,Valparaíso,1666698,24,564240,0.1411,27,760,1116259,90,2025-06-26
B001970,2025-08-28,Tarjeta,Convenio,Otras,793193,36,420000,0.0557,25,871,400166,0,
B001971,2025-05-11,Tarjeta,Digital,Otras,563186,36,420000,0.0441,33,886,274910,65,
B001972,2025-03-11,Consumo,Sucursal,Biobío,9371018,36,1692068,0.1871,52,860,7925044,0,
B001973,2025-12-22,Tarjeta,Convenio,Valparaíso,5021787,48,690191,0.1701,26,843,2443205,0,
B001974,2025-01-19,Consumo,Digital,Valparaíso,2858773,24,420000,0.3335,26,730,1161945,0,
B001975,2025-07-07,Consumo,Sucursal,Metropolitana,6617272,36,735769,0.2678,18,752,746505,0,
B001976,2025-03-26,Automotriz,Sucursal,Metropolitana,3860399,18,627072,0.3914,8,697,2266694,0,
B001977,2025-02-19,Consumo,Digital,Metropolitana,4049255,24,653179,0.3085,6,700,651609,0,
B001978,2025-04-18,Microempresa,Sucursal,Valparaíso,16279170,48,2421737,0.1621,11,896,4622472,0,
B001979,2025-09-03,Tarjeta,Digital,Valparaíso,1922516,48,615806,0.0793,8,719,693776,0,
B001980,2025-03-23,Consumo,Sucursal,Metropolitana,1118352,18,525297,0.1384,14,738,462659,0,
B001981,2025-04-03,Consumo,Convenio,Metropolitana,9604933,60,1073035,0.1761,24,859,6981961,0,
B001982,2025-01-10,Automotriz,Sucursal,Otras,5755143,60,884544,0.1209,22,865,3369642,0,
B001983,2025-07-14,Tarjeta,Sucursal,Metropolitana,4217423,60,1684360,0.0456,30,920,3458040,0,
B001984,2025-06-30,Tarjeta,Digital,Metropolitana,3792855,36,692980,0.1709,31,760,1291014,0,
B001985,2025-04-22,Microempresa,Sucursal,Metropolitana,2519763,60,452410,0.1027,44,811,963947,0,
B001986,2025-01-24,Tarjeta,Digital,Otras,3271900,36,589378,0.1679,88,867,2106317,0,
B001987,2025-10-24,Consumo,Digital,Metropolitana,3909996,36,1023440,0.1186,39,887,2620954,0,
B001988,2025-10-28,Consumo,Digital,Metropolitana,1029507,48,493368,0.0505,14,844,675147,0,
B001989,2025-02-01,Consumo,Digital,Biobío,3140225,48,536145,0.1339,8,782,1403034,0,
B001990,2025-07-22,Microempresa,Convenio,Metropolitana,1358216,48,541454,0.059,6,789,659582,0,
B001991,2025-07-27,Consumo,Digital,Metropolitana,1284909,60,575072,0.041,15,894,1078249,0,
B001992,2025-07-09,Consumo,Sucursal,Biobío,1041585,24,420000,0.1204,16,761,371656,60,
B001993,2025-05-18,Tarjeta,Sucursal,Otras,3334450,48,465302,0.1596,9,691,1751834,0,
B001994,2025-02-25,Tarjeta,Sucursal,Valparaíso,2632586,36,485586,0.182,53,747,1667079,0,
B001995,2025-10-12,Automotriz,Sucursal,Biobío,3679296,48,1403078,0.0595,16,921,2202925,0,
B001996,2025-09-03,Tarjeta,Digital,Otras,5330438,48,1123181,0.1086,4,811,2143000,0,
B001997,2025-12-11,Microempresa,Sucursal,Valparaíso,1371303,36,723368,0.0558,43,893,508211,0,
B001998,2025-01-24,Tarjeta,Digital,Metropolitana,1116004,48,526253,0.0504,8,803,452752,0,
B001999,2025-03-23,Consumo,Convenio,Otras,4568320,24,852819,0.2371,41,867,3323293,0,
B002000,2025-03-15,Automotriz,Sucursal,Valparaíso,2091695,18,620405,0.2062,15,843,1277195,0,
B002001,2025-11-19,Consumo,Sucursal,Metropolitana,3441279,24,807078,0.1991,19,877,2613349,0,
B002002,2025-11-14,Consumo,Sucursal,Metropolitana,1856155,18,832244,0.1494,15,847,785126,0,
B002003,2025-09-17,Consumo,Digital,Metropolitana,2935893,24,1070451,0.1308,11,872,1837268,0,
B002004,2025-01-06,Consumo,Sucursal,Valparaíso,2228341,24,420000,0.24,22,793,764960,0,
B002005,2025-06-27,Consumo,Sucursal,Metropolitana,3124578,48,420000,0.1815,12,767,1047887,0,
B002006,2025-04-20,Consumo,Digital,Metropolitana,2517377,12,560538,0.4391,12,673,1558372,0,
B002007,2025-11-29,Microempresa,Sucursal,Biobío,1734900,60,712368,0.0472,19,899,1243772,0,
B002008,2025-03-31,Automotriz,Digital,Biobío,1692366,48,420000,0.0926,22,826,974147,0,
B002009,2025-06-09,Tarjeta,Digital,Biobío,2551936,36,420000,0.1826,18,757,1278007,0,
B002010,2025-02-28,Tarjeta,Sucursal,Otras,3211816,24,420000,0.3408,18,766,981969,0,
B002011,2025-11-03,Consumo,Sucursal,Metropolitana,3579371,24,420000,0.433,19,721,2547160,0,
B002012,2025-05-01,Tarjeta,Sucursal,Metropolitana,4466426,24,809170,0.2773,12,760,2863824,0,
B002013,2025-04-19,Consumo,Sucursal,Metropolitana,4940415,48,969876,0.116,68,896,2922348,0,
B002014,2025-06-05,Consumo,Sucursal,Metropolitana,2043334,36,1090087,0.0581,5,916,1205310,0,
B002015,2025-07-16,Automotriz,Convenio,Metropolitana,17350273,36,1987133,0.2675,54,846,5373477,0,
B002016,2025-08-03,Automotriz,Sucursal,Valparaíso,6040901,18,1005088,0.3949,7,697,4826521,0,
B002017,2025-05-02,Tarjeta,Sucursal,Metropolitana,717057,36,421280,0.0567,24,807,100383,0,
B002018,2025-04-01,Microempresa,Digital,Metropolitana,736890,36,521935,0.0478,15,818,367262,0,
B002019,2025-12-21,Consumo,Sucursal,Valparaíso,1539184,18,420000,0.2194,17,759,1110698,0,
B002020,2025-05-11,Automotriz,Digital,Otras,3831862,24,1157884,0.156,69,945,645784,0,
B002021,2025-06-02,Consumo,Digital,Metropolitana,2467815,24,420000,0.2837,30,717,1523828,138,2025-12-29
B002022,2025-08-19,Automotriz,Sucursal,Metropolitana,2573482,24,420000,0.2734,24,742,583769,0,
B002023,2025-09-13,Automotriz,Sucursal,Valparaíso,3563463,24,474449,0.3726,11,698,3411613,154,2026-01-11
B002024,2025-01-27,Tarjeta,Sucursal,Biobío,659680,60,441008,0.0278,13,782,514746,30,
B002025,2025-03-14,Consumo,Digital,Valparaíso,4200141,48,1025036,0.0985,54,885,1504880,0,
B002026,2025-07-10,Automotriz,Sucursal,Metropolitana,5611067,60,682764,0.1468,10,761,4155490,301,2026-11-02
B002027,2025-03-03,Tarjeta,Digital,Otras,3729721,18,500590,0.4902,19,611,1943732,0,
B002028,2025-04-04,Consumo,Digital,Metropolitana,4908927,18,608755,0.5033,5,649,1051361,0,
B002029,2025-07-01,Consumo,Sucursal,Metropolitana,2694667,48,458230,0.1415,9,803,1314911,50,
B002030,2025-03-04,Microempresa,Sucursal,Metropolitana,6998975,18,893339,0.4867,8,665,6346723,144,2026-01-28
B002031,2025-03-22,Microempresa,Sucursal,Metropolitana,1621569,24,854435,0.0914,37,864,515096,0,
B002032,2025-05-03,Consumo,Digital,Valparaíso,4393784,18,927715,0.2809,24,777,2626169,0,
B002033,2025-01-21,Microempresa,Digital,Metropolitana,4576827,36,617303,0.2411,7,743,2597060,323,2025-05-21
B002034,2025-01-17,Tarjeta,Convenio,Valparaíso,4698339,48,546901,0.2034,14,743,4422143,132,2025-09-14
B002035,2025-06-29,Tarjeta,Digital,Biobío,2794259,36,691654,0.1356,21,854,2093612,0,
B002036,2025-07-25,Consumo,Convenio,Metropolitana,7633688,36,1117465,0.2184,22,836,2655647,0,
B002037,2025-12-27,Automotriz,Sucursal,Biobío,3409446,60,420000,0.1522,44,873,1417720,0,
B002038,2025-02-24,Tarjeta,Convenio,Valparaíso,1920821,60,544628,0.0712,19,844,605169,0,
B002039,2025-06-20,Consumo,Digital,Metropolitana,3154051,60,870510,0.0692,20,872,818213,0,
B002040,2025-09-24,Consumo,Digital,Biobío,8906716,36,1314946,0.1996,17,810,1991595,0,
B002041,2025-01-28,Tarjeta,Digital,Otras,6735314,48,1224553,0.1373,20,835,3810822,79,
B002042,2025-09-03,Automotriz,Sucursal,Biobío,2632322,36,420000,0.1902,8,715,1327798,0,
B002043,2025-03-04,Automotriz,Sucursal,Metropolitana,3394357,36,1273091,0.0835,23,950,2495982,0,
B002044,2025-08-09,Consumo,Sucursal,Otras,2068935,48,1018744,0.0504,11,874,1496658,0,
B002045,2025-08-26,Microempresa,Digital,Metropolitana,17067502,48,1951280,0.2135,3,819,4339246,0,
B002046,2025-07-28,Consumo,Digital,Metropolitana,3618122,60,420000,0.1544,38,767,993045,0,
B002047,2025-01-23,Tarjeta,Convenio,Otras,2527490,36,449233,0.1665,23,785,1584544,82,
B002048,2025-06-18,Consumo,Sucursal,Biobío,7586010,24,927637,0.3774,68,777,3838302,0,
B002049,2025-10-26,Consumo,Sucursal,Metropolitana,3320942,24,483814,0.3392,3,696,2383718,0,
B002050,2025-02-12,Tarjeta,Digital,Metropolitana,617020,24,495491,0.0619,11,823,219405,0,
B002051,2025-01-06,Tarjeta,Digital,Biobío,1379817,24,420000,0.1505,23,744,445069,0,
B002052,2025-09-19,Automotriz,Digital,Valparaíso,1586330,36,976191,0.0502,90,950,800092,0,
B002053,2025-04-05,Consumo,Sucursal,Metropolitana,1153173,18,420000,0.1712,44,830,312035,0,
B002054,2025-09-17,Microempresa,Digital,Otras,1424299,36,921588,0.0495,22,888,518301,0,
B002055,2025-08-10,Consumo,Sucursal,Biobío,5788538,24,1592289,0.1608,17,851,3618697,0,
B002056,2025-02-18,Consumo,Digital,Metropolitana,4523365,36,543194,0.2558,38,807,2490344,0,
B002057,2025-03-25,Automotriz,Sucursal,Biobío,1259844,24,478577,0.1292,23,810,789593,0,
B002058,2025-06-10,Consumo,Digital,Otras,2999927,24,420000,0.3605,12,659,2679788,155,2025-12-07
B002059,2025-11-17,Tarjeta,Convenio,Metropolitana,2598784,60,460270,0.1045,8,799,1734583,90,2026-09-13
B002060,2025-08-21,Consumo,Digital,Metropolitana,5041085,24,907688,0.2767,21,759,1343881,0,
B002061,2025-11-24,Consumo,Digital,Biobío,1727412,36,420000,0.1322,23,737,182887,0,
B002062,2025-04-28,Microempresa,Digital,Otras,2498183,24,420000,0.2909,29,714,1778136,0,
B002063,2025-04-11,Consumo,Sucursal,Otras,3117118,36,1265817,0.0782,41,950,1148540,0,
B002064,2025-06-29,Automotriz,Sucursal,Metropolitana,3346403,24,420000,0.3668,24,623,737302,0,
B002065,2025-12-20,Tarjeta,Digital,Valparaíso,2442934,24,521898,0.2115,43,793,429607,0,
B002066,2025-04-27,Tarjeta,Digital,Otras,7040414,18,1091553,0.427,9,649,1630954,0,
B002067,2025-01-17,Automotriz,Digital,Metropolitana,3718516,36,420000,0.2794,20,749,2412756,0,
B002068,2025-04-10,Consumo,Sucursal,Metropolitana,760754,36,454985,0.0544,18,792,594070,0,
B002069,2025-07-07,Consumo,Sucursal,Biobío,2896631,24,420000,0.3323,21,772,2420308,90,2026-05-03
B002070,2025-04-19,Consumo,Convenio,Otras,937517,24,420000,0.1039,20,844,495146,0,
B002071,2025-07-11,Consumo,Sucursal,Metropolitana,2897291,60,1908742,0.0288,15,893,478135,0,
B002072,2025-05-17,Automotriz,Digital,Metropolitana,662202,60,520697,0.0236,24,848,420992,0,
B002073,2025-09-14,Automotriz,Sucursal,Otras,2642789,24,621719,0.1914,25,778,2125075,0,
B002074,2025-12-21,Automotriz,Sucursal,Metropolitana,2829493,24,420000,0.3199,13,681,505036,0,
B002075,2025-08-17,Tarjeta,Convenio,Valparaíso,3499707,12,420000,0.8187,24,513,2742976,90,2026-08-12
B002076,2025-02-15,Consumo,Digital,Metropolitana,2651904,48,751055,0.0868,10,846,828195,0,
B002077,2025-06-28,Consumo,Digital,Metropolitana,3235059,60,420000,0.1457,19,771,1630868,0,
B002078,2025-01-01,Consumo,Digital,Biobío,2579776,60,1206452,0.0381,38,944,1252912,0,
B002079,2025-12-12,Consumo,Sucursal,Metropolitana,1497472,36,875829,0.0532,26,950,581408,0,
B002080,2025-06-12,Automotriz,Digital,Metropolitana,3387141,48,459650,0.1795,35,838,1349030,0,
B002081,2025-06-24,Consumo,Sucursal,Otras,2985414,24,420000,0.3236,5,731,983058,0,
B002082,2025-07-18,Consumo,Digital,Otras,928141,48,686023,0.0336,26,818,172702,0,
B002083,2025-05-11,Tarjeta,Digital,Otras,2530396,36,1138474,0.075,17,891,1936081,0,
B002084,2025-10-11,Automotriz,Digital,Biobío,8278384,36,1069385,0.2429,9,800,2570397,0,
B002085,2025-03-02,Consumo,Sucursal,Biobío,3122080,36,420000,0.2214,15,779,1402934,0,
B002086,2025-04-25,Microempresa,Digital,Metropolitana,6991333,36,1069783,0.2012,11,796,3501244,0,
B002087,2025-09-03,Consumo,Digital,Metropolitana,8612516,24,1038961,0.3766,4,664,5185802,0,
B002088,2025-07-10,Consumo,Convenio,Otras,3110796,60,620294,0.0981,30,859,2619278,0,
B002089,2025-09-05,Consumo,Digital,Metropolitana,758194,24,487393,0.0736,6,787,140367,0,
B002090,2025-09-04,Tarjeta,Convenio,Metropolitana,4564491,18,1091140,0.2495,31,808,3109037,0,
B002091,2025-12-11,Consumo,Sucursal,Metropolitana,3790971,48,472093,0.2034,30,748,1789768,0,
B002092,2025-09-21,Consumo,Convenio,Otras,7254468,24,1053301,0.3208,35,777,5262788,0,
B002093,2025-02-15,Microempresa,Digital,Otras,5179432,36,1408858,0.1129,32,950,1934539,0,
B002094,2025-02-28,Microempresa,Digital,Valparaíso,4616780,48,614132,0.179,50,815,1955341,0,
B002095,2025-03-13,Consumo,Sucursal,Metropolitana,1405459,24,700925,0.0913,45,897,533910,0,
B002096,2025-06-20,Automotriz,Sucursal,Metropolitana,3114161,24,420000,0.3473,8,759,2049182,0,
B002097,2025-05-23,Tarjeta,Convenio,Otras,1052952,36,743265,0.0422,43,853,787537,9,
B002098,2025-04-29,Consumo,Sucursal,Biobío,3192390,36,1344038,0.0772,34,950,937418,0,
B002099,2025-07-20,Consumo,Digital,Biobío,3751702,48,841827,0.1033,43,915,2940488,0,
B002100,2025-08-05,Consumo,Sucursal,Metropolitana,1755670,48,420000,0.103,7,830,1132871,0,
B002101,2025-09-06,Consumo,Sucursal,Metropolitana,4210823,60,495637,0.167,24,866,1002511,0,
B002102,2025-09-05,Tarjeta,Sucursal,Metropolitana,848808,18,420000,0.1363,14,735,277957,0,
B002103,2025-05-21,Consumo,Digital,Otras,14308197,24,1872525,0.3447,15,801,4941454,0,
B002104,2025-10-18,Consumo,Sucursal,Metropolitana,705646,36,496125,0.0452,39,854,240020,0,
B002105,2025-09-29,Microempresa,Sucursal,Otras,3556659,18,420000,0.503,21,635,589606,0,
B002106,2025-12-11,Microempresa,Convenio,Metropolitana,3152283,36,497545,0.2036,33,752,1333602,79,
B002107,2025-07-02,Consumo,Digital,Otras,1057812,18,628880,0.1097,20,784,895964,0,
B002108,2025-04-05,Consumo,Sucursal,Valparaíso,5057153,36,918063,0.1686,7,764,2390675,0,
B002109,2025-12-21,Automotriz,Digital,Metropolitana,1784493,60,420000,0.0862,25,842,696735,0,
B002110,2025-04-09,Tarjeta,Digital,Otras,3333766,60,420000,0.1461,4,713,2227487,113,2025-10-06
B002111,2025-06-05,Consumo,Sucursal,Otras,3006280,24,577271,0.2307,18,756,1698135,90,2026-05-01
B002112,2025-05-04,Tarjeta,Sucursal,Otras,6956666,60,941887,0.1499,30,873,3769367,0,
B002113,2025-01-08,Tarjeta,Digital,Otras,8110220,24,957164,0.3851,30,735,5777162,0,
B002114,2025-05-01,Consumo,Sucursal,Metropolitana,3869947,36,546663,0.2105,24,806,2735780,0,
B002115,2025-11-03,Consumo,Digital,Metropolitana,3014447,36,420000,0.235,16,753,1856167,0,
B002116,2025-09-05,Consumo,Sucursal,Metropolitana,681132,48,502999,0.0327,48,928,501590,0,
B002117,2025-08-19,Automotriz,Sucursal,Metropolitana,2157551,12,952857,0.2221,20,854,810983,0,
B002118,2025-06-01,Consumo,Sucursal,Metropolitana,2151730,48,420000,0.1264,16,844,577324,0,
B002119,2025-11-06,Automotriz,Sucursal,Metropolitana,731600,48,420000,0.0436,23,859,138064,0,
B002120,2025-08-13,Tarjeta,Convenio,Otras,8304968,12,1002243,0.7619,38,570,3658665,0,
B002121,2025-11-16,Automotriz,Digital,Valparaíso,2593015,24,420000,0.2872,21,737,560243,0,
B002122,2025-12-18,Consumo,Sucursal,Metropolitana,4559458,36,624752,0.2156,7,754,3179653,0,
B002123,2025-02-21,Consumo,Sucursal,Metropolitana,2356401,18,835139,0.1666,11,807,545973,64,
B002124,2025-07-28,Consumo,Digital,Otras,4038872,36,842593,0.1464,21,823,2128106,0,
B002125,2025-05-17,Consumo,Sucursal,Valparaíso,2331728,36,1250358,0.059,25,839,618308,7,
B002126,2025-11-09,Tarjeta,Digital,Otras,5463182,60,986441,0.101,28,873,3632839,0,
B002127,2025-08-08,Tarjeta,Digital,Metropolitana,2686550,24,962381,0.1393,24,892,570753,0,
B002128,2025-02-25,Tarjeta,Convenio,Valparaíso,4426666,36,557579,0.248,29,751,2120560,0,
B002129,2025-01-06,Tarjeta,Convenio,Biobío,2753222,18,701882,0.2497,9,762,624852,0,
B002130,2025-06-12,Consumo,Sucursal,Metropolitana,2849138,36,420000,0.2088,11,784,2601529,96,2025-11-09
B002131,2025-10-22,Tarjeta,Digital,Biobío,3715912,36,560763,0.2111,15,688,565460,0,
B002132,2025-06-06,Tarjeta,Digital,Otras,1841088,36,420000,0.1469,25,773,995092,0,
B002133,2025-11-01,Consumo,Convenio,Metropolitana,4612180,48,557978,0.1991,19,810,2058470,0,
B002134,2025-01-15,Automotriz,Sucursal,Metropolitana,3609785,36,591729,0.2011,17,830,1817582,0,
B002135,2025-04-18,Consumo,Sucursal,Otras,2092293,24,420000,0.2406,12,776,219939,0,
B002136,2025-02-19,Consumo,Digital,Metropolitana,7677721,60,891415,0.1714,23,787,4887189,0,
B002137,2025-01-07,Consumo,Digital,Metropolitana,1165801,24,594514,0.0975,46,805,876231,0,
B002138,2025-01-14,Tarjeta,Sucursal,Biobío,3572121,24,507817,0.3162,15,754,559860,0,
B002139,2025-10-26,Automotriz,Sucursal,Metropolitana,3001915,36,420000,0.2128,23,802,455461,0,
B002140,2025-03-22,Automotriz,Digital,Valparaíso,3736552,48,450243,0.2068,28,711,512166,45,
B002141,2025-06-02,Consumo,Sucursal,Biobío,3607041,60,420000,0.1523,48,797,521796,0,
B002142,2025-06-07,Consumo,Convenio,Otras,5293563,18,831537,0.4096,10,668,839567,76,
B002143,2025-02-25,Consumo,Digital,Biobío,1988685,18,420000,0.299,18,753,1938960,120,2025-07-25
B002144,2025-08-29,Consumo,Convenio,Metropolitana,3775370,48,486955,0.1764,18,797,2431250,0,
B002145,2025-10-11,Tarjeta,Convenio,Metropolitana,3401830,24,617645,0.2579,41,805,1793538,0,
B002146,2025-03-07,Microempresa,Digital,Metropolitana,1667521,24,420000,0.1813,12,803,802482,0,
B002147,2025-11-24,Automotriz,Convenio,Metropolitana,5248724,24,591629,0.4493,34,714,3565432,0,
B002148,2025-11-07,Consumo,Digital,Biobío,7523050,24,1173915,0.3191,22,809,3433580,0,
B002149,2025-12-28,Consumo,Sucursal,Metropolitana,841729,12,690038,0.1171,31,890,497070,0,
B002150,2025-05-04,Tarjeta,Digital,Metropolitana,1843627,48,449795,0.1037,16,784,325463,0,
B002151,2025-06-21,Tarjeta,Digital,Otras,6274937,18,776774,0.536,25,673,5524852,90,2026-02-16
B002152,2025-12-09,Consumo,Convenio,Biobío,3407722,24,420000,0.3831,22,728,2561744,90,2026-07-07
B002153,2025-03-06,Tarjeta,Digital,Metropolitana,1496395,36,622542,0.0792,13,782,852410,0,
B002154,2025-03-11,Tarjeta,Digital,Metropolitana,5348145,24,1656325,0.144,11,824,4487434,109,2025-08-08
B002155,2025-09-16,Automotriz,Sucursal,Valparaíso,15988555,36,1961934,0.2566,18,898,4907901,66,
B002156,2025-01-13,Tarjeta,Convenio,Metropolitana,3498522,60,741411,0.0943,41,880,2776374,90,2026-01-08
B002157,2025-06-13,Consumo,Digital,Valparaíso,1361688,12,459245,0.2829,10,699,1030162,90,2025-07-13
B002158,2025-04-04,Consumo,Digital,Otras,1985735,60,453098,0.0781,27,830,1300481,0,
B002159,2025-02-26,Consumo,Convenio,Valparaíso,6279712,36,714576,0.2622,18,769,1503793,0,
B002160,2025-10-11,Automotriz,Convenio,Biobío,1779841,12,686801,0.2547,29,839,764530,0,
B002161,2025-12-11,Automotriz,Convenio,Otras,956041,36,680497,0.0437,36,885,134670,0,
B002162,2025-11-29,Tarjeta,Sucursal,Valparaíso,4603762,18,538600,0.5244,11,631,3618751,90,2026-07-27
B002163,2025-07-02,Microempresa,Digital,Biobío,3802233,24,620423,0.2817,31,789,1093967,87,
B002164,2025-10-15,Automotriz,Digital,Otras,7705584,12,880010,0.8227,30,570,974247,0,
B002165,2025-03-26,Microempresa,Digital,Metropolitana,3263547,24,420000,0.3664,35,711,1645641,0,
B002166,2025-09-17,Consumo,Sucursal,Metropolitana,1040004,48,420000,0.0604,23,861,143677,0,
B002167,2025-04-22,Microempresa,Sucursal,Valparaíso,9841063,60,1725249,0.1157,13,849,6707009,0,
B002168,2025-04-22,Consumo,Convenio,Metropolitana,1750902,18,460007,0.2479,12,814,877212,0,
B002169,2025-02-11,Consumo,Convenio,Metropolitana,1538939,36,420000,0.1095,11,808,364875,0,
B002170,2025-05-31,Consumo,Sucursal,Metropolitana,878064,60,712270,0.0247,30,888,347743,0,
B002171,2025-10-22,Automotriz,Convenio,Metropolitana,5342457,60,654050,0.1495,74,873,1052964,0,
B002172,2025-12-24,Consumo,Digital,Metropolitana,631556,60,520706,0.0222,30,808,464310,0,
B002173,2025-01-11,Microempresa,Sucursal,Biobío,2402869,18,420000,0.3674,18,772,556545,0,
B002174,2025-08-11,Consumo,Convenio,Metropolitana,3541526,12,947456,0.3494,8,703,2708121,0,
B002175,2025-01-25,Consumo,Digital,Valparaíso,1229828,48,902845,0.0302,15,846,379656,0,
B002176,2025-01-07,Consumo,Digital,Metropolitana,2193718,36,573260,0.1246,18,729,1632245,0,
B002177,2025-04-09,Consumo,Digital,Otras,753771,60,420000,0.0326,26,878,225742,0,
B002178,2025-08-30,Automotriz,Digital,Metropolitana,6393272,24,739979,0.4314,14,713,1593319,0,
B002179,2025-12-27,Tarjeta,Sucursal,Valparaíso,649082,12,420000,0.1385,14,694,493555,0,
B002180,2025-03-21,Consumo,Convenio,Metropolitana,4324833,36,578375,0.228,31,781,3484213,114,2025-07-19
B002181,2025-01-31,Microempresa,Sucursal,Metropolitana,3417460,36,511823,0.2151,40,785,2370256,262,2025-09-28
B002182,2025-11-28,Consumo,Convenio,Metropolitana,3589551,24,420000,0.434,7,641,2102563,0,
B002183,2025-05-07,Consumo,Convenio,Metropolitana,3090775,36,1678707,0.0616,22,908,1578388,0,
B002184,2025-09-20,Tarjeta,Digital,Biobío,546140,36,420000,0.0398,20,864,243692,0,
B002185,2025-02-13,Consumo,Digital,Biobío,824598,48,420000,0.0484,6,754,682206,0,
B002186,2025-09-10,Consumo,Digital,Metropolitana,3975960,48,634180,0.1465,5,785,2688437,0,
B002187,2025-08-05,Consumo,Sucursal,Metropolitana,4270191,36,780402,0.1819,25,847,1788912,0,
B002188,2025-12-26,Consumo,Sucursal,Otras,2213045,48,634142,0.0867,10,830,1047180,0,
B002189,2025-01-26,Consumo,Sucursal,Metropolitana,2828324,48,570191,0.1106,22,860,293318,0,
B002190,2025-07-02,Automotriz,Digital,Metropolitana,1183538,24,420000,0.1268,27,776,428584,0,
B002191,2025-08-22,Consumo,Digital,Metropolitana,8112580,60,1788022,0.0854,5,870,4738729,0,
B002192,2025-05-02,Consumo,Digital,Metropolitana,3910035,36,1106404,0.1123,28,878,1422431,0,
B002193,2025-10-29,Tarjeta,Sucursal,Metropolitana,1479901,24,420000,0.156,28,730,266586,11,
B002194,2025-09-20,Consumo,Convenio,Metropolitana,2030632,60,797328,0.0485,15,905,1543319,0,
B002195,2025-07-01,Consumo,Convenio,Otras,2707064,36,420000,0.2014,12,833,1182834,48,
B002196,2025-02-09,Consumo,Sucursal,Metropolitana,2773119,12,739657,0.3796,9,747,1818556,124,2025-05-10
B002197,2025-06-28,Consumo,Sucursal,Otras,4468353,48,672868,0.1588,46,877,2461921,0,
B002198,2025-05-10,Consumo,Sucursal,Metropolitana,4319170,36,552086,0.2463,29,750,1025439,0,
B002199,2025-08-18,Microempresa,Digital,Metropolitana,7873714,36,914916,0.258,13,795,5523399,0,
B002200,2025-11-26,Consumo,Sucursal,Valparaíso,4641738,24,562613,0.4109,13,662,2386108,0,
B002201,2025-12-11,Automotriz,Sucursal,Otras,1254992,12,905483,0.1358,29,859,803979,0,
B002202,2025-09-17,Automotriz,Digital,Biobío,2673437,36,806850,0.1061,4,860,1820693,0,
B002203,2025-02-21,Consumo,Sucursal,Metropolitana,3010935,60,420000,0.1418,39,836,1761484,46,
B002204,2025-12-21,Tarjeta,Sucursal,Metropolitana,1280574,24,558778,0.1074,14,766,852545,0,
B002205,2025-02-23,Consumo,Sucursal,Metropolitana,4432667,36,685842,0.1948,35,778,960826,0,
B002206,2025-07-21,Consumo,Sucursal,Metropolitana,7041458,24,892893,0.3742,26,809,1393751,0,
B002207,2025-09-03,Tarjeta,Digital,Metropolitana,6394700,48,779607,0.2028,45,755,1398219,0,
B002208,2025-12-30,Automotriz,Digital,Biobío,2668722,60,420000,0.1154,17,803,2006344,0,
B002209,2025-08-24,Tarjeta,Digital,Valparaíso,1309369,18,476884,0.1774,24,775,163101,0,
B002210,2025-04-27,Tarjeta,Sucursal,Biobío,2794261,48,420000,0.1518,21,784,1738768,0,
B002211,2025-11-25,Tarjeta,Digital,Metropolitana,4036844,48,491570,0.1902,20,821,2479533,0,
B002212,2025-04-06,Consumo,Digital,Metropolitana,4363506,12,575413,0.7444,19,569,3315811,90,2027-01-26
B002213,2025-11-08,Tarjeta,Digital,Biobío,2280519,18,725726,0.1986,29,739,1148278,0,
B002214,2025-01-31,Consumo,Sucursal,Metropolitana,1866318,18,453287,0.2495,12,769,1672329,90,2025-03-02
B002215,2025-05-25,Consumo,Digital,Otras,5709625,36,653655,0.2874,6,762,2054194,0,
B002216,2025-08-26,Automotriz,Digital,Metropolitana,6632407,24,1246498,0.2528,23,851,2617559,0,
B002217,2025-07-13,Consumo,Digital,Valparaíso,5505039,36,818723,0.2127,35,833,4050726,0,
B002218,2025-12-13,Consumo,Sucursal,Metropolitana,2038956,24,420000,0.2378,11,747,569638,0,
B002219,2025-06-15,Consumo,Sucursal,Metropolitana,2337528,36,420000,0.1872,18,723,445308,0,
B002220,2025-07-24,Tarjeta,Digital,Biobío,2021504,36,420000,0.1538,11,739,1612389,0,
B002221,2025-09-02,Consumo,Sucursal,Otras,2293743,60,627631,0.0703,11,830,549207,0,
B002222,2025-03-20,Consumo,Sucursal,Metropolitana,948536,48,606276,0.0391,32,842,369111,0,
B002223,2025-09-11,Consumo,Sucursal,Metropolitana,3777332,48,420524,0.2208,21,730,1810549,0,
B002224,2025-04-07,Automotriz,Sucursal,Biobío,2376802,36,420000,0.171,51,933,1636029,0,
B002225,2025-09-23,Tarjeta,Sucursal,Otras,3445605,24,420000,0.3817,10,662,1991204,0,
B002226,2025-09-10,Consumo,Digital,Biobío,3187254,24,420000,0.3786,14,649,2387613,0,
B002227,2025-10-14,Consumo,Digital,Metropolitana,1596340,24,739309,0.0965,6,805,851686,0,
B002228,2025-10-13,Microempresa,Sucursal,Otras,4158262,60,875349,0.0924,9,914,1707008,30,
B002229,2025-07-13,Automotriz,Sucursal,Otras,3278476,48,577732,0.1362,7,774,2780283,0,
B002230,2025-11-01,Tarjeta,Sucursal,Metropolitana,4084924,18,524110,0.4855,20,583,1932919,0,
B002231,2025-10-01,Tarjeta,Digital,Biobío,2640832,60,1203993,0.0437,14,891,2067518,56,
B002232,2025-10-15,Microempresa,Convenio,Otras,2024509,48,677813,0.073,13,868,1643187,90,2027-04-08
B002233,2025-07-28,Tarjeta,Sucursal,Metropolitana,8663494,48,973166,0.226,8,753,1869172,0,
B002234,2025-12-19,Tarjeta,Sucursal,Metropolitana,4308060,24,487704,0.4055,36,729,3021911,0,
B002235,2025-06-19,Consumo,Digital,Metropolitana,3393185,36,854290,0.1322,15,758,1149941,0,
B002236,2025-11-02,Tarjeta,Convenio,Biobío,5632539,24,748936,0.3772,22,695,3743643,90,2026-03-02
B002237,2025-10-16,Automotriz,Sucursal,Metropolitana,5298930,24,722198,0.3601,9,717,1680179,0,
B002238,2025-09-19,Tarjeta,Digital,Valparaíso,5915490,60,923534,0.1269,19,796,2935272,0,
B002239,2025-03-02,Tarjeta,Sucursal,Metropolitana,3753843,60,1103640,0.0651,16,902,1747588,0,
B002240,2025-06-03,Consumo,Sucursal,Biobío,3390933,36,997572,0.1083,10,846,807541,0,
B002241,2025-06-14,Tarjeta,Sucursal,Otras,3234599,48,482123,0.1693,6,794,1195183,0,
B002242,2025-06-03,Consumo,Digital,Valparaíso,1472959,48,959156,0.0385,26,878,358474,0,
B002243,2025-12-11,Microempresa,Sucursal,Otras,2208997,60,971010,0.0411,38,950,770636,0,
B002244,2025-09-13,Automotriz,Sucursal,Otras,2552333,24,420000,0.2851,33,761,2038516,8,
B002245,2025-11-18,Automotriz,Convenio,Metropolitana,4063208,18,810814,0.3271,21,771,1692077,0,
B002246,2025-03-04,Automotriz,Sucursal,Metropolitana,3015556,12,595509,0.493,16,630,867150,0,
B002247,2025-07-09,Tarjeta,Digital,Valparaíso,2004876,24,456536,0.2078,14,755,529143,0,
B002248,2025-08-08,Consumo,Convenio,Metropolitana,6713614,36,800115,0.2621,14,753,4911301,90,2026-03-06
B002249,2025-09-08,Automotriz,Sucursal,Otras,2113903,12,420000,0.4532,12,690,1739565,0,
B002250,2025-08-30,Consumo,Sucursal,Metropolitana,587385,24,420000,0.063,17,844,297090,0,
B002251,2025-05-28,Microempresa,Digital,Otras,3324133,48,420000,0.1763,14,790,1925981,0,
B002252,2025-01-09,Consumo,Convenio,Metropolitana,1947705,36,506538,0.121,40,843,465069,0,
B002253,2025-12-24,Microempresa,Sucursal,Metropolitana,4286357,60,784129,0.1062,13,820,2107851,81,
B002254,2025-02-03,Consumo,Sucursal,Biobío,5657035,36,931512,0.1994,6,824,1025965,0,
B002255,2025-11-11,Consumo,Digital,Valparaíso,4768973,36,620399,0.2438,40,831,3911787,195,2026-02-09
B002256,2025-03-04,Automotriz,Convenio,Biobío,5642252,12,680151,0.8301,9,545,3803814,153,2025-11-29
B002257,2025-04-10,Automotriz,Sucursal,Metropolitana,1325367,36,592080,0.0753,17,790,708166,0,
B002258,2025-06-25,Consumo,Sucursal,Metropolitana,7562439,24,847765,0.4043,28,701,4234897,36,
B002259,2025-05-06,Tarjeta,Digital,Biobío,3307059,18,420000,0.5289,21,632,2452090,0,
B002260,2025-03-01,Automotriz,Convenio,Otras,2357338,12,719433,0.2952,11,722,1369557,0,
B002261,2025-10-27,Consumo,Convenio,Biobío,1447711,36,420000,0.1018,21,763,456362,0,
B002262,2025-09-26,Tarjeta,Sucursal,Otras,1205344,60,536825,0.0412,21,862,709668,0,
B002263,2025-03-23,Microempresa,Convenio,Biobío,4793683,48,1321117,0.0807,28,918,2939829,0,
B002264,2025-04-22,Tarjeta,Sucursal,Biobío,1251868,36,546873,0.074,14,785,923732,0,
B002265,2025-12-23,Consumo,Sucursal,Metropolitana,16499364,36,2031995,0.2476,11,767,6895911,0,
B002266,2025-03-02,Consumo,Sucursal,Otras,2190783,36,775127,0.0871,15,808,434009,0,
B002267,2025-04-06,Consumo,Convenio,Valparaíso,1616590,24,420000,0.1799,10,782,528407,0,
B002268,2025-04-05,Automotriz,Sucursal,Metropolitana,2160150,60,523456,0.0822,16,896,1468104,0,
B002269,2025-12-26,Consumo,Digital,Valparaíso,7307317,48,871083,0.1874,21,775,3776982,0,
B002270,2025-06-20,Consumo,Sucursal,Metropolitana,1919688,48,502139,0.087,12,816,220374,0,
B002271,2025-10-07,Consumo,Digital,Valparaíso,4380990,36,959114,0.1493,19,815,3350559,0,
B002272,2025-03-29,Automotriz,Convenio,Otras,4464633,36,2166717,0.0633,16,950,1778804,0,
B002273,2025-11-12,Tarjeta,Sucursal,Metropolitana,12707082,36,1715333,0.223,22,832,5860500,0,
B002274,2025-10-30,Automotriz,Convenio,Otras,781942,48,420000,0.042,59,910,236140,0,
B002275,2025-06-09,Consumo,Convenio,Metropolitana,3415050,36,420000,0.2526,12,783,2448847,185,2025-08-08
B002276,2025-12-10,Automotriz,Sucursal,Valparaíso,2693847,24,420000,0.2851,23,712,1838062,0,
B002277,2025-08-13,Consumo,Sucursal,Metropolitana,4422826,12,555757,0.7611,31,624,2450415,0,
B002278,2025-10-07,Consumo,Sucursal,Metropolitana,1806940,24,420000,0.2134,11,817,1446546,0,
B002279,2025-12-28,Tarjeta,Sucursal,Metropolitana,1661837,60,713511,0.0472,40,901,176306,0,
B002280,2025-02-24,Consumo,Digital,Metropolitana,5030079,18,662086,0.4574,12,642,3261153,0,
B002281,2025-06-03,Automotriz,Sucursal,Metropolitana,3370805,36,1300179,0.0798,26,895,423888,0,
B002282,2025-03-10,Consumo,Sucursal,Biobío,3018344,36,420000,0.2169,30,759,2179828,0,
B002283,2025-09-27,Consumo,Convenio,Otras,3648591,24,420000,0.388,22,707,454667,0,
B002284,2025-04-05,Consumo,Digital,Valparaíso,1097031,60,773620,0.027,16,836,673790,0,
B002285,2025-09-23,Consumo,Convenio,Metropolitana,5961030,12,774949,0.774,32,544,2616406,24,
B002286,2025-08-07,Automotriz,Sucursal,Valparaíso,7158972,18,1429230,0.2953,19,784,5598341,0,
B002287,2025-05-25,Consumo,Sucursal,Metropolitana,4895612,24,1042027,0.2295,22,837,650423,0,
B002288,2025-05-12,Consumo,Sucursal,Metropolitana,3964464,60,924528,0.086,15,893,1844298,0,
B002289,2025-01-12,Consumo,Sucursal,Metropolitana,3966902,24,488935,0.3727,32,724,2705685,0,
B002290,2025-08-24,Tarjeta,Sucursal,Valparaíso,3505792,24,696376,0.2238,11,745,2405316,0,
B002291,2025-04-26,Automotriz,Convenio,Metropolitana,8304886,36,1100582,0.234,36,869,1272223,0,
B002292,2025-10-01,Tarjeta,Digital,Metropolitana,906974,24,635074,0.0688,16,869,596043,0,
B002293,2025-10-03,Automotriz,Digital,Metropolitana,1022060,48,602577,0.0377,50,878,731421,0,
B002294,2025-01-15,Consumo,Digital,Metropolitana,3964440,60,606431,0.1299,43,832,2890587,30,
B002295,2025-08-09,Consumo,Digital,Valparaíso,2609696,24,420000,0.2849,16,751,1241806,6,
B002296,2025-01-16,Consumo,Sucursal,Metropolitana,4782403,36,590013,0.2679,26,753,3258163,86,
B002297,2025-01-31,Automotriz,Sucursal,Metropolitana,4094926,18,491677,0.5428,28,620,1931268,0,
B002298,2025-12-24,Consumo,Sucursal,Otras,3999960,24,468401,0.4314,9,636,3099897,0,
B002299,2025-04-20,Tarjeta,Digital,Metropolitana,4362272,48,626313,0.1702,10,795,3394206,0,
B002300,2025-11-04,Consumo,Sucursal,Metropolitana,2404622,36,814616,0.0888,26,885,847621,0,
B002301,2025-06-12,Consumo,Sucursal,Biobío,8312779,36,1036214,0.2686,27,845,4965668,0,
B002302,2025-12-28,Tarjeta,Convenio,Metropolitana,2240756,48,420000,0.1292,19,741,1788996,0,
B002303,2025-07-20,Tarjeta,Digital,Otras,2243768,48,420000,0.131,22,760,1871408,0,
B002304,2025-11-15,Consumo,Convenio,Metropolitana,4630092,60,908420,0.1009,27,871,1402542,0,
B002305,2025-04-20,Consumo,Sucursal,Metropolitana,966239,36,682528,0.0421,3,753,719949,0,
B002306,2025-12-15,Microempresa,Sucursal,Metropolitana,3815582,36,456395,0.2494,17,739,2355081,0,
B002307,2025-07-30,Tarjeta,Digital,Metropolitana,2987270,24,420000,0.3324,6,657,2333021,91,2025-10-28
B002308,2025-09-06,Tarjeta,Convenio,Metropolitana,4247056,24,641098,0.3187,54,736,559653,0,
B002309,2025-12-23,Consumo,Sucursal,Metropolitana,1788303,36,420000,0.1326,32,804,1367267,0,
B002310,2025-09-14,Automotriz,Digital,Valparaíso,2157666,24,466026,0.2168,19,752,1305944,0,
B002311,2025-05-06,Consumo,Digital,Valparaíso,11274085,24,1375914,0.3927,8,687,8102841,0,
B002312,2025-10-31,Consumo,Sucursal,Metropolitana,1410372,36,566124,0.0791,31,821,1044054,0,
B002313,2025-01-21,Automotriz,Digital,Valparaíso,1127502,12,724253,0.1409,18,799,696147,0,
B002314,2025-09-02,Consumo,Sucursal,Metropolitana,1915309,24,507721,0.1688,10,695,869919,38,
B002315,2025-11-17,Microempresa,Digital,Metropolitana,1003940,48,525312,0.045,25,815,124073,0,
B002316,2025-09-04,Consumo,Digital,Metropolitana,954575,24,607538,0.0788,3,756,663799,0,
B002317,2025-07-22,Automotriz,Digital,Valparaíso,2100191,48,420000,0.1243,17,724,1721373,90,2025-09-20
B002318,2025-05-27,Consumo,Sucursal,Valparaíso,5702409,48,639428,0.2225,38,813,1774952,0,
B002319,2025-07-26,Microempresa,Sucursal,Metropolitana,1204329,36,475020,0.0817,5,839,185107,0,
B002320,2025-11-24,Automotriz,Convenio,Metropolitana,1038699,48,420000,0.0587,48,886,719846,0,
B002321,2025-09-22,Consumo,Sucursal,Valparaíso,1071922,36,716202,0.0464,19,866,651238,0,
B002322,2025-01-20,Consumo,Digital,Metropolitana,5049493,60,688732,0.1348,7,855,2232173,0,
B002323,2025-05-18,Tarjeta,Sucursal,Valparaíso,1741978,60,420000,0.0758,4,809,812511,0,
B002324,2025-03-01,Microempresa,Convenio,Metropolitana,890925,36,420000,0.0697,41,893,409900,60,
B002325,2025-01-30,Automotriz,Digital,Valparaíso,2919542,24,689445,0.1996,37,811,2659513,129,2025-05-30
B002326,2025-03-04,Tarjeta,Digital,Otras,5484062,18,1074322,0.3123,16,780,2965901,0,
B002327,2025-12-14,Consumo,Sucursal,Otras,12047265,24,1660819,0.3378,15,762,7110854,0,
B002328,2025-07-09,Automotriz,Sucursal,Metropolitana,1207602,24,467129,0.1156,20,781,285593,0,
B002329,2025-03-22,Automotriz,Convenio,Metropolitana,2949896,60,818798,0.0702,59,939,1870766,187,2026-05-16
B002330,2025-11-07,Tarjeta,Digital,Metropolitana,4173854,60,596003,0.1381,6,753,2937365,0,
B002331,2025-06-11,Tarjeta,Sucursal,Valparaíso,1134411,60,588599,0.0384,14,858,909450,0,
B002332,2025-01-25,Tarjeta,Digital,Metropolitana,6019560,60,681730,0.1657,34,754,3839751,0,
B002333,2025-04-24,Consumo,Digital,Metropolitana,4406751,24,1090723,0.1815,27,813,2541250,0,
B002334,2025-11-04,Tarjeta,Digital,Metropolitana,3731906,60,420000,0.169,26,786,2664865,0,
B002335,2025-04-14,Consumo,Sucursal,Metropolitana,2024228,60,446420,0.0806,9,794,923275,0,
B002336,2025-06-05,Consumo,Sucursal,Valparaíso,3321669,36,420000,0.2663,19,787,1195186,0,
B002337,2025-02-11,Consumo,Digital,Valparaíso,2604825,24,420000,0.2943,37,766,980478,0,
B002338,2025-12-07,Consumo,Sucursal,Valparaíso,1642710,60,420000,0.0701,26,831,746911,0,
B002339,2025-10-23,Consumo,Convenio,Biobío,1691499,24,714139,0.1088,5,753,440474,0,
B002340,2025-08-17,Tarjeta,Convenio,Biobío,1940883,36,1050843,0.0579,10,841,457842,0,
B002341,2025-05-02,Consumo,Digital,Metropolitana,1051864,18,420000,0.1567,18,857,856205,0,
B002342,2025-01-21,Consumo,Digital,Valparaíso,984662,48,420000,0.0574,34,837,229491,0,
B002343,2025-05-16,Tarjeta,Sucursal,Metropolitana,4352772,24,542869,0.3874,29,737,2793504,0,
B002344,2025-01-07,Tarjeta,Sucursal,Metropolitana,5956579,36,971664,0.2067,41,777,949152,0,
B002345,2025-10-18,Tarjeta,Digital,Valparaíso,2847814,24,516567,0.2583,3,728,611719,0,
B002346,2025-06-20,Tarjeta,Digital,Metropolitana,1943726,24,618182,0.1502,16,765,213293,0,
B002347,2025-01-11,Automotriz,Convenio,Otras,1256632,24,520442,0.1213,25,768,272551,8,
B002348,2025-02-08,Tarjeta,Convenio,Metropolitana,3276813,60,478496,0.1246,11,799,1518080,0,
B002349,2025-05-24,Consumo,Convenio,Valparaíso,2727989,24,844926,0.1538,15,861,1331082,0,
B002350,2025-02-28,Consumo,Sucursal,Otras,3674311,24,530092,0.3457,24,730,1890932,0,
B002351,2025-04-09,Automotriz,Sucursal,Metropolitana,1627441,24,991994,0.0824,25,848,834766,0,
B002352,2025-06-15,Microempresa,Convenio,Otras,3842608,48,871525,0.0996,13,831,2289971,0,
B002353,2025-05-28,Microempresa,Digital,Metropolitana,505966,24,420000,0.0603,7,801,345406,0,
B002354,2025-11-28,Automotriz,Convenio,Metropolitana,4227921,60,691539,0.1083,19,847,2792627,0,
B002355,2025-04-01,Consumo,Digital,Otras,519993,60,420000,0.0219,21,755,227368,48,
B002356,2025-10-09,Tarjeta,Convenio,Otras,3948724,48,1116121,0.0809,8,802,689338,33,
B002357,2025-01-13,Tarjeta,Digital,Metropolitana,1088289,18,476818,0.1422,12,691,607529,0,
B002358,2025-06-11,Consumo,Digital,Metropolitana,1217274,36,979773,0.042,21,809,207180,0,
B002359,2025-05-09,Consumo,Sucursal,Metropolitana,4244061,24,539857,0.3717,19,738,1849263,41,
B002360,2025-01-15,Tarjeta,Digital,Metropolitana,3311255,36,420000,0.2338,26,737,2461393,0,
B002361,2025-08-04,Consumo,Convenio,Metropolitana,2071553,24,1130852,0.0903,37,950,443548,0,
B002362,2025-10-08,Automotriz,Digital,Biobío,2114459,36,634699,0.1007,22,848,1418770,0,
B002363,2025-08-06,Tarjeta,Sucursal,Metropolitana,4722249,36,1111312,0.1378,23,853,4396147,318,2026-05-03
B002364,2025-05-29,Consumo,Sucursal,Metropolitana,2931104,60,481278,0.1161,50,902,958915,0,
B002365,2025-12-27,Tarjeta,Sucursal,Valparaíso,2569580,48,443800,0.1326,23,794,1389413,0,
B002366,2025-10-31,Consumo,Digital,Metropolitana,14465121,60,2065492,0.1262,8,834,6229102,0,
B002367,2025-08-29,Consumo,Sucursal,Metropolitana,1763822,36,420000,0.1319,19,736,1313605,0,
B002368,2025-09-19,Consumo,Digital,Metropolitana,1783673,36,420000,0.1252,42,874,590274,0,
B002369,2025-04-28,Consumo,Digital,Metropolitana,3800970,24,705924,0.2537,42,814,622570,0,
B002370,2025-10-28,Automotriz,Sucursal,Valparaíso,6540109,60,1102216,0.1085,17,791,5312038,0,
B002371,2025-07-11,Consumo,Convenio,Metropolitana,2445915,12,926240,0.2381,5,786,1394306,0,
B002372,2025-07-31,Tarjeta,Convenio,Biobío,715589,36,420000,0.051,21,800,513300,0,
B002373,2025-04-17,Consumo,Digital,Otras,8721986,18,1087141,0.5027,17,658,5329797,90,2026-12-08
B002374,2025-09-24,Automotriz,Digital,Metropolitana,1794818,24,1120273,0.0708,9,787,1345584,90,2026-04-22
B002375,2025-08-12,Consumo,Convenio,Metropolitana,6125850,24,705501,0.4402,39,800,4550769,0,
B002376,2025-05-03,Consumo,Digital,Metropolitana,4862765,12,856154,0.5544,12,664,650314,0,
B002377,2025-01-02,Microempresa,Digital,Metropolitana,3445799,36,1029144,0.1008,23,807,1690643,0,
B002378,2025-09-08,Tarjeta,Convenio,Valparaíso,7019370,48,1723906,0.0948,12,872,1986759,0,
B002379,2025-12-05,Automotriz,Sucursal,Otras,2878530,36,420000,0.2133,37,839,1932262,86,
B002380,2025-02-28,Consumo,Sucursal,Metropolitana,6674069,18,792830,0.5013,14,641,1669030,0,
B002381,2025-02-02,Consumo,Sucursal,Metropolitana,3783645,36,480147,0.2595,24,808,1993034,0,
B002382,2025-03-19,Automotriz,Sucursal,Metropolitana,1205778,48,420000,0.0711,5,843,481821,0,
B002383,2025-03-18,Automotriz,Digital,Otras,3589533,36,831313,0.1416,12,809,1810719,0,
B002384,2025-07-07,Tarjeta,Convenio,Metropolitana,2454580,24,528092,0.2203,15,755,737035,5,
B002385,2025-09-16,Tarjeta,Sucursal,Metropolitana,4294408,12,526293,0.7447,24,535,1959081,48,
B002386,2025-12-21,Automotriz,Digital,Otras,794737,36,587281,0.0418,13,833,466996,0,
B002387,2025-03-29,Automotriz,Digital,Metropolitana,1868378,24,530237,0.1606,30,813,1440232,0,
B002388,2025-12-11,Consumo,Convenio,Metropolitana,2978660,24,566487,0.2384,21,779,1485681,22,
B002389,2025-04-08,Consumo,Digital,Biobío,3088286,60,420000,0.139,26,759,1633197,0,
B002390,2025-01-17,Consumo,Convenio,Otras,6713752,60,1146469,0.1075,26,835,5267810,0,
B002391,2025-06-21,Automotriz,Sucursal,Metropolitana,2804006,48,954387,0.0697,24,882,1732026,70,
B002392,2025-03-30,Consumo,Convenio,Otras,1205931,60,420000,0.051,4,788,284729,0,
B002393,2025-08-12,Automotriz,Digital,Valparaíso,1101117,12,420000,0.2656,49,709,628736,0,
B002394,2025-06-25,Tarjeta,Sucursal,Otras,967539,36,420000,0.0767,17,822,459448,0,
B002395,2025-01-04,Automotriz,Digital,Metropolitana,1379348,24,762241,0.0824,14,808,938439,0,
B002396,2025-12-09,Tarjeta,Convenio,Biobío,4011295,60,573045,0.1378,30,850,1009016,0,
B002397,2025-01-02,Tarjeta,Convenio,Metropolitana,1468030,60,613076,0.0442,11,835,1119059,0,
B002398,2025-04-05,Consumo,Sucursal,Otras,3398035,24,420000,0.4036,9,644,2809304,0,
B002399,2025-04-01,Consumo,Sucursal,Metropolitana,3331476,18,514624,0.3988,8,690,409480,0,
B002400,2025-06-16,Tarjeta,Digital,Metropolitana,3274330,48,1347174,0.0592,22,854,1963087,0,
B002401,2025-07-10,Tarjeta,Convenio,Biobío,2716710,36,420000,0.2089,10,712,2547923,90,2026-04-06
B002402,2025-05-12,Consumo,Digital,Otras,2195203,24,562766,0.1843,49,839,1665618,0,
B002403,2025-02-01,Tarjeta,Sucursal,Otras,1512518,60,525834,0.0532,31,833,1101875,0,
B002404,2025-06-24,Consumo,Sucursal,Biobío,2287227,48,444446,0.129,52,787,773636,64,
B002405,2025-03-15,Microempresa,Sucursal,Metropolitana,1383749,18,470266,0.1751,13,763,1030598,15,
B002406,2025-09-12,Tarjeta,Sucursal,Valparaíso,3467987,24,553990,0.2861,12,710,1701696,0,
B002407,2025-09-04,Tarjeta,Convenio,Valparaíso,2922778,48,420000,0.1547,8,756,1144512,0,
B002408,2025-03-06,Consumo,Convenio,Valparaíso,4426979,48,660570,0.1554,19,858,542916,0,
B002409,2025-01-05,Consumo,Digital,Metropolitana,1604129,60,760848,0.0414,18,827,374271,23,
B002410,2025-07-03,Consumo,Sucursal,Metropolitana,3441669,36,420000,0.2694,8,808,942457,0,
B002411,2025-04-08,Consumo,Digital,Metropolitana,2795439,24,621441,0.2198,26,781,728772,0,
B002412,2025-05-13,Tarjeta,Convenio,Valparaíso,2605135,36,692022,0.1149,11,823,1569065,0,
B002413,2025-06-28,Consumo,Digital,Metropolitana,2625225,60,420000,0.1208,13,823,1737535,0,
B002414,2025-05-29,Tarjeta,Digital,Metropolitana,5113964,36,720138,0.2175,22,786,3842041,0,
B002415,2025-10-23,Consumo,Digital,Valparaíso,5739237,18,660642,0.5654,30,705,4616948,0,
B002416,2025-03-31,Consumo,Digital,Biobío,3339637,36,420000,0.2608,24,728,1836268,0,
B002417,2025-08-14,Consumo,Convenio,Otras,3749787,18,524851,0.4366,9,669,2064749,213,2026-06-10
B002418,2025-07-01,Tarjeta,Convenio,Otras,2671935,18,503068,0.3321,20,705,314471,0,
B002419,2025-01-15,Automotriz,Digital,Valparaíso,4184793,24,658693,0.3051,23,773,2416312,0,
B002420,2025-06-14,Consumo,Digital,Metropolitana,5166572,48,601777,0.2122,33,789,573914,0,
B002421,2025-03-22,Tarjeta,Sucursal,Metropolitana,13493886,18,1687404,0.5018,8,656,8101998,0,
B002422,2025-09-09,Tarjeta,Digital,Valparaíso,3404448,60,430337,0.1439,20,702,1768712,0,
B002423,2025-09-16,Consumo,Digital,Valparaíso,3919396,36,836498,0.1565,30,882,1760283,0,
B002424,2025-01-08,Consumo,Digital,Metropolitana,7893727,48,880415,0.2207,14,752,972428,0,
B002425,2025-07-10,Consumo,Sucursal,Valparaíso,4823975,36,699660,0.2033,30,789,1557386,0,
B002426,2025-01-14,Consumo,Digital,Otras,4354733,36,587552,0.2274,30,718,4054771,186,2026-06-08
B002427,2025-01-21,Automotriz,Sucursal,Metropolitana,5742451,18,696081,0.5089,10,673,5409695,90,2025-11-17
B002428,2025-12-15,Tarjeta,Digital,Otras,3979003,36,613927,0.2126,54,844,2694019,0,
B002429,2025-04-07,Microempresa,Digital,Metropolitana,3535876,24,848369,0.2005,23,783,1330473,0,
B002430,2025-06-25,Microempresa,Digital,Otras,2977833,60,698570,0.076,14,790,711839,0,
B002431,2025-05-01,Tarjeta,Digital,Otras,2047245,48,625026,0.083,33,858,1120369,15,
B002432,2025-10-10,Consumo,Convenio,Metropolitana,2246410,36,420000,0.1701,24,741,1666164,147,2026-04-08
B002433,2025-05-27,Tarjeta,Digital,Valparaíso,6368148,60,1170899,0.1016,27,861,4681932,0,
B002434,2025-05-22,Consumo,Sucursal,Biobío,5811824,48,1164140,0.1263,5,859,4095715,0,
B002435,2025-02-11,Consumo,Sucursal,Valparaíso,2365380,36,420000,0.1725,17,724,1610489,140,2025-10-09
B002436,2025-11-07,Consumo,Digital,Metropolitana,4339191,60,1386235,0.0604,32,950,698855,0,
B002437,2025-10-20,Consumo,Convenio,Valparaíso,1600594,36,581366,0.0812,13,809,199331,0,
B002438,2025-03-05,Consumo,Sucursal,Metropolitana,6515355,18,903775,0.4812,14,728,2479158,35,
B002439,2025-05-22,Consumo,Sucursal,Metropolitana,5756207,60,917040,0.1126,2,863,664117,0,
B002440,2025-01-18,Tarjeta,Digital,Metropolitana,1762760,36,558494,0.1028,19,788,989839,0,
B002441,2025-10-25,Automotriz,Convenio,Metropolitana,3166034,36,420000,0.2468,51,824,978670,0,
B002442,2025-05-29,Tarjeta,Sucursal,Metropolitana,6647941,48,1267200,0.1197,26,862,1494887,0,
B002443,2025-06-09,Consumo,Sucursal,Biobío,1214277,12,782421,0.1515,25,769,161846,0,
B002444,2025-12-30,Tarjeta,Sucursal,Valparaíso,2599345,24,420000,0.3107,21,702,1162608,0,
B002445,2025-06-26,Tarjeta,Sucursal,Metropolitana,3050052,24,680855,0.2237,11,782,1613184,29,
B002446,2025-02-19,Consumo,Digital,Metropolitana,798929,36,420000,0.0618,10,843,144133,32,
B002447,2025-06-21,Automotriz,Sucursal,Metropolitana,3766549,36,657927,0.1885,21,798,1848904,0,
B002448,2025-06-01,Tarjeta,Digital,Metropolitana,2860978,24,535853,0.2587,15,750,411145,0,
B002449,2025-05-26,Automotriz,Sucursal,Otras,5135896,48,713698,0.1754,18,888,2621809,0,
B002450,2025-12-15,Consumo,Digital,Otras,2179978,48,486834,0.1008,49,874,1244012,101,2026-07-13
B002451,2025-07-14,Consumo,Convenio,Biobío,1525252,18,887190,0.114,14,771,739821,0,
B002452,2025-05-31,Consumo,Convenio,Metropolitana,2091290,24,518299,0.1802,33,833,637651,0,
B002453,2025-01-16,Tarjeta,Digital,Metropolitana,1818130,36,420000,0.1276,10,759,534433,0,
B002454,2025-05-13,Consumo,Convenio,Metropolitana,5446883,36,1383015,0.1226,10,870,1547094,0,
B002455,2025-05-03,Consumo,Digital,Metropolitana,5070062,24,747266,0.3408,20,741,2507899,0,
B002456,2025-10-27,Tarjeta,Convenio,Otras,1824994,36,485689,0.1259,19,782,1085160,277,2027-02-19
B002457,2025-04-25,Tarjeta,Digital,Metropolitana,3435105,60,673955,0.0948,4,804,1496709,0,
B002458,2025-01-24,Consumo,Convenio,Metropolitana,6966581,36,947709,0.2253,16,792,1935770,0,
B002459,2025-07-18,Microempresa,Digital,Biobío,5819359,24,889841,0.3023,21,784,4634354,0,
B002460,2025-11-15,Consumo,Digital,Otras,2135539,24,566938,0.1769,15,816,530049,0,
B002461,2025-04-02,Microempresa,Sucursal,Metropolitana,5237194,36,589546,0.2784,7,774,1599152,0,
B002462,2025-09-03,Tarjeta,Sucursal,Metropolitana,3857949,48,489547,0.1992,25,758,1140124,0,
B002463,2025-10-22,Consumo,Sucursal,Otras,2399592,18,572803,0.2753,48,866,950259,0,
B002464,2025-12-12,Consumo,Sucursal,Biobío,2453152,24,790566,0.1466,18,824,2110058,90,2026-03-12
B002465,2025-09-07,Tarjeta,Convenio,Metropolitana,3372078,60,420000,0.1478,27,781,1450249,0,
B002466,2025-10-07,Microempresa,Digital,Metropolitana,1920864,24,611298,0.1539,25,810,1258949,0,
B002467,2025-08-06,Microempresa,Convenio,Metropolitana,12594902,24,1405584,0.4158,48,778,9852441,0,
B002468,2025-02-27,Consumo,Digital,Biobío,4146967,36,756801,0.166,27,854,3206662,0,
B002469,2025-07-03,Tarjeta,Sucursal,Valparaíso,2232526,24,420000,0.2671,23,744,1033502,0,
B002470,2025-05-18,Consumo,Digital,Valparaíso,1375219,36,420000,0.0966,49,813,934852,0,
B002471,2025-05-17,Consumo,Digital,Metropolitana,969404,24,420000,0.117,16,822,799066,75,
B002472,2025-09-29,Tarjeta,Sucursal,Metropolitana,913636,36,420000,0.0709,42,846,280750,0,
B002473,2025-10-16,Consumo,Convenio,Valparaíso,2518496,36,420000,0.1823,37,804,748571,0,
B002474,2025-10-22,Automotriz,Digital,Valparaíso,2873253,48,420000,0.1641,52,900,2213777,0,
B002475,2025-04-09,Consumo,Sucursal,Metropolitana,1601542,36,420000,0.1163,40,846,196971,0,
B002476,2025-07-07,Tarjeta,Convenio,Valparaíso,3710723,36,420000,0.2665,2,639,1559122,0,
B002477,2025-05-09,Automotriz,Digital,Valparaíso,3531237,36,470566,0.2431,16,759,1039289,0,
B002478,2025-09-12,Tarjeta,Digital,Metropolitana,5070180,36,675903,0.2279,38,707,4800884,266,2026-04-10
B002479,2025-10-01,Consumo,Digital,Otras,4351223,48,685738,0.1462,35,860,2201686,53,
B002480,2025-09-27,Automotriz,Convenio,Otras,3703523,60,1334321,0.0497,21,924,414016,0,
B002481,2025-08-17,Consumo,Digital,Otras,5026841,12,632348,0.7303,17,568,4657366,110,2026-04-14
B002482,2025-11-16,Consumo,Sucursal,Valparaíso,3071920,36,420000,0.226,27,791,1870041,0,
B002483,2025-06-19,Automotriz,Digital,Otras,2764646,48,420000,0.1513,7,775,563711,0,
B002484,2025-06-12,Tarjeta,Convenio,Metropolitana,5696787,18,1363757,0.2488,7,726,1364082,0,
B002485,2025-10-09,Consumo,Convenio,Metropolitana,3134203,12,544720,0.5096,16,698,2072126,0,
B002486,2025-12-08,Automotriz,Convenio,Metropolitana,685621,60,422146,0.0306,7,837,260253,0,
B002487,2025-02-28,Consumo,Digital,Biobío,1795303,18,629294,0.1707,30,819,1290225,0,
B002488,2025-10-06,Automotriz,Digital,Otras,5397326,36,779429,0.2284,24,761,3149940,0,
B002489,2025-07-03,Automotriz,Sucursal,Biobío,956920,12,642602,0.1513,36,836,435016,0,
B002490,2025-04-01,Consumo,Digital,Metropolitana,3979691,24,490965,0.3669,9,703,2567575,0,
B002491,2025-09-13,Consumo,Digital,Valparaíso,4040427,36,530311,0.2405,13,690,3748307,103,2026-10-08
B002492,2025-07-04,Automotriz,Convenio,Metropolitana,3325968,36,687171,0.1509,13,806,1396842,46,
B002493,2025-06-05,Tarjeta,Sucursal,Metropolitana,1251943,18,457253,0.1767,23,803,537086,0,
B002494,2025-04-09,Consumo,Sucursal,Otras,3443629,36,469602,0.2367,9,704,541057,0,
B002495,2025-01-05,Automotriz,Convenio,Otras,5968192,24,850664,0.3408,23,764,4188724,0,
B002496,2025-03-31,Consumo,Sucursal,Valparaíso,3558029,48,518401,0.1536,22,830,982401,0,
B002497,2025-07-03,Microempresa,Sucursal,Valparaíso,6632099,36,779222,0.2806,16,670,4753082,0,
B002498,2025-07-16,Tarjeta,Sucursal,Metropolitana,1901638,60,545829,0.067,32,791,1187943,0,
B002499,2025-03-16,Tarjeta,Digital,Metropolitana,2789072,36,567361,0.1643,9,749,1741723,0,
B002500,2025-05-04,Tarjeta,Digital,Metropolitana,793877,48,420000,0.0457,28,844,204385,0,
B002501,2025-10-31,Automotriz,Convenio,Valparaíso,1157492,48,420000,0.0635,22,922,642528,0,
B002502,2025-11-26,Microempresa,Digital,Metropolitana,7704964,18,1268465,0.3694,37,744,4325089,0,
B002503,2025-09-23,Consumo,Digital,Metropolitana,3962705,36,478249,0.2475,43,812,3315333,0,
B002504,2025-04-16,Tarjeta,Digital,Valparaíso,3702357,12,474115,0.7834,8,469,2176716,129,2025-08-14
B002505,2025-10-15,Tarjeta,Digital,Metropolitana,13855084,24,2125432,0.2887,27,826,4150572,0,
B002506,2025-02-27,Microempresa,Sucursal,Metropolitana,1407873,60,420000,0.0634,25,827,1186484,30,
B002507,2025-05-29,Automotriz,Convenio,Biobío,7517005,60,1176607,0.128,23,879,3043111,0,
B002508,2025-04-14,Tarjeta,Sucursal,Metropolitana,3181874,36,840177,0.1138,25,804,3067086,90,2025-05-14
B002509,2025-01-13,Automotriz,Digital,Otras,4674932,36,535339,0.2578,23,783,2908189,0,
B002510,2025-06-12,Consumo,Digital,Metropolitana,5878008,36,1003636,0.1752,13,843,4010037,0,
B002511,2025-06-11,Consumo,Convenio,Biobío,8427466,24,1636065,0.2407,18,860,2331889,0,
B002512,2025-11-22,Microempresa,Sucursal,Metropolitana,5027626,24,739644,0.3299,51,797,3677219,0,
B002513,2025-09-04,Consumo,Sucursal,Metropolitana,2437049,36,623819,0.1206,10,834,1774229,0,
B002514,2025-08-27,Consumo,Convenio,Metropolitana,1926852,48,420000,0.1146,12,805,1237186,0,
B002515,2025-01-05,Tarjeta,Digital,Metropolitana,1758183,24,572423,0.1485,31,805,1135508,187,2025-04-05
B002516,2025-02-26,Automotriz,Convenio,Metropolitana,6835755,36,859289,0.2539,14,746,2982916,0,
B002517,2025-04-19,Consumo,Sucursal,Biobío,608716,12,476758,0.1201,15,801,301987,0,
B002518,2025-07-01,Consumo,Sucursal,Valparaíso,5787408,36,820692,0.2345,25,813,2583529,0,
B002519,2025-06-16,Consumo,Digital,Otras,1941069,24,509326,0.1849,20,835,537378,24,
B002520,2025-03-26,Automotriz,Sucursal,Metropolitana,2205809,24,581203,0.1784,55,945,1769124,0,
B002521,2025-10-18,Automotriz,Digital,Metropolitana,1791688,60,420000,0.0783,44,845,1219872,0,
B002522,2025-09-20,Consumo,Digital,Metropolitana,2027827,60,517973,0.0762,26,865,1147331,0,
B002523,2025-01-01,Automotriz,Sucursal,Otras,3733117,24,1018629,0.1629,22,906,3056327,0,
B002524,2025-02-11,Consumo,Digital,Biobío,7309344,24,820362,0.4164,23,713,5277387,100,2025-11-08
B002525,2025-05-13,Microempresa,Sucursal,Metropolitana,885315,36,420000,0.0672,23,774,341582,0,
B002526,2025-10-23,Microempresa,Convenio,Otras,1458684,36,733960,0.0629,15,839,869093,167,2026-09-18
B002527,2025-05-20,Consumo,Convenio,Metropolitana,3414611,24,840628,0.1855,18,790,1462734,0,
B002528,2025-10-28,Microempresa,Convenio,Metropolitana,3692899,36,420000,0.2915,16,770,2571012,51,
B002529,2025-08-03,Tarjeta,Digital,Otras,1502057,24,427309,0.1727,13,738,208022,0,
B002530,2025-01-27,Consumo,Convenio,Metropolitana,2624333,36,420000,0.2045,44,839,1658123,0,
B002531,2025-09-26,Automotriz,Convenio,Metropolitana,1963372,24,559377,0.1698,51,919,629441,0,
B002532,2025-07-17,Consumo,Sucursal,Otras,5390746,36,636851,0.2551,45,838,1029455,0,
B002533,2025-08-18,Automotriz,Digital,Valparaíso,7235330,36,885797,0.2721,20,696,3653111,0,
B002534,2025-05-15,Consumo,Digital,Biobío,1533021,60,783941,0.0368,17,821,850278,0,
B002535,2025-01-20,Automotriz,Sucursal,Otras,3092088,24,480438,0.3127,17,789,2375921,0,
B002536,2025-09-04,Microempresa,Digital,Valparaíso,11590383,24,1592043,0.331,23,825,4944632,0,
B002537,2025-03-04,Consumo,Convenio,Biobío,7079622,24,1485501,0.2201,18,933,1821214,0,
B002538,2025-04-17,Consumo,Convenio,Biobío,10866729,48,1377516,0.1915,48,904,1768677,0,
B002539,2025-09-29,Tarjeta,Digital,Metropolitana,4047017,36,585328,0.2223,24,774,2482817,0,
B002540,2025-11-25,Microempresa,Digital,Metropolitana,4109614,36,555931,0.2271,24,716,2457732,0,
B002541,2025-12-24,Tarjeta,Digital,Valparaíso,6561438,48,808634,0.1881,20,782,4165633,0,
B002542,2025-01-29,Consumo,Sucursal,Biobío,3018645,48,574212,0.1193,31,884,748663,0,
B002543,2025-11-28,Automotriz,Sucursal,Valparaíso,2913366,36,420000,0.2183,32,771,2486731,90,2026-10-24
B002544,2025-12-06,Consumo,Sucursal,Metropolitana,6988371,36,1825978,0.1201,14,914,5443751,0,
B002545,2025-07-07,Microempresa,Sucursal,Otras,9710584,48,1430801,0.1571,7,934,6846886,32,
B002546,2025-06-26,Consumo,Convenio,Otras,2767193,48,617651,0.1107,6,819,1015228,0,
B002547,2025-03-23,Microempresa,Convenio,Biobío,1877474,48,420000,0.1056,70,945,480916,0,
B002548,2025-01-15,Tarjeta,Sucursal,Valparaíso,1077376,36,466582,0.0743,29,794,672696,90,2025-11-11
B002549,2025-07-02,Consumo,Sucursal,Biobío,2066749,48,565507,0.0832,7,891,1081290,0,
B002550,2025-02-09,Microempresa,Sucursal,Valparaíso,3312414,60,420000,0.1553,7,677,998627,0,
B002551,2025-12-12,Tarjeta,Sucursal,Biobío,1576506,24,420000,0.1757,25,860,362793,0,
B002552,2025-11-16,Consumo,Sucursal,Biobío,1505616,24,420000,0.1812,40,823,784336,0,
B002553,2025-08-05,Consumo,Digital,Otras,4204714,36,545862,0.24,26,769,3413823,66,
B002554,2025-03-19,Automotriz,Sucursal,Valparaíso,742744,60,420000,0.0334,13,855,92816,0,
B002555,2025-10-28,Automotriz,Digital,Metropolitana,3514294,24,552704,0.3084,4,685,2211514,4,
B002556,2025-07-01,Tarjeta,Sucursal,Metropolitana,3865876,48,1059094,0.0879,25,844,2494109,90,2025-08-30
B002557,2025-10-18,Automotriz,Sucursal,Valparaíso,3763054,48,717644,0.1277,26,858,1909918,0,
B002558,2025-02-23,Consumo,Sucursal,Biobío,990299,36,480712,0.0667,38,890,104230,60,
B002559,2025-03-23,Consumo,Sucursal,Otras,3633240,24,420000,0.4324,19,730,471841,32,
B002560,2025-09-24,Automotriz,Sucursal,Otras,1296150,36,420000,0.1014,15,796,308741,2,
B002561,2025-08-20,Automotriz,Sucursal,Metropolitana,2390113,48,499409,0.1183,19,838,1653664,24,
B002562,2025-02-18,Consumo,Digital,Otras,2865645,60,420000,0.1254,18,770,1224668,0,
B002563,2025-11-04,Consumo,Convenio,Metropolitana,6900988,48,823886,0.1882,17,819,5662795,2,
B002564,2025-10-07,Tarjeta,Digital,Metropolitana,4232629,36,1011839,0.1414,11,775,3551668,0,
B002565,2025-08-06,Microempresa,Convenio,Metropolitana,3914136,24,1206771,0.1504,16,840,2966889,69,
B002566,2025-12-08,Automotriz,Sucursal,Metropolitana,6019741,36,782747,0.2452,16,812,3406049,0,
B002567,2025-04-16,Tarjeta,Sucursal,Metropolitana,2455174,12,424327,0.5247,40,686,900690,0,
B002568,2025-02-26,Consumo,Digital,Metropolitana,5835013,36,779120,0.2341,13,778,3956471,0,
B002569,2025-01-24,Tarjeta,Sucursal,Valparaíso,5301875,18,592096,0.5931,8,562,4142754,194,2026-02-18
B002570,2025-10-12,Automotriz,Convenio,Metropolitana,2840421,36,653908,0.1379,12,815,1854676,0,
B002571,2025-08-01,Tarjeta,Sucursal,Otras,1174117,60,810552,0.0264,13,890,810921,0,
B002572,2025-11-27,Consumo,Sucursal,Metropolitana,548572,36,420000,0.0427,54,889,101975,0,
B002573,2025-09-21,Automotriz,Convenio,Metropolitana,2806814,60,476458,0.1054,4,821,2265386,0,
B002574,2025-03-14,Consumo,Convenio,Metropolitana,3510324,18,509464,0.4303,8,677,2667525,0,
B002575,2025-11-03,Automotriz,Convenio,Metropolitana,2397428,24,420000,0.2649,14,788,1517024,141,2026-05-02
B002576,2025-12-04,Microempresa,Convenio,Otras,1656603,48,933140,0.0426,14,820,896892,0,
B002577,2025-03-26,Consumo,Sucursal,Valparaíso,2231134,24,420000,0.2538,27,734,1456589,0,
B002578,2025-05-12,Consumo,Convenio,Metropolitana,10274285,48,1288993,0.1902,10,833,5641615,0,
B002579,2025-06-29,Consumo,Digital,Valparaíso,2155467,36,489500,0.1469,13,797,278306,0,
B002580,2025-06-26,Consumo,Convenio,Metropolitana,3262650,36,420000,0.2369,29,778,2356247,0,
B002581,2025-06-30,Automotriz,Convenio,Metropolitana,4273253,24,674057,0.2842,8,676,2964786,0,
B002582,2025-08-11,Microempresa,Sucursal,Metropolitana,2448924,24,742675,0.1462,23,864,2018699,34,
B002583,2025-06-20,Consumo,Sucursal,Biobío,531691,48,420000,0.031,24,774,238751,0,
B002584,2025-04-06,Automotriz,Digital,Metropolitana,1999045,60,420000,0.086,12,864,1091797,68,
B002585,2025-07-08,Microempresa,Digital,Otras,1366925,48,420000,0.0782,28,808,283369,0,
B002586,2025-03-25,Consumo,Digital,Valparaíso,1532031,48,547725,0.063,33,818,308912,0,
B002587,2025-04-05,Consumo,Digital,Metropolitana,5143877,48,754350,0.1565,10,827,639469,0,
B002588,2025-03-11,Tarjeta,Digital,Metropolitana,10484879,60,1580356,0.1186,22,852,3955104,75,
B002589,2025-12-06,Consumo,Digital,Biobío,2049613,36,420000,0.1504,10,719,1349322,0,
B002590,2025-09-09,Tarjeta,Digital,Metropolitana,6437920,48,763444,0.2078,30,799,921690,0,
B002591,2025-05-17,Tarjeta,Digital,Otras,3740827,24,447347,0.3988,19,629,3313020,90,2025-09-14
B002592,2025-11-08,Tarjeta,Digital,Otras,1683384,24,420000,0.1864,37,832,1059224,13,
B002593,2025-10-01,Automotriz,Convenio,Valparaíso,3054439,36,420000,0.2295,45,821,1663495,78,
B002594,2025-10-26,Tarjeta,Digital,Biobío,1415021,36,420000,0.1098,32,755,262500,0,
B002595,2025-11-24,Consumo,Sucursal,Otras,4047726,48,1266166,0.0769,9,901,1292663,0,
B002596,2025-06-26,Consumo,Digital,Otras,2981241,24,597318,0.2517,34,770,1319959,0,
B002597,2025-09-20,Consumo,Digital,Biobío,4099181,24,677757,0.2811,42,807,1398174,0,
B002598,2025-02-04,Consumo,Sucursal,Metropolitana,3774999,36,547560,0.2336,39,795,2085398,0,
B002599,2025-11-28,Consumo,Convenio,Biobío,2274660,36,741871,0.0929,33,850,1677333,0,
B002600,2025-09-03,Automotriz,Digital,Metropolitana,1800223,12,871865,0.1934,33,816,767925,0,
B002601,2025-08-26,Consumo,Sucursal,Otras,1723287,18,420000,0.2537,22,718,329182,29,
B002602,2025-12-28,Consumo,Sucursal,Valparaíso,2297120,36,1139951,0.0669,9,849,2197961,276,2026-05-27
B002603,2025-10-30,Consumo,Digital,Metropolitana,3188715,36,824857,0.1206,26,842,1046780,0,
B002604,2025-10-29,Tarjeta,Sucursal,Valparaíso,10728546,18,1453513,0.4962,9,633,1461599,1,
B002605,2025-07-09,Automotriz,Digital,Biobío,2693044,48,545751,0.1206,19,794,793150,0,
B002606,2025-09-10,Microempresa,Digital,Metropolitana,3021095,60,613131,0.0917,28,858,2332692,0,
B002607,2025-07-12,Consumo,Sucursal,Biobío,11285456,36,3025525,0.1235,7,910,1916521,0,
B002608,2025-05-23,Tarjeta,Digital,Valparaíso,2013628,12,420000,0.4531,7,588,1010235,0,
B002609,2025-04-12,Consumo,Sucursal,Metropolitana,9627636,36,2094400,0.144,19,893,1618202,0,
B002610,2025-02-23,Consumo,Convenio,Biobío,2319535,36,782132,0.0951,10,823,796047,0,
B002611,2025-01-20,Tarjeta,Sucursal,Otras,2412421,48,545200,0.1044,13,776,525008,0,
B002612,2025-03-26,Automotriz,Sucursal,Metropolitana,8880774,18,1196284,0.4383,14,693,2620418,0,
B002613,2025-12-16,Consumo,Sucursal,Valparaíso,979148,24,420000,0.1094,13,789,426032,0,
B002614,2025-08-19,Microempresa,Sucursal,Otras,3470991,60,420000,0.1521,23,768,2654401,0,
B002615,2025-09-28,Tarjeta,Digital,Metropolitana,2865933,36,1059783,0.0875,29,862,742046,0,
B002616,2025-02-24,Tarjeta,Digital,Metropolitana,1124090,36,461783,0.0732,8,749,845056,140,2025-10-22
B002617,2025-04-13,Automotriz,Sucursal,Biobío,1314938,60,660544,0.0393,9,882,1090975,0,
B002618,2025-08-06,Consumo,Sucursal,Metropolitana,4986516,36,733246,0.2273,8,745,3632551,214,2026-11-29
B002619,2025-02-23,Tarjeta,Digital,Metropolitana,1622026,36,420000,0.1157,31,777,1163208,384,2025-08-22
B002620,2025-11-01,Consumo,Convenio,Metropolitana,2120980,36,420000,0.1593,39,834,1429689,0,
B002621,2025-01-06,Tarjeta,Digital,Metropolitana,7554577,24,845354,0.4101,7,656,5162786,0,
B002622,2025-06-16,Consumo,Sucursal,Metropolitana,780502,12,466533,0.1686,41,907,376550,0,
B002623,2025-07-22,Tarjeta,Convenio,Metropolitana,1306243,48,441748,0.0697,8,805,358396,0,
B002624,2025-12-19,Tarjeta,Digital,Metropolitana,2472509,24,420000,0.2857,23,762,2055891,0,
B002625,2025-11-13,Consumo,Convenio,Metropolitana,4748061,48,640584,0.1748,21,825,2511446,0,
B002626,2025-07-28,Microempresa,Sucursal,Otras,2769904,12,420000,0.6165,8,597,395655,0,
B002627,2025-11-01,Automotriz,Sucursal,Otras,3735214,18,516118,0.4293,2,664,1997276,0,
B002628,2025-07-15,Consumo,Digital,Otras,2608335,18,420000,0.3989,109,846,689051,0,
B002629,2025-01-27,Consumo,Digital,Metropolitana,3668802,18,853018,0.2708,14,797,3091654,90,2025-10-24
B002630,2025-02-07,Consumo,Sucursal,Metropolitana,2267243,24,852339,0.1253,8,790,1309887,87,
B002631,2025-08-23,Consumo,Sucursal,Valparaíso,2574780,60,420000,0.1092,14,765,1931524,0,
B002632,2025-01-30,Consumo,Convenio,Metropolitana,2670105,24,544919,0.2308,22,842,2023219,0,
B002633,2025-10-07,Consumo,Sucursal,Valparaíso,7225028,60,829941,0.1625,17,818,3000077,0,
B002634,2025-09-25,Tarjeta,Digital,Metropolitana,1409016,36,420000,0.1058,53,807,1183455,118,2026-06-22
B002635,2025-05-01,Tarjeta,Sucursal,Metropolitana,1217511,18,420000,0.1945,18,800,558731,0,
B002636,2025-11-18,Automotriz,Digital,Valparaíso,2117644,36,1640301,0.0419,10,879,608656,0,
B002637,2025-03-22,Consumo,Convenio,Metropolitana,3424684,48,420860,0.1863,16,789,952613,0,
B002638,2025-10-19,Consumo,Digital,Metropolitana,2038130,18,420000,0.2953,24,781,1370920,118,2027-04-12
B002639,2025-04-19,Automotriz,Digital,Otras,3947689,48,976621,0.0977,9,844,1153074,50,
B002640,2025-07-24,Tarjeta,Convenio,Metropolitana,2857923,36,420000,0.2109,22,717,1983717,0,
B002641,2025-08-10,Consumo,Digital,Biobío,893648,48,718396,0.0299,7,873,437146,0,
B002642,2025-12-26,Tarjeta,Sucursal,Otras,4209820,18,485102,0.5335,9,606,1988931,0,
B002643,2025-04-02,Consumo,Digital,Metropolitana,3152822,18,420000,0.4649,7,651,3045273,90,2026-01-27
B002644,2025-04-01,Tarjeta,Digital,Metropolitana,1042426,36,518316,0.0666,6,810,192175,0,
B002645,2025-10-07,Tarjeta,Sucursal,Metropolitana,7004531,24,816752,0.4088,18,791,702047,0,
B002646,2025-11-11,Automotriz,Digital,Metropolitana,5855897,60,1314815,0.0816,25,950,2954061,0,
B002647,2025-04-12,Microempresa,Digital,Metropolitana,4543279,36,570027,0.2662,33,764,2994809,0,
B002648,2025-09-20,Automotriz,Sucursal,Otras,1207254,36,422832,0.0911,19,753,838811,152,2026-09-15
B002649,2025-01-27,Consumo,Sucursal,Metropolitana,3677650,36,420000,0.2716,40,731,2192842,0,
B002650,2025-12-29,Automotriz,Sucursal,Biobío,3178631,24,440431,0.332,36,710,2581052,111,2026-11-24
B002651,2025-08-18,Tarjeta,Sucursal,Biobío,7756224,36,925785,0.2517,19,822,5651823,0,
B002652,2025-07-17,Tarjeta,Sucursal,Metropolitana,614339,36,420000,0.0456,10,791,354276,0,
B002653,2025-07-25,Tarjeta,Digital,Metropolitana,2030464,18,470961,0.2605,28,726,1691797,0,
B002654,2025-11-16,Consumo,Sucursal,Valparaíso,7431057,24,1289645,0.2623,10,837,1565311,0,
B002655,2025-02-21,Tarjeta,Digital,Metropolitana,2834685,36,420000,0.2237,23,737,2363992,0,
B002656,2025-07-02,Consumo,Digital,Biobío,3821333,12,1034349,0.3408,10,758,2194058,0,
B002657,2025-08-03,Consumo,Digital,Metropolitana,7251213,18,1165534,0.4151,19,791,1535110,0,
B002658,2025-09-01,Consumo,Digital,Otras,2262572,48,420000,0.1299,14,812,951438,0,
B002659,2025-01-24,Automotriz,Convenio,Valparaíso,7647903,18,1225909,0.3989,29,774,2822743,0,
B002660,2025-10-19,Consumo,Digital,Metropolitana,7668761,48,1076793,0.1799,16,831,3409516,12,
B002661,2025-08-26,Microempresa,Digital,Metropolitana,6672344,60,816571,0.1448,8,805,1634516,50,
B002662,2025-03-12,Consumo,Sucursal,Valparaíso,7816689,24,1192601,0.3099,19,739,4141676,0,
B002663,2025-07-02,Consumo,Sucursal,Metropolitana,755970,36,420000,0.0531,11,835,492421,0,
B002664,2025-10-30,Consumo,Convenio,Metropolitana,1501390,36,476631,0.103,8,802,1168465,0,
B002665,2025-09-22,Automotriz,Sucursal,Valparaíso,3919545,48,1011565,0.0911,7,830,2479132,220,2026-06-19
B002666,2025-03-25,Automotriz,Digital,Metropolitana,685150,48,420000,0.0363,5,817,425761,0,
B002667,2025-02-20,Automotriz,Sucursal,Metropolitana,1257453,12,459473,0.2506,16,780,132745,0,
B002668,2025-09-12,Consumo,Convenio,Biobío,7618987,48,1126143,0.169,11,899,2908381,81,
B002669,2025-08-12,Consumo,Digital,Metropolitana,2981228,36,420000,0.2128,30,756,1554981,0,
B002670,2025-08-13,Microempresa,Digital,Otras,3576867,24,420000,0.3983,6,673,3465154,255,2026-05-10
B002671,2025-12-21,Consumo,Sucursal,Biobío,1244652,60,420000,0.0556,14,950,307754,64,
B002672,2025-01-05,Consumo,Digital,Biobío,3517004,24,851384,0.1894,16,772,2560892,0,
B002673,2025-05-05,Microempresa,Digital,Valparaíso,3251001,24,420000,0.3817,24,731,1097129,0,
B002674,2025-04-23,Microempresa,Convenio,Metropolitana,4548821,12,768937,0.5278,24,647,2760883,0,
B002675,2025-03-24,Automotriz,Convenio,Biobío,1314109,36,449388,0.0954,17,829,599685,0,
B002676,2025-09-17,Consumo,Sucursal,Biobío,2119745,12,1152058,0.1754,36,881,1055310,0,
B002677,2025-08-29,Automotriz,Sucursal,Otras,2242112,12,667949,0.328,14,732,1667849,72,
B002678,2025-10-17,Tarjeta,Sucursal,Metropolitana,3794843,60,1877164,0.0358,10,879,2331965,0,
B002679,2025-09-12,Microempresa,Digital,Valparaíso,3451209,60,847832,0.0761,14,842,2744551,0,
B002680,2025-07-17,Consumo,Digital,Metropolitana,3329976,24,420000,0.3915,30,686,687864,0,
B002681,2025-01-16,Consumo,Sucursal,Otras,3826334,12,644624,0.5556,14,632,2989750,405,2025-07-15
B002682,2025-04-25,Tarjeta,Digital,Metropolitana,638226,36,485205,0.0445,13,891,389290,107,2025-12-21
B002683,2025-06-04,Automotriz,Sucursal,Metropolitana,5649154,18,990856,0.3773,11,731,1225012,0,
B002684,2025-08-16,Tarjeta,Digital,Metropolitana,735167,60,593255,0.0226,22,830,624854,0,
B002685,2025-01-26,Tarjeta,Digital,Metropolitana,6464738,18,878800,0.4613,32,694,917038,0,
B002686,2025-07-03,Automotriz,Sucursal,Otras,3196855,18,1003439,0.2126,17,833,659150,0,
B002687,2025-06-28,Automotriz,Convenio,Otras,2722705,24,442299,0.3123,11,744,2056796,0,
B002688,2025-04-06,Automotriz,Convenio,Valparaíso,3008955,24,420000,0.3185,35,771,1016789,0,
B002689,2025-06-08,Tarjeta,Convenio,Valparaíso,2421696,36,420000,0.182,9,756,1876623,0,
B002690,2025-07-10,Tarjeta,Sucursal,Metropolitana,5651665,24,804994,0.3427,8,684,5292290,90,2025-12-07
B002691,2025-08-15,Tarjeta,Digital,Valparaíso,3895183,18,821326,0.2874,7,691,3329924,121,2026-08-10
B002692,2025-01-21,Consumo,Sucursal,Biobío,3004082,36,1131730,0.0786,18,913,2132806,0,
B002693,2025-11-10,Tarjeta,Sucursal,Metropolitana,6327980,48,1167238,0.1238,25,814,5047367,0,
B002694,2025-11-28,Consumo,Sucursal,Valparaíso,1956291,36,945773,0.0652,11,797,1631920,0,
B002695,2025-01-28,Consumo,Convenio,Metropolitana,680319,60,420000,0.0316,19,798,487177,0,
B002696,2025-03-30,Consumo,Convenio,Valparaíso,4107242,36,718918,0.1815,14,816,1981633,0,
B002697,2025-04-17,Consumo,Digital,Metropolitana,2709966,48,1034950,0.0645,10,900,1267155,0,
B002698,2025-06-23,Microempresa,Convenio,Metropolitana,4733103,48,1180289,0.0916,17,846,761478,0,
B002699,2025-06-01,Tarjeta,Digital,Valparaíso,3551159,36,645199,0.1859,16,802,1954204,0,
B002700,2025-07-28,Consumo,Sucursal,Metropolitana,5684711,48,661753,0.2034,2,741,3007311,0,
B002701,2025-03-26,Tarjeta,Sucursal,Valparaíso,2908053,24,1062609,0.1293,22,839,1153783,0,
B002702,2025-06-07,Tarjeta,Convenio,Metropolitana,2770440,24,420000,0.3107,23,706,759225,0,
B002703,2025-07-03,Automotriz,Convenio,Otras,2175823,48,420000,0.1159,15,828,1548444,72,
B002704,2025-12-17,Automotriz,Sucursal,Metropolitana,1032365,24,824922,0.0607,18,871,364027,0,
B002705,2025-10-07,Consumo,Digital,Metropolitana,3793462,36,493314,0.2347,8,802,3146331,0,
B002706,2025-02-16,Tarjeta,Convenio,Metropolitana,4302303,48,739104,0.1295,15,825,590764,0,
B002707,2025-03-14,Microempresa,Sucursal,Biobío,2936204,36,533099,0.1661,14,826,2275760,90,2026-03-09
B002708,2025-07-23,Automotriz,Convenio,Metropolitana,4487719,48,796850,0.1418,39,835,902844,0,
B002709,2025-11-11,Tarjeta,Sucursal,Metropolitana,2333835,36,796174,0.098,15,827,691188,0,
B002710,2025-10-17,Consumo,Convenio,Metropolitana,1051309,48,420000,0.0571,21,875,779179,40,
B002711,2025-06-26,Consumo,Digital,Metropolitana,2554685,12,420000,0.5661,13,644,1787560,90,2025-12-23
B002712,2025-02-27,Tarjeta,Digital,Metropolitana,1988553,36,474036,0.1386,19,725,1092342,0,
B002713,2025-12-01,Consumo,Sucursal,Metropolitana,1894809,36,933658,0.0605,41,921,1170362,0,
B002714,2025-10-22,Consumo,Sucursal,Metropolitana,1221609,24,593670,0.0937,18,815,445657,0,
B002715,2025-07-22,Microempresa,Sucursal,Metropolitana,4325581,48,635221,0.1607,20,766,1828257,0,
B002716,2025-07-29,Consumo,Digital,Metropolitana,929307,48,488081,0.0484,16,923,521592,0,
B002717,2025-10-06,Automotriz,Digital,Valparaíso,3857028,36,1225835,0.1057,27,949,2584697,0,
B002718,2025-06-03,Tarjeta,Digital,Valparaíso,7536252,24,1116751,0.3214,29,730,2730433,0,
B002719,2025-09-26,Consumo,Convenio,Metropolitana,1290324,48,420000,0.0717,35,850,542968,0,
B002720,2025-05-11,Automotriz,Digital,Valparaíso,6070283,24,706718,0.4247,12,611,3354641,303,2025-12-07
B002721,2025-06-04,Tarjeta,Sucursal,Otras,3520718,48,1197844,0.0734,17,886,1423009,0,
B002722,2025-03-03,Tarjeta,Convenio,Otras,795542,48,420000,0.042,24,851,743770,90,2026-01-27
B002723,2025-05-17,Tarjeta,Digital,Valparaíso,8484951,36,1223450,0.2245,20,766,6002392,73,
B002724,2025-04-02,Automotriz,Convenio,Biobío,2457986,36,420000,0.1752,4,766,1198852,35,
B002725,2025-03-30,Automotriz,Digital,Otras,909091,18,420000,0.1305,44,786,737422,0,
B002726,2025-01-15,Tarjeta,Digital,Metropolitana,983058,48,574282,0.0424,34,838,226043,14,
B002727,2025-11-21,Consumo,Digital,Biobío,1699182,24,420000,0.1967,24,751,1243333,179,2026-01-20
B002728,2025-06-30,Consumo,Convenio,Metropolitana,2580953,36,420000,0.2027,34,769,1646705,0,
B002729,2025-11-15,Consumo,Digital,Metropolitana,2970802,48,484213,0.1524,35,826,380788,0,
B002730,2025-01-10,Automotriz,Digital,Metropolitana,5039070,24,643739,0.3515,37,748,3751742,274,2025-08-08
B002731,2025-06-27,Consumo,Sucursal,Biobío,3714751,18,441163,0.5462,10,632,2080044,0,
B002732,2025-01-04,Consumo,Digital,Otras,847373,12,420000,0.1816,14,786,699312,224,2025-11-30
B002733,2025-06-14,Automotriz,Digital,Biobío,2478320,24,420000,0.2731,11,679,1172792,0,
B002734,2025-12-20,Consumo,Sucursal,Biobío,2377879,12,420000,0.5439,22,590,2083480,277,2026-11-15
B002735,2025-09-25,Consumo,Sucursal,Otras,1125260,60,420000,0.0522,8,867,684403,0,
B002736,2025-01-26,Consumo,Digital,Biobío,5647685,36,792826,0.2194,12,824,2746599,0,
B002737,2025-12-25,Consumo,Convenio,Metropolitana,2706467,18,531169,0.3197,4,699,1402351,0,
B002738,2025-07-31,Microempresa,Convenio,Biobío,892699,60,567312,0.0279,11,909,572264,0,
B002739,2025-09-29,Consumo,Convenio,Metropolitana,3071454,36,644636,0.1525,11,807,2076449,0,
B002740,2025-07-18,Microempresa,Sucursal,Biobío,3448755,60,705938,0.0962,30,906,2446079,0,
B002741,2025-09-17,Automotriz,Convenio,Otras,2018874,60,450785,0.0877,25,866,1121945,0,
B002742,2025-07-09,Consumo,Digital,Metropolitana,2549848,24,420000,0.2747,35,752,2451453,90,2025-10-07
B002743,2025-12-05,Microempresa,Sucursal,Metropolitana,3625941,36,651719,0.1873,15,785,2980644,0,
B002744,2025-12-26,Consumo,Digital,Metropolitana,652574,24,420000,0.071,27,893,178497,0,
B002745,2025-07-04,Consumo,Convenio,Otras,3591472,24,765747,0.2183,6,759,2458862,155,2026-01-30
B002746,2025-02-02,Tarjeta,Digital,Metropolitana,636254,36,420000,0.0483,32,847,346569,0,
B002747,2025-06-28,Tarjeta,Sucursal,Valparaíso,748655,36,420000,0.0602,4,808,174843,0,
B002748,2025-10-11,Automotriz,Sucursal,Metropolitana,1371836,60,645559,0.0395,4,828,446861,0,
B002749,2025-04-08,Microempresa,Convenio,Otras,3611127,24,420000,0.3812,3,632,1591357,0,
B002750,2025-05-05,Consumo,Convenio,Biobío,2652675,36,430798,0.2024,14,750,1228301,0,
B002751,2025-06-30,Microempresa,Digital,Otras,3764547,48,420000,0.2015,34,759,1140316,0,
B002752,2025-08-25,Microempresa,Sucursal,Metropolitana,1454884,18,420000,0.2274,27,786,1029718,0,
B002753,2025-06-16,Microempresa,Convenio,Metropolitana,5943451,18,821448,0.4832,24,742,4189561,0,
B002754,2025-07-12,Tarjeta,Digital,Biobío,6351882,36,1372274,0.1469,19,802,1420711,0,
B002755,2025-10-16,Consumo,Digital,Otras,4697827,48,776009,0.1442,23,833,3288808,0,
B002756,2025-09-18,Microempresa,Digital,Metropolitana,1704940,48,982879,0.0398,17,879,911996,0,
B002757,2025-10-27,Consumo,Digital,Valparaíso,2403035,18,420000,0.363,7,721,305614,23,
B002758,2025-11-21,Automotriz,Digital,Metropolitana,3331776,18,420000,0.4829,15,622,1752757,0,
B002759,2025-04-16,Consumo,Sucursal,Metropolitana,3748303,60,508134,0.1471,51,785,1643466,0,
B002760,2025-09-20,Consumo,Convenio,Metropolitana,2403386,24,420000,0.287,15,644,1251903,0,
B002761,2025-11-23,Consumo,Convenio,Biobío,9243266,18,1365907,0.4575,16,695,7458217,90,2027-09-14
B002762,2025-06-01,Tarjeta,Digital,Metropolitana,4575429,24,753330,0.282,13,700,3189102,0,
B002763,2025-11-06,Tarjeta,Convenio,Otras,660518,48,420000,0.0371,4,752,373775,90,2026-01-05
B002764,2025-03-16,Consumo,Convenio,Otras,3702558,18,596407,0.4166,27,718,1338433,0,
B002765,2025-05-26,Automotriz,Sucursal,Metropolitana,1435535,12,507185,0.2536,22,818,579101,67,
B002766,2025-01-21,Consumo,Convenio,Metropolitana,3196934,12,742367,0.3826,14,647,844259,0,
B002767,2025-01-21,Tarjeta,Digital,Otras,2613477,36,494257,0.1759,10,801,1245103,0,
B002768,2025-07-04,Consumo,Sucursal,Otras,1533184,12,420000,0.3499,19,722,766349,16,
B002769,2025-07-18,Tarjeta,Sucursal,Metropolitana,6718086,48,1185504,0.134,33,830,5137968,96,2026-02-13
B002770,2025-11-28,Consumo,Digital,Otras,5243409,24,852082,0.2823,12,726,4782889,307,2026-05-27
B002771,2025-02-25,Automotriz,Digital,Otras,1721201,36,671529,0.0852,49,920,595540,0,
B002772,2025-04-27,Consumo,Sucursal,Otras,1889024,24,739638,0.1148,22,915,390927,0,
B002773,2025-05-24,Consumo,Digital,Metropolitana,1426795,36,420000,0.1147,45,807,305628,0,
B002774,2025-01-29,Consumo,Sucursal,Metropolitana,3049978,48,420000,0.1677,43,797,2302908,0,
B002775,2025-11-02,Consumo,Sucursal,Valparaíso,4623088,12,764985,0.5581,12,601,4312930,95,2026-05-01
B002776,2025-12-15,Consumo,Sucursal,Otras,6116841,36,691819,0.27,8,757,2973819,0,
B002777,2025-09-25,Tarjeta,Sucursal,Valparaíso,1543222,36,420000,0.1127,11,771,874370,0,
B002778,2025-09-25,Automotriz,Sucursal,Otras,10806031,18,1437815,0.4947,12,700,8426468,0,
B002779,2025-11-25,Microempresa,Digital,Metropolitana,3603467,48,427223,0.1891,14,767,1632779,0,
B002780,2025-08-01,Tarjeta,Digital,Biobío,2348031,36,828338,0.0891,48,856,1210385,0,
B002781,2025-05-20,Tarjeta,Digital,Biobío,10906346,18,2035226,0.355,14,704,2427395,0,
B002782,2025-02-13,Tarjeta,Digital,Metropolitana,2218448,48,919545,0.0541,20,925,1782157,0,
B002783,2025-03-12,Microempresa,Sucursal,Otras,3671653,48,452510,0.1905,32,807,2830936,0,
B002784,2025-01-02,Consumo,Sucursal,Metropolitana,4595980,36,830513,0.1822,9,803,1685147,0,
B002785,2025-12-14,Consumo,Digital,Metropolitana,1100852,18,420000,0.1702,27,805,416412,0,
B002786,2025-05-07,Automotriz,Digital,Metropolitana,2598251,18,623913,0.2728,60,821,298783,0,
B002787,2025-12-24,Tarjeta,Digital,Otras,2295439,60,420000,0.0967,17,775,634517,0,
B002788,2025-06-24,Consumo,Digital,Metropolitana,1869451,18,698909,0.1702,13,761,1510816,0,
B002789,2025-11-18,Automotriz,Digital,Metropolitana,2174367,36,420000,0.1536,8,761,1538882,0,
B002790,2025-09-07,Tarjeta,Sucursal,Otras,3796646,24,1105290,0.1589,11,862,2056004,0,
B002791,2025-01-28,Consumo,Digital,Otras,731594,36,420000,0.058,68,885,485697,0,
B002792,2025-11-20,Consumo,Sucursal,Valparaíso,7952102,36,1384820,0.1747,50,901,2759898,0,
B002793,2025-03-17,Consumo,Sucursal,Valparaíso,1906001,36,1391458,0.0404,31,915,732170,0,
B002794,2025-12-05,Consumo,Digital,Metropolitana,1468889,12,420000,0.3222,8,710,564580,0,
B002795,2025-06-27,Consumo,Convenio,Metropolitana,8769641,24,1132776,0.3512,50,862,3571582,0,
B002796,2025-03-22,Tarjeta,Sucursal,Metropolitana,4052956,12,585831,0.6974,12,585,2938822,0,
B002797,2025-11-28,Automotriz,Digital,Metropolitana,1234307,48,420000,0.0745,30,839,712536,112,2026-06-26
B002798,2025-01-14,Consumo,Convenio,Metropolitana,2372333,36,1283140,0.059,26,920,531619,0,
B002799,2025-11-11,Tarjeta,Sucursal,Otras,2571352,18,420000,0.3992,10,576,1955623,0,
B002800,2025-04-19,Automotriz,Sucursal,Otras,1112218,24,420000,0.1195,51,877,210418,0,
B002801,2025-04-01,Consumo,Convenio,Biobío,6135009,48,694060,0.2207,10,794,3748277,0,
B002802,2025-03-15,Tarjeta,Sucursal,Metropolitana,3592267,18,420000,0.5153,14,606,2021916,0,
B002803,2025-01-15,Consumo,Sucursal,Valparaíso,2204939,60,420000,0.0995,21,776,1224962,0,
B002804,2025-03-02,Automotriz,Convenio,Metropolitana,3692574,24,420000,0.4337,6,643,2388743,110,2025-09-28
B002805,2025-11-10,Tarjeta,Digital,Otras,4541281,60,531453,0.1709,14,786,1812371,0,
B002806,2025-04-14,Consumo,Digital,Metropolitana,1565457,48,420000,0.0928,7,781,739404,0,
B002807,2025-01-08,Automotriz,Convenio,Metropolitana,2467899,36,420000,0.1987,44,846,775426,12,
B002808,2025-10-05,Automotriz,Convenio,Biobío,2348882,24,420000,0.2738,12,734,1698126,0,
B002809,2025-01-19,Microempresa,Convenio,Biobío,1287300,18,420000,0.1869,11,772,927040,0,
B002810,2025-12-20,Automotriz,Convenio,Biobío,1872918,36,574554,0.0972,30,856,1105721,257,2026-12-15
B002811,2025-08-20,Automotriz,Sucursal,Metropolitana,3594237,60,796980,0.0897,37,907,1230423,0,
B002812,2025-07-09,Automotriz,Digital,Otras,4917920,36,866142,0.1732,6,827,1691356,0,
B002813,2025-06-12,Tarjeta,Sucursal,Metropolitana,1406410,18,717782,0.1249,9,798,1102521,0,
B002814,2025-04-23,Microempresa,Digital,Metropolitana,3309929,36,465392,0.2161,20,747,1666751,0,
B002815,2025-10-27,Consumo,Convenio,Metropolitana,4181683,48,489448,0.2044,25,845,1786547,0,
B002816,2025-11-28,Automotriz,Sucursal,Biobío,2839909,48,679874,0.1058,12,746,830323,0,
B002817,2025-07-18,Consumo,Digital,Metropolitana,15580270,36,1751839,0.2831,10,753,7237523,53,
B002818,2025-03-28,Consumo,Sucursal,Metropolitana,2162916,48,579457,0.0854,21,849,403722,0,
B002819,2025-09-17,Automotriz,Sucursal,Metropolitana,2004877,36,420000,0.1594,23,849,1433933,0,
B002820,2025-08-07,Automotriz,Sucursal,Biobío,5759258,48,718820,0.1967,6,745,999086,0,
B002821,2025-02-22,Tarjeta,Digital,Metropolitana,7906958,48,1995664,0.0924,42,927,5747811,0,
B002822,2025-10-02,Tarjeta,Sucursal,Metropolitana,2720328,36,420000,0.1924,14,778,1364551,0,
B002823,2025-04-26,Tarjeta,Sucursal,Metropolitana,1030768,36,420000,0.0803,21,827,790882,0,
B002824,2025-11-21,Tarjeta,Digital,Metropolitana,1826845,36,466494,0.1208,39,884,557727,0,
B002825,2025-04-22,Tarjeta,Convenio,Metropolitana,7847397,48,1845082,0.0959,28,907,3268554,0,
B002826,2025-05-27,Tarjeta,Sucursal,Otras,5282103,60,644804,0.166,18,772,812720,0,
B002827,2025-05-31,Consumo,Digital,Metropolitana,645516,60,420000,0.0301,11,837,113972,0,
B002828,2025-01-10,Automotriz,Digital,Otras,3450113,48,420000,0.2049,46,810,2930870,0,
B002829,2025-08-07,Consumo,Sucursal,Valparaíso,5177671,36,683309,0.2397,38,817,2304901,0,
B002830,2025-08-06,Consumo,Digital,Otras,9360478,36,1324319,0.2221,9,835,6145422,90,2025-11-04
B002831,2025-04-11,Tarjeta,Sucursal,Metropolitana,7688255,36,880491,0.2615,36,765,1059703,0,
B002832,2025-11-08,Tarjeta,Digital,Valparaíso,5512583,12,857534,0.5769,14,678,4913364,310,2026-06-06
B002833,2025-12-25,Consumo,Sucursal,Metropolitana,5204934,48,738196,0.1669,19,824,3099167,0,
B002834,2025-06-10,Consumo,Sucursal,Metropolitana,5145757,36,809875,0.2062,14,878,3106201,0,
B002835,2025-03-05,Consumo,Sucursal,Biobío,4555829,36,611434,0.2402,15,753,4081241,107,2025-10-01
B002836,2025-09-20,Tarjeta,Sucursal,Metropolitana,2102576,24,1644935,0.0601,6,848,1411965,0,
B002837,2025-10-27,Tarjeta,Sucursal,Metropolitana,13375637,12,1755027,0.6993,31,654,7647907,90,2026-07-24
B002838,2025-06-06,Tarjeta,Sucursal,Otras,852238,36,515727,0.0557,17,799,580886,0,
B002839,2025-12-08,Tarjeta,Digital,Metropolitana,3391257,24,850802,0.2016,32,807,1979911,0,
B002840,2025-12-17,Tarjeta,Digital,Metropolitana,3378418,48,734783,0.108,22,774,898130,0,
B002841,2025-02-01,Tarjeta,Digital,Otras,1560078,36,604552,0.0817,13,775,576126,0,
B002842,2025-06-19,Consumo,Sucursal,Metropolitana,1451992,24,420000,0.1748,23,809,523142,0,
B002843,2025-01-02,Automotriz,Sucursal,Metropolitana,3185586,24,420000,0.342,20,731,541631,0,
B002844,2025-03-05,Automotriz,Digital,Metropolitana,5245894,36,673677,0.2383,42,776,3919787,0,
B002845,2025-07-02,Consumo,Convenio,Otras,6205074,24,741744,0.4212,39,732,3993757,90,2026-01-28
B002846,2025-09-19,Consumo,Digital,Valparaíso,667925,24,480540,0.0645,11,822,557359,0,
B002847,2025-04-11,Consumo,Digital,Biobío,3035397,60,544788,0.1101,23,849,1985172,87,
B002848,2025-06-18,Tarjeta,Convenio,Otras,1254313,60,420000,0.0601,28,813,244319,0,
B002849,2025-03-07,Consumo,Convenio,Biobío,7555588,18,899129,0.5395,10,671,4825005,90,2025-08-04
B002850,2025-07-11,Tarjeta,Digital,Otras,3009295,24,420000,0.3495,33,690,1442661,0,
B002851,2025-08-14,Automotriz,Sucursal,Metropolitana,1106730,12,737520,0.1501,12,797,379618,0,
B002852,2025-06-08,Consumo,Sucursal,Otras,7153175,36,1064664,0.2265,19,854,1798286,57,
B002853,2025-04-13,Automotriz,Sucursal,Valparaíso,9904827,36,1239037,0.257,15,805,4338549,0,
B002854,2025-09-09,Consumo,Digital,Otras,5238462,18,645139,0.501,38,671,4033177,0,
B002855,2025-09-06,Tarjeta,Sucursal,Biobío,9223912,36,1046197,0.2944,9,759,1488155,0,
B002856,2025-05-08,Tarjeta,Digital,Otras,4380130,24,863243,0.2315,12,730,606641,0,
B002857,2025-01-09,Automotriz,Digital,Metropolitana,3865160,12,872158,0.4013,6,605,3639024,90,2025-10-06
B002858,2025-06-19,Consumo,Convenio,Metropolitana,4951699,36,689940,0.2297,30,779,644579,0,
B002859,2025-08-27,Automotriz,Sucursal,Valparaíso,15163733,24,1731770,0.3871,8,773,6841774,0,
B002860,2025-09-19,Consumo,Sucursal,Metropolitana,1120862,36,508260,0.0703,19,841,385884,0,
B002861,2025-08-18,Tarjeta,Sucursal,Metropolitana,4194998,24,856342,0.2439,18,785,1194075,0,
B002862,2025-10-17,Automotriz,Sucursal,Metropolitana,5972393,24,670407,0.4351,20,722,1051230,0,
B002863,2025-06-10,Consumo,Sucursal,Metropolitana,1716898,36,492705,0.1146,11,780,1190116,0,
B002864,2025-06-04,Tarjeta,Digital,Metropolitana,6266327,48,1411510,0.0998,4,880,2704984,26,
B002865,2025-05-08,Consumo,Sucursal,Metropolitana,3474255,48,503112,0.1641,28,830,2332813,0,
B002866,2025-07-06,Consumo,Digital,Metropolitana,3937545,36,820126,0.1591,20,823,1220713,0,
B002867,2025-01-16,Consumo,Sucursal,Metropolitana,2241689,36,438848,0.1578,28,767,1877628,0,
B002868,2025-11-12,Consumo,Convenio,Metropolitana,1323593,36,420000,0.0953,44,836,497598,0,
B002869,2025-08-21,Tarjeta,Digital,Biobío,527119,24,420000,0.0589,4,788,209416,16,
B002870,2025-05-18,Microempresa,Digital,Otras,2703947,48,420000,0.1574,30,917,739078,0,
B002871,2025-12-22,Automotriz,Sucursal,Valparaíso,4740407,48,936169,0.1148,13,895,2993312,0,
B002872,2025-10-12,Consumo,Digital,Otras,5156031,48,705766,0.1822,20,782,3149003,248,2026-03-11
B002873,2025-10-22,Automotriz,Convenio,Metropolitana,3688634,48,629412,0.1334,14,821,2002648,0,
B002874,2025-05-02,Consumo,Digital,Metropolitana,3577125,36,633861,0.1848,38,781,1070616,0,
B002875,2025-02-12,Tarjeta,Sucursal,Valparaíso,2441147,12,420000,0.562,15,589,653681,0,
B002876,2025-11-08,Automotriz,Sucursal,Metropolitana,7718814,18,1985773,0.2455,25,863,5062629,0,
B002877,2025-02-10,Tarjeta,Sucursal,Metropolitana,3737325,24,452037,0.3825,15,727,2173283,0,
B002878,2025-08-03,Microempresa,Sucursal,Metropolitana,588454,36,474083,0.0401,12,900,88561,0,
B002879,2025-11-28,Consumo,Digital,Metropolitana,2760043,24,420000,0.3066,10,679,989745,0,
B002880,2025-02-03,Tarjeta,Convenio,Metropolitana,6489434,48,1065187,0.138,13,911,4532636,0,
B002881,2025-05-31,Consumo,Digital,Metropolitana,2033307,18,420000,0.3089,14,693,1229219,163,2026-05-26
B002882,2025-11-21,Tarjeta,Digital,Metropolitana,9407825,48,1387122,0.15,38,863,5738855,0,
B002883,2025-02-04,Consumo,Convenio,Biobío,3283391,18,420000,0.4708,10,685,2499622,0,
B002884,2025-11-03,Automotriz,Convenio,Metropolitana,5998045,12,1387406,0.439,22,781,3042281,0,
B002885,2025-11-20,Tarjeta,Sucursal,Metropolitana,763512,24,420000,0.0873,31,829,500287,0,
B002886,2025-11-09,Consumo,Digital,Otras,1231235,24,536760,0.1042,40,832,495136,43,
B002887,2025-02-12,Tarjeta,Sucursal,Valparaíso,3325133,36,420000,0.2452,38,804,2290939,0,
B002888,2025-08-23,Tarjeta,Sucursal,Metropolitana,1412350,60,448504,0.0559,25,850,204999,0,
B002889,2025-01-23,Consumo,Convenio,Otras,2299663,60,455226,0.0904,5,804,1645738,0,
B002890,2025-06-19,Microempresa,Sucursal,Metropolitana,2997662,48,672297,0.1038,12,825,794866,0,
B002891,2025-06-03,Tarjeta,Sucursal,Valparaíso,4784046,60,548819,0.1559,18,786,1821222,0,
B002892,2025-10-07,Microempresa,Digital,Biobío,5323561,36,648452,0.2468,31,771,4009814,239,2026-04-05
B002893,2025-04-10,Tarjeta,Convenio,Metropolitana,2258560,48,447242,0.1228,44,931,274988,0,
B002894,2025-09-01,Consumo,Convenio,Biobío,2544084,24,874518,0.129,18,858,2062714,0,
B002895,2025-05-19,Automotriz,Digital,Biobío,1760215,18,681093,0.1695,51,824,762724,64,
B002896,2025-04-09,Tarjeta,Convenio,Biobío,4048765,24,479014,0.3914,18,703,2677906,0,
B002897,2025-02-25,Automotriz,Sucursal,Metropolitana,2175581,18,912421,0.1466,9,878,288202,0,
B002898,2025-04-04,Tarjeta,Digital,Metropolitana,4984910,36,590889,0.2574,5,696,4227791,0,
B002899,2025-03-01,Consumo,Digital,Metropolitana,2722812,36,623461,0.1387,9,885,2202636,0,
B002900,2025-08-19,Tarjeta,Sucursal,Metropolitana,2335002,60,985207,0.0468,7,794,1292386,0,
B002901,2025-01-20,Automotriz,Digital,Valparaíso,974064,24,646449,0.0718,14,804,551720,0,
B002902,2025-09-30,Consumo,Convenio,Biobío,3804127,24,513237,0.3657,30,710,2663049,90,2026-01-28
B002903,2025-08-19,Consumo,Digital,Metropolitana,1268326,18,515897,0.166,79,901,438031,0,
B002904,2025-03-14,Tarjeta,Convenio,Biobío,5833839,12,679192,0.7827,13,544,5566481,90,2025-06-12
B002905,2025-02-10,Consumo,Sucursal,Metropolitana,1656881,60,420000,0.074,29,878,1244743,0,
B002906,2025-07-28,Microempresa,Sucursal,Biobío,1678972,36,420000,0.1197,8,773,495070,0,
B002907,2025-12-13,Tarjeta,Digital,Biobío,2600463,36,1084161,0.071,18,840,2465663,90,2026-07-11
B002908,2025-11-06,Consumo,Sucursal,Metropolitana,2206782,18,420000,0.3434,11,615,1376209,223,2026-01-05
B002909,2025-06-09,Consumo,Digital,Metropolitana,4631676,12,645382,0.6612,23,526,3327895,0,
B002910,2025-07-07,Consumo,Digital,Valparaíso,507509,36,420000,0.0382,17,771,146922,0,
B002911,2025-12-27,Tarjeta,Digital,Biobío,8660532,24,1439286,0.2679,28,820,6503310,15,
B002912,2025-11-13,Consumo,Convenio,Metropolitana,5673168,36,673659,0.2496,37,829,2355317,0,
B002913,2025-08-14,Tarjeta,Sucursal,Biobío,1970186,24,546450,0.1638,58,866,1060369,0,
B002914,2025-09-05,Automotriz,Convenio,Metropolitana,1232415,60,420000,0.0561,51,832,974205,0,
B002915,2025-05-26,Consumo,Sucursal,Metropolitana,1537797,36,420000,0.11,4,775,681289,0,
B002916,2025-02-14,Consumo,Sucursal,Metropolitana,2320392,36,742053,0.0957,30,915,1238299,0,
B002917,2025-12-22,Consumo,Convenio,Metropolitana,4041099,48,514658,0.191,22,790,3109710,0,
B002918,2025-10-11,Consumo,Sucursal,Otras,2591140,36,420000,0.202,6,695,2231208,226,2026-07-08
B002919,2025-11-10,Automotriz,Sucursal,Otras,1978479,18,665803,0.186,9,786,1585314,0,
B002920,2025-06-17,Consumo,Convenio,Metropolitana,2643268,18,643961,0.2484,18,848,2208629,173,2026-03-14
B002921,2025-07-24,Consumo,Sucursal,Metropolitana,3439628,36,512858,0.2141,25,756,1280415,0,
B002922,2025-01-23,Tarjeta,Digital,Metropolitana,3304521,60,502077,0.1271,40,833,1408167,0,
B002923,2025-01-11,Consumo,Digital,Metropolitana,6697462,60,868669,0.1544,16,828,1905101,0,
B002924,2025-06-29,Automotriz,Sucursal,Biobío,6235606,36,1075965,0.1927,19,830,3223154,0,
B002925,2025-02-15,Consumo,Sucursal,Metropolitana,6648612,48,1052496,0.1555,23,869,4236714,0,
B002926,2025-06-10,Microempresa,Convenio,Metropolitana,2164810,60,465667,0.087,11,820,955364,0,
B002927,2025-08-11,Consumo,Convenio,Metropolitana,6838136,36,1190104,0.1794,16,804,2377430,0,
B002928,2025-04-02,Consumo,Digital,Biobío,1453922,24,558958,0.1282,13,785,523437,0,
B002929,2025-06-13,Consumo,Convenio,Valparaíso,3756305,60,768118,0.0871,36,830,1909495,0,
B002930,2025-02-28,Consumo,Convenio,Metropolitana,5649278,36,1042140,0.1663,24,850,4192475,0,
B002931,2025-06-02,Tarjeta,Sucursal,Valparaíso,994099,36,627392,0.0485,23,792,685102,90,2026-07-27
B002932,2025-09-06,Consumo,Convenio,Metropolitana,2353186,24,866874,0.1378,13,853,1255460,0,
B002933,2025-12-24,Consumo,Sucursal,Metropolitana,2933916,36,637477,0.1486,27,830,1870363,0,
B002934,2025-02-14,Tarjeta,Digital,Valparaíso,1825406,12,1246736,0.1481,52,862,783830,0,
B002935,2025-08-11,Tarjeta,Convenio,Metropolitana,2182045,36,622248,0.1098,16,825,669904,77,
B002936,2025-04-19,Automotriz,Sucursal,Metropolitana,3562274,60,679818,0.1039,29,846,1071525,0,
B002937,2025-07-02,Tarjeta,Sucursal,Biobío,3800585,24,574923,0.2967,22,722,2379247,0,
B002938,2025-04-25,Tarjeta,Digital,Metropolitana,1915032,48,828051,0.0526,3,793,990818,0,
B002939,2025-02-13,Microempresa,Sucursal,Metropolitana,4259560,18,684233,0.3835,18,636,1263008,62,
B002940,2025-08-03,Consumo,Sucursal,Metropolitana,2383311,18,527389,0.2722,6,757,1306756,0,
B002941,2025-05-05,Consumo,Digital,Metropolitana,5619170,36,767295,0.218,26,702,1557682,50,
B002942,2025-01-30,Automotriz,Sucursal,Metropolitana,5831146,48,858466,0.1571,17,834,3654422,0,
B002943,2025-01-16,Consumo,Sucursal,Metropolitana,1263730,48,610808,0.0496,20,862,1036860,0,
B002944,2025-10-13,Automotriz,Digital,Metropolitana,740098,24,420000,0.0848,78,913,572283,0,
B002945,2025-04-05,Automotriz,Sucursal,Metropolitana,6143649,36,945131,0.219,45,810,4204093,0,
B002946,2025-11-17,Consumo,Sucursal,Metropolitana,3384758,24,746372,0.2296,42,839,2872680,0,
B002947,2025-12-17,Tarjeta,Convenio,Metropolitana,8119989,24,1111782,0.3232,25,749,5037982,0,
B002948,2025-11-29,Consumo,Convenio,Otras,1379509,36,674466,0.0673,11,851,888459,0,
B002949,2025-04-09,Consumo,Digital,Otras,975909,24,739278,0.0644,13,823,100104,0,
B002950,2025-02-09,Automotriz,Digital,Biobío,1250191,48,420000,0.0682,10,761,195862,0,
B002951,2025-11-10,Microempresa,Convenio,Biobío,2849574,36,420000,0.2116,35,719,1146676,0,
B002952,2025-02-06,Microempresa,Sucursal,Metropolitana,4057782,36,992879,0.1305,30,878,2569497,0,
B002953,2025-07-29,Tarjeta,Digital,Biobío,3015251,36,869596,0.1148,33,827,475891,0,
B002954,2025-11-23,Consumo,Digital,Valparaíso,9034964,24,1264834,0.3284,26,795,6050976,0,
B002955,2025-07-09,Tarjeta,Sucursal,Metropolitana,7907312,24,1020201,0.3622,42,778,2440908,0,
B002956,2025-03-09,Consumo,Convenio,Biobío,5646582,48,665368,0.2115,29,739,3735553,0,
B002957,2025-04-07,Consumo,Digital,Otras,4655151,36,728795,0.1917,30,745,2173519,0,
B002958,2025-11-22,Tarjeta,Sucursal,Biobío,1253409,60,420000,0.0562,13,798,815086,0,
B002959,2025-11-04,Consumo,Sucursal,Metropolitana,2305612,36,420000,0.1741,24,742,573293,0,
B002960,2025-08-31,Automotriz,Digital,Biobío,7308118,36,1137407,0.2133,12,790,1161278,0,
B002961,2025-09-11,Consumo,Digital,Metropolitana,3325491,18,420000,0.4725,12,628,1122800,0,
B002962,2025-12-09,Tarjeta,Digital,Valparaíso,1184805,36,560250,0.0678,19,800,810921,0,
B002963,2025-08-21,Tarjeta,Digital,Valparaíso,4874552,36,687648,0.2373,9,728,2613428,0,
B002964,2025-01-24,Tarjeta,Convenio,Metropolitana,5166281,48,1002204,0.1174,13,842,2247499,0,
B002965,2025-07-23,Consumo,Digital,Valparaíso,6877418,36,1099371,0.2081,31,886,3908667,0,
B002966,2025-12-16,Microempresa,Digital,Biobío,2737184,60,995080,0.0506,32,930,770501,0,
B002967,2025-10-04,Tarjeta,Digital,Metropolitana,3689808,12,875599,0.3766,19,669,3120886,307,2027-04-27
B002968,2025-01-02,Microempresa,Sucursal,Metropolitana,5278000,60,657841,0.1523,27,901,2192354,2,
B002969,2025-11-02,Consumo,Sucursal,Otras,2079607,36,420000,0.1519,15,773,1751254,0,
B002970,2025-11-12,Tarjeta,Convenio,Otras,2506021,36,420000,0.2019,34,816,2062884,0,
B002971,2025-09-26,Consumo,Sucursal,Metropolitana,7082748,36,815669,0.2921,22,821,853610,0,
B002972,2025-07-21,Consumo,Convenio,Metropolitana,3595968,18,420000,0.5216,17,651,1967692,0,
B002973,2025-06-08,Consumo,Convenio,Valparaíso,1365072,24,606803,0.1139,4,828,391654,0,
B002974,2025-04-12,Consumo,Digital,Biobío,1178272,18,610920,0.1255,49,946,720919,0,
B002975,2025-09-22,Tarjeta,Digital,Valparaíso,3697908,24,420000,0.3917,19,603,1538923,0,
B002976,2025-04-03,Tarjeta,Digital,Otras,1598896,60,536630,0.0547,33,867,1174980,49,
B002977,2025-08-23,Consumo,Digital,Otras,2893135,48,463188,0.1544,8,787,1820321,0,
B002978,2025-07-25,Tarjeta,Digital,Otras,3046037,36,420000,0.2216,29,761,2935052,113,2026-01-21
B002979,2025-03-31,Tarjeta,Digital,Metropolitana,3757319,24,520587,0.3445,39,658,2096307,221,2026-01-25
B002980,2025-04-02,Consumo,Sucursal,Valparaíso,3463658,36,420000,0.276,8,683,2964015,216,2026-07-26
B002981,2025-12-04,Consumo,Sucursal,Metropolitana,3015806,36,439046,0.2118,14,737,886282,0,
B002982,2025-07-08,Consumo,Convenio,Metropolitana,840258,36,420000,0.0665,36,863,159442,0,
B002983,2025-12-21,Consumo,Sucursal,Valparaíso,3269641,36,481461,0.2197,26,771,1424336,0,
B002984,2025-07-08,Tarjeta,Convenio,Metropolitana,2176834,60,484133,0.0912,24,770,1558650,0,
B002985,2025-06-03,Tarjeta,Convenio,Metropolitana,5887233,18,746726,0.5314,19,650,3679957,18,
B002986,2025-09-12,Automotriz,Digital,Metropolitana,2029720,24,420000,0.22,7,714,278363,0,
B002987,2025-11-11,Consumo,Sucursal,Metropolitana,1200760,24,420000,0.1394,26,786,276108,0,
B002988,2025-09-09,Automotriz,Digital,Metropolitana,4534545,36,894187,0.1547,41,885,1487635,0,
B002989,2025-11-03,Consumo,Digital,Metropolitana,3665596,48,774823,0.1142,21,848,1516723,0,
B002990,2025-06-13,Consumo,Digital,Metropolitana,2352599,36,1001718,0.0794,40,881,621868,0,
B002991,2025-01-08,Consumo,Sucursal,Metropolitana,5108635,24,713213,0.3442,10,617,2168793,0,
B002992,2025-12-03,Automotriz,Digital,Metropolitana,8559696,60,981554,0.1739,16,848,4605557,0,
B002993,2025-06-27,Consumo,Digital,Metropolitana,3992731,24,781276,0.2279,9,713,2108751,0,
B002994,2025-01-09,Automotriz,Convenio,Metropolitana,654487,60,510811,0.0246,21,840,415189,0,
B002995,2025-07-03,Consumo,Convenio,Otras,3741332,36,420000,0.2628,10,689,944283,43,
B002996,2025-06-05,Consumo,Convenio,Biobío,2355423,36,420000,0.1876,15,763,1809587,90,2026-06-30
B002997,2025-04-13,Consumo,Sucursal,Metropolitana,2795624,24,576226,0.232,3,792,1889179,0,
B002998,2025-05-04,Consumo,Convenio,Valparaíso,5996333,48,933236,0.1605,14,843,4669788,0,
B002999,2025-02-01,Consumo,Digital,Valparaíso,3272514,36,420000,0.2348,33,763,1857584,0,
B003000,2025-05-12,Consumo,Sucursal,Metropolitana,5632270,24,1171141,0.2134,5,818,5102955,179,2026-02-06
B003001,2025-10-07,Consumo,Digital,Metropolitana,4992470,36,647571,0.2344,10,755,3584893,31,
B003002,2025-10-18,Consumo,Digital,Biobío,5426511,36,621804,0.2889,41,806,3715122,0,
B003003,2025-06-05,Tarjeta,Digital,Metropolitana,7361503,36,2192425,0.0998,17,910,1865601,0,
B003004,2025-01-21,Automotriz,Sucursal,Metropolitana,3768039,36,420000,0.299,12,671,1140691,0,
B003005,2025-06-04,Automotriz,Digital,Metropolitana,6074631,60,1102762,0.11,9,894,4391383,0,
B003006,2025-07-28,Automotriz,Sucursal,Metropolitana,929448,12,693609,0.1226,17,863,625200,0,
B003007,2025-06-11,Consumo,Digital,Metropolitana,3238712,48,420000,0.1959,32,760,500955,0,
B003008,2025-07-19,Consumo,Sucursal,Metropolitana,965202,24,420000,0.1038,6,770,476170,0,
B003009,2025-12-26,Microempresa,Digital,Metropolitana,3158264,24,531415,0.2862,24,729,1167751,0,
B003010,2025-11-14,Consumo,Digital,Metropolitana,5316558,24,1999228,0.1336,6,891,4052576,0,
B003011,2025-09-10,Consumo,Sucursal,Valparaíso,6468740,24,784017,0.4012,11,667,3084734,0,
B003012,2025-01-30,Microempresa,Sucursal,Metropolitana,1753366,24,911554,0.0925,19,865,534494,0,
B003013,2025-03-01,Consumo,Sucursal,Metropolitana,2897885,60,631297,0.0913,12,790,508577,0,
B003014,2025-07-11,Consumo,Convenio,Otras,5102940,24,582618,0.4254,24,746,3938481,0,
B003015,2025-11-30,Microempresa,Digital,Metropolitana,5266254,60,646446,0.1528,26,755,1467867,0,
B003016,2025-10-04,Consumo,Digital,Valparaíso,556683,60,460204,0.0232,15,727,316476,0,
B003017,2025-01-14,Tarjeta,Digital,Otras,5664307,48,761859,0.1766,13,771,1799050,14,
B003018,2025-09-01,Consumo,Digital,Metropolitana,4053531,36,657818,0.1881,26,818,742276,0,
B003019,2025-06-26,Consumo,Sucursal,Otras,1902216,60,462512,0.079,28,788,1340401,0,
B003020,2025-12-03,Automotriz,Digital,Biobío,4207361,36,601466,0.2095,23,797,1228487,0,
B003021,2025-07-02,Consumo,Sucursal,Metropolitana,2026393,60,420000,0.0903,23,854,1019857,0,
B003022,2025-07-25,Automotriz,Sucursal,Metropolitana,4316753,36,537729,0.254,13,750,2549686,0,
B003023,2025-08-21,Consumo,Digital,Metropolitana,1717280,48,420000,0.0982,21,766,1299464,90,2025-11-19
B003024,2025-09-03,Automotriz,Convenio,Valparaíso,2272397,12,706717,0.2882,28,779,1209514,0,
B003025,2025-12-21,Consumo,Convenio,Metropolitana,1092791,36,783637,0.043,17,888,551575,0,
B003026,2025-05-10,Consumo,Convenio,Metropolitana,1774064,18,421308,0.2765,11,714,299742,0,
B003027,2025-01-23,Consumo,Sucursal,Metropolitana,5489509,24,685545,0.3968,15,765,1477319,0,
B003028,2025-07-10,Tarjeta,Convenio,Otras,4865566,24,622780,0.3925,17,633,3765189,0,
B003029,2025-01-29,Automotriz,Sucursal,Otras,522633,12,420000,0.116,10,784,54250,0,
B003030,2025-12-24,Consumo,Convenio,Otras,6273473,24,777534,0.3867,15,703,3702312,0,
B003031,2025-06-17,Consumo,Sucursal,Otras,3771643,48,669442,0.1322,22,855,1390904,0,
B003032,2025-08-06,Consumo,Convenio,Valparaíso,1479309,48,746745,0.0467,20,876,648505,0,
B003033,2025-01-29,Consumo,Digital,Metropolitana,2543393,36,1097026,0.0711,11,881,1244428,0,
B003034,2025-02-28,Automotriz,Digital,Otras,2214813,24,760223,0.133,17,754,982947,0,
B003035,2025-10-29,Tarjeta,Digital,Otras,3459359,48,498339,0.1692,31,763,374753,0,
B003036,2025-08-19,Automotriz,Sucursal,Biobío,1838486,18,420000,0.2745,11,718,1215070,0,
B003037,2025-11-15,Automotriz,Digital,Metropolitana,3654083,24,420000,0.4055,20,592,409053,0,
B003038,2025-02-28,Tarjeta,Convenio,Valparaíso,4425227,18,1522576,0.1854,12,765,1991959,0,
B003039,2025-03-28,Tarjeta,Convenio,Metropolitana,3401689,60,420000,0.161,31,740,2480318,0,
B003040,2025-03-28,Consumo,Digital,Metropolitana,2144041,36,882559,0.0719,17,855,547216,0,
B003041,2025-03-12,Consumo,Convenio,Biobío,2903647,36,420000,0.2184,12,806,2415441,0,
B003042,2025-01-23,Tarjeta,Digital,Otras,4655049,36,902457,0.1633,21,804,3881607,35,
B003043,2025-06-30,Automotriz,Sucursal,Valparaíso,3188732,18,420000,0.4936,23,711,2426786,152,2025-09-28
B003044,2025-08-07,Tarjeta,Sucursal,Valparaíso,4990435,18,832581,0.3616,3,703,3708398,60,
B003045,2025-08-08,Microempresa,Digital,Metropolitana,900277,24,438156,0.0935,11,731,813523,90,2026-04-05
B003046,2025-06-17,Consumo,Digital,Valparaíso,2030244,48,420000,0.115,14,815,251447,0,
B003047,2025-03-10,Microempresa,Convenio,Otras,2724568,24,420000,0.3252,17,712,1689131,0,
B003048,2025-11-26,Consumo,Digital,Otras,542691,18,426644,0.0774,8,770,398563,0,
B003049,2025-05-11,Consumo,Sucursal,Metropolitana,1006855,36,420000,0.0777,10,829,637673,0,
B003050,2025-01-30,Microempresa,Digital,Metropolitana,19464485,24,2863043,0.3196,13,773,12631501,0,
B003051,2025-03-23,Consumo,Digital,Metropolitana,7883976,48,964946,0.1933,30,843,6299230,0,
B003052,2025-09-07,Automotriz,Digital,Metropolitana,4547424,60,946288,0.0871,13,824,1046118,0,
B003053,2025-03-01,Consumo,Convenio,Valparaíso,3928260,36,545523,0.2185,22,747,1986434,0,
B003054,2025-06-28,Consumo,Digital,Metropolitana,3189315,24,682200,0.2114,26,789,1402721,3,
B003055,2025-01-04,Automotriz,Sucursal,Metropolitana,2091382,48,617386,0.084,10,835,1129980,0,
B003056,2025-09-10,Consumo,Convenio,Biobío,4581909,48,617358,0.1762,8,781,3836632,303,2026-07-07
B003057,2025-07-22,Consumo,Digital,Metropolitana,4880079,36,561228,0.2711,58,867,519807,0,
B003058,2025-11-11,Consumo,Convenio,Valparaíso,2108719,18,478398,0.2859,5,751,495607,0,
B003059,2025-12-23,Automotriz,Digital,Valparaíso,2702089,48,608221,0.1017,9,795,1354381,0,
B003060,2025-07-08,Consumo,Digital,Otras,4143131,36,604435,0.2096,21,780,1275702,0,
B003061,2025-07-05,Microempresa,Digital,Valparaíso,3541949,48,420000,0.2076,4,703,2883280,0,
B003062,2025-03-10,Automotriz,Sucursal,Otras,1380436,18,420000,0.22,8,734,499183,83,
B003063,2025-04-21,Tarjeta,Digital,Metropolitana,3706756,48,420000,0.2065,11,720,993801,54,
B003064,2025-03-16,Automotriz,Convenio,Otras,1830298,36,615857,0.0988,6,812,480921,0,
B003065,2025-04-12,Consumo,Sucursal,Metropolitana,3518959,36,420000,0.2694,14,689,3151615,90,2026-01-07
B003066,2025-02-01,Consumo,Sucursal,Biobío,963321,36,420000,0.0715,10,819,568682,276,2026-03-28
B003067,2025-11-08,Consumo,Convenio,Metropolitana,722142,12,420000,0.1682,30,806,258147,0,
B003068,2025-01-12,Consumo,Digital,Metropolitana,1612126,18,868887,0.1129,21,887,511073,0,
B003069,2025-11-30,Microempresa,Digital,Valparaíso,7584466,48,1046576,0.1674,32,813,1783597,0,
B003070,2025-07-16,Tarjeta,Sucursal,Otras,2923127,60,688605,0.0752,24,861,434410,0,
B003071,2025-06-23,Automotriz,Digital,Metropolitana,12701718,12,1497334,0.7559,29,615,10569034,90,2026-02-18
B003072,2025-08-14,Automotriz,Convenio,Otras,2345291,36,702754,0.1122,24,852,775053,0,
B003073,2025-10-03,Consumo,Sucursal,Biobío,1694501,48,599370,0.0673,22,858,656366,0,
B003074,2025-10-06,Automotriz,Sucursal,Otras,2729501,24,420000,0.3271,35,678,2014825,93,2025-12-05
B003075,2025-09-10,Consumo,Digital,Metropolitana,15019007,36,1781750,0.2659,23,804,4261661,0,
B003076,2025-04-26,Consumo,Digital,Metropolitana,3930069,24,480200,0.415,12,684,2938643,0,
B003077,2025-07-07,Automotriz,Sucursal,Otras,2925293,24,652774,0.2123,18,759,745149,0,
B003078,2025-11-16,Consumo,Sucursal,Metropolitana,3426619,36,488954,0.2227,30,816,2319288,0,
B003079,2025-06-01,Consumo,Sucursal,Valparaíso,790934,18,420000,0.1209,7,737,246548,0,
B003080,2025-11-08,Tarjeta,Digital,Metropolitana,4373032,48,489299,0.2129,12,695,1422134,0,
B003081,2025-10-14,Tarjeta,Convenio,Metropolitana,2545542,36,420000,0.1918,27,764,2028341,0,
B003082,2025-05-27,Tarjeta,Digital,Otras,2171216,60,1601392,0.0254,11,863,891360,0,
B003083,2025-06-10,Automotriz,Digital,Metropolitana,2470793,60,420000,0.1102,31,812,1833928,0,
B003084,2025-02-13,Tarjeta,Sucursal,Otras,1928135,36,420000,0.1404,14,790,1212804,0,
B003085,2025-02-24,Consumo,Digital,Metropolitana,1031060,24,539981,0.0925,33,858,687393,0,
B003086,2025-12-13,Tarjeta,Convenio,Valparaíso,6451587,24,1482615,0.2153,24,813,5364602,0,
B003087,2025-04-15,Consumo,Digital,Metropolitana,3550329,24,778778,0.2054,3,824,1467634,0,
B003088,2025-12-01,Consumo,Sucursal,Metropolitana,1828382,60,420000,0.08,21,908,1650045,128,2026-04-30
B003089,2025-11-01,Tarjeta,Sucursal,Metropolitana,2131009,18,720053,0.1818,28,814,1652309,50,
B003090,2025-10-14,Consumo,Digital,Otras,2905060,36,746341,0.1283,63,879,1981403,0,
B003091,2025-12-06,Tarjeta,Convenio,Metropolitana,3389858,24,420000,0.3988,13,655,2570023,163,2027-05-30
B003092,2025-01-16,Microempresa,Sucursal,Valparaíso,6173969,36,907644,0.2108,18,834,710006,0,
B003093,2025-07-17,Consumo,Sucursal,Otras,1357850,24,420000,0.1446,33,846,539148,30,
B003094,2025-01-01,Automotriz,Sucursal,Metropolitana,4196609,24,904109,0.2105,7,787,1658084,0,
B003095,2025-04-13,Consumo,Sucursal,Biobío,2916996,24,515231,0.2777,40,776,1622014,0,
B003096,2025-12-17,Microempresa,Sucursal,Metropolitana,3597852,48,824569,0.1028,17,893,836129,0,
B003097,2025-02-20,Tarjeta,Convenio,Metropolitana,1669506,36,420000,0.1307,18,809,333894,0,
B003098,2025-04-23,Tarjeta,Sucursal,Metropolitana,1283423,48,569516,0.0498,14,872,808751,0,
B003099,2025-05-05,Tarjeta,Convenio,Metropolitana,3502014,48,547915,0.1487,14,764,2642020,0,
B003100,2025-01-11,Tarjeta,Sucursal,Valparaíso,3609592,60,623075,0.1167,24,885,909287,0,
B003101,2025-08-12,Tarjeta,Sucursal,Metropolitana,4512403,36,1246644,0.116,6,837,3484008,0,
B003102,2025-11-07,Consumo,Digital,Valparaíso,942828,48,420000,0.0567,7,743,774710,0,
B003103,2025-06-26,Tarjeta,Convenio,Valparaíso,2636469,24,531496,0.2321,10,655,427538,0,
B003104,2025-06-22,Consumo,Sucursal,Otras,1949246,36,420000,0.1406,33,815,1326803,0,
B003105,2025-07-22,Consumo,Digital,Biobío,1722020,24,420000,0.1937,9,681,1380883,0,
B003106,2025-10-08,Consumo,Sucursal,Metropolitana,5835805,24,1013815,0.2925,10,785,1064595,0,
B003107,2025-04-29,Consumo,Sucursal,Metropolitana,1146694,60,420580,0.0484,13,838,439311,0,
B003108,2025-07-03,Consumo,Sucursal,Metropolitana,1135804,36,420000,0.0893,18,820,816362,0,
B003109,2025-03-23,Consumo,Sucursal,Metropolitana,4122970,36,760093,0.1684,30,857,2632140,0,
B003110,2025-05-06,Consumo,Convenio,Otras,1125166,36,420000,0.0847,13,774,614081,0,
B003111,2025-06-10,Automotriz,Digital,Otras,1780485,24,935819,0.0904,25,816,251101,0,
B003112,2025-08-11,Microempresa,Digital,Metropolitana,3909176,12,646882,0.5782,5,619,995504,0,
B003113,2025-02-15,Consumo,Convenio,Biobío,3307056,48,432317,0.1871,31,860,1664141,0,
B003114,2025-09-08,Consumo,Convenio,Otras,6904652,12,772975,0.8949,18,525,1981967,0,
B003115,2025-04-07,Consumo,Digital,Metropolitana,1848472,24,888051,0.1005,12,777,1286895,0,
B003116,2025-01-31,Automotriz,Sucursal,Metropolitana,8313088,12,981493,0.8524,4,530,7290569,120,2025-08-29
B003117,2025-12-07,Consumo,Digital,Valparaíso,1874142,48,427652,0.1113,45,810,927413,0,
B003118,2025-09-05,Consumo,Sucursal,Metropolitana,6402902,24,1434965,0.1976,15,840,5413974,0,
B003119,2025-08-31,Automotriz,Digital,Metropolitana,765861,18,622555,0.0827,52,915,631219,0,
B003120,2025-11-22,Tarjeta,Digital,Otras,1046868,36,420000,0.0798,12,768,205988,0,
B003121,2025-09-06,Consumo,Sucursal,Metropolitana,670968,24,468242,0.0656,46,872,518116,68,
B003122,2025-03-25,Microempresa,Digital,Metropolitana,1839114,36,548606,0.1116,27,843,1450350,0,
B003123,2025-05-16,Consumo,Digital,Metropolitana,2711663,24,775142,0.176,50,866,357234,0,
B003124,2025-10-16,Tarjeta,Sucursal,Metropolitana,2746478,18,771993,0.2166,46,840,803324,0,
B003125,2025-01-05,Consumo,Convenio,Otras,681293,36,420000,0.0506,39,903,109472,50,
B003126,2025-07-08,Microempresa,Sucursal,Metropolitana,14306073,60,1636991,0.1565,29,929,4302534,0,
B003127,2025-09-09,Automotriz,Digital,Biobío,7827653,36,878925,0.2861,15,751,5622186,0,
B003128,2025-04-30,Tarjeta,Sucursal,Otras,3624306,48,420000,0.2116,16,769,1405461,0,
B003129,2025-01-25,Consumo,Digital,Otras,5324225,48,1113159,0.1137,14,861,911705,0,
B003130,2025-12-01,Consumo,Sucursal,Metropolitana,3598391,36,737554,0.1634,19,878,1890003,0,
B003131,2025-02-25,Consumo,Sucursal,Otras,17269573,48,1975508,0.2033,3,889,6177318,0,
B003132,2025-12-16,Consumo,Sucursal,Biobío,3267287,36,860514,0.1264,21,871,2101737,0,
B003133,2025-10-17,Consumo,Digital,Otras,10326125,36,1318486,0.2594,22,741,6595831,0,
B003134,2025-08-11,Automotriz,Convenio,Valparaíso,2281414,18,1509604,0.0989,10,921,786231,0,
B003135,2025-07-19,Tarjeta,Sucursal,Metropolitana,4464789,36,1103732,0.1283,45,880,1399542,0,
B003136,2025-10-15,Tarjeta,Digital,Metropolitana,1640445,36,483681,0.1041,12,813,849872,0,
B003137,2025-10-23,Consumo,Digital,Metropolitana,769572,12,420000,0.1642,17,741,653399,90,2026-04-21
B003138,2025-06-18,Tarjeta,Digital,Metropolitana,906983,18,527126,0.1121,35,843,162580,0,
B003139,2025-11-24,Consumo,Convenio,Biobío,1978131,24,420000,0.2262,23,804,1682933,340,2025-12-24
B003140,2025-02-22,Consumo,Convenio,Biobío,5889753,36,751634,0.2417,7,741,2549616,0,
B003141,2025-11-01,Microempresa,Convenio,Valparaíso,1385772,24,550954,0.1236,6,832,1095779,90,2026-07-29
B003142,2025-06-24,Consumo,Sucursal,Metropolitana,1598522,36,658555,0.0723,16,896,1273570,0,
B003143,2025-11-22,Tarjeta,Digital,Biobío,3700659,48,608950,0.1442,34,800,1873861,57,
B003144,2025-01-07,Consumo,Sucursal,Metropolitana,544211,36,420000,0.0407,13,806,65036,0,
B003145,2025-05-12,Consumo,Digital,Valparaíso,2848560,12,837221,0.3057,18,690,1205005,53,
B003146,2025-06-15,Consumo,Sucursal,Metropolitana,588170,36,420000,0.0453,6,802,192651,0,
B003147,2025-11-30,Consumo,Convenio,Otras,4458507,24,695656,0.3165,15,729,3006840,0,
B003148,2025-12-06,Microempresa,Sucursal,Metropolitana,4379315,48,763342,0.1339,46,899,1301890,0,
B003149,2025-09-22,Automotriz,Digital,Valparaíso,2129239,60,1356552,0.0298,34,906,927750,0,
B003150,2025-10-12,Tarjeta,Digital,Metropolitana,3616830,36,420000,0.2768,5,629,1894721,67,
B003151,2025-06-04,Consumo,Digital,Otras,1019215,48,420000,0.0576,19,814,191372,0,
B003152,2025-09-08,Tarjeta,Digital,Biobío,2442267,36,477026,0.1545,24,815,2050878,0,
B003153,2025-10-29,Tarjeta,Sucursal,Otras,5807224,12,887688,0.5893,30,682,3568087,90,2027-11-18
B003154,2025-07-18,Tarjeta,Sucursal,Otras,8502607,36,1008759,0.2628,32,853,5848782,202,2026-03-15
B003155,2025-07-18,Microempresa,Sucursal,Metropolitana,2455024,36,506327,0.159,30,855,1783234,0,
B003156,2025-02-03,Automotriz,Convenio,Metropolitana,2269672,24,420000,0.2433,27,758,1801950,0,
B003157,2025-08-28,Automotriz,Convenio,Otras,6262274,48,755409,0.1938,24,786,2537730,0,
B003158,2025-04-26,Consumo,Convenio,Valparaíso,2874885,24,471251,0.289,8,691,1679684,309,2025-06-25
B003159,2025-03-02,Consumo,Digital,Otras,12078355,36,3371081,0.1127,8,880,8236884,0,
B003160,2025-12-18,Tarjeta,Sucursal,Biobío,3532175,24,420000,0.4158,4,637,2130634,115,2026-09-14
B003161,2025-05-02,Consumo,Convenio,Metropolitana,6326841,18,880365,0.4739,45,758,5127007,0,
B003162,2025-07-01,Automotriz,Digital,Metropolitana,1283471,18,420000,0.2061,18,751,1052152,0,
B003163,2025-04-27,Consumo,Convenio,Otras,1649956,48,1062126,0.036,27,950,1308403,0,
B003164,2025-01-13,Consumo,Digital,Biobío,3714022,36,420000,0.28,10,700,1121795,0,
B003165,2025-07-25,Consumo,Digital,Valparaíso,3045418,60,420000,0.1456,20,758,1933651,90,2027-03-17
B003166,2025-11-05,Consumo,Convenio,Biobío,6775929,48,1280390,0.1319,6,902,5649406,0,
B003167,2025-03-13,Microempresa,Digital,Metropolitana,2252207,18,531479,0.26,36,820,812605,0,
B003168,2025-06-06,Consumo,Sucursal,Otras,3114798,24,420000,0.3659,36,750,638399,0,
B003169,2025-09-24,Consumo,Sucursal,Otras,987533,24,450790,0.1063,18,795,255326,0,
B003170,2025-11-24,Tarjeta,Sucursal,Otras,1960774,24,420000,0.2265,32,745,1197302,43,
B003171,2025-03-19,Tarjeta,Convenio,Valparaíso,3832680,48,613620,0.138,14,770,714275,0,
B003172,2025-06-26,Automotriz,Sucursal,Metropolitana,3156730,48,676862,0.1087,35,832,1618370,0,
B003173,2025-01-08,Consumo,Digital,Valparaíso,767914,24,599912,0.0645,27,876,621281,73,
B003174,2025-02-04,Microempresa,Sucursal,Biobío,3038011,60,455529,0.118,23,809,871123,0,
B003175,2025-09-19,Tarjeta,Digital,Metropolitana,3373156,36,488727,0.2122,26,732,2592511,0,
B003176,2025-05-23,Consumo,Digital,Metropolitana,707675,24,524279,0.0639,30,797,427243,20,
B003177,2025-08-13,Automotriz,Sucursal,Otras,2311572,24,833948,0.1373,20,837,498278,0,
B003178,2025-07-12,Tarjeta,Convenio,Otras,856438,36,420000,0.0631,37,820,576780,0,
B003179,2025-02-17,Consumo,Sucursal,Metropolitana,1262660,48,640403,0.0496,23,866,473011,0,
B003180,2025-06-29,Consumo,Sucursal,Valparaíso,1503059,24,420000,0.1757,33,798,912195,0,
B003181,2025-12-27,Automotriz,Digital,Valparaíso,3303268,36,1074569,0.103,43,821,700265,0,
B003182,2025-03-16,Consumo,Sucursal,Valparaíso,1072398,36,509227,0.0645,43,891,470245,0,
B003183,2025-12-22,Automotriz,Convenio,Metropolitana,1692656,48,420000,0.0967,45,857,851300,0,
B003184,2025-10-24,Consumo,Sucursal,Metropolitana,11404119,36,1434942,0.2639,15,819,2344879,0,
B003185,2025-04-03,Consumo,Sucursal,Valparaíso,2237266,18,683624,0.1991,45,822,1516101,0,
B003186,2025-05-01,Tarjeta,Convenio,Metropolitana,6598674,18,870414,0.483,21,693,2594047,0,
B003187,2025-10-06,Consumo,Sucursal,Metropolitana,1876103,48,420000,0.1097,8,798,471253,0,
B003188,2025-05-11,Consumo,Sucursal,Biobío,5443269,48,873783,0.1439,11,839,3238999,0,
B003189,2025-04-12,Consumo,Digital,Otras,7741302,24,1115824,0.3274,15,694,6108942,69,
B003190,2025-04-29,Automotriz,Digital,Valparaíso,1876047,48,420000,0.1002,40,844,710053,0,
B003191,2025-05-14,Consumo,Sucursal,Otras,539524,24,420000,0.0586,9,811,456782,90,2026-05-09
B003192,2025-03-08,Automotriz,Sucursal,Metropolitana,6954872,60,969769,0.1408,35,856,4054132,0,
B003193,2025-11-10,Automotriz,Digital,Valparaíso,6754164,12,769869,0.8393,4,479,5945914,147,2027-10-01
B003194,2025-06-03,Consumo,Digital,Metropolitana,5971501,18,778867,0.4666,8,640,1749789,0,
B003195,2025-06-05,Tarjeta,Sucursal,Otras,511655,36,420000,0.0385,19,849,416684,0,
B003196,2025-05-04,Consumo,Convenio,Otras,2516050,24,644757,0.1782,29,860,356562,0,
B003197,2025-07-13,Consumo,Sucursal,Valparaíso,4216166,36,682222,0.1955,42,833,2273095,66,
B003198,2025-07-17,Consumo,Convenio,Valparaíso,1188114,60,420000,0.054,8,834,821422,0,
B003199,2025-02-14,Automotriz,Sucursal,Valparaíso,1049318,48,446773,0.0587,16,826,360746,0,
B003200,2025-12-03,Tarjeta,Convenio,Valparaíso,2157134,36,420000,0.1713,38,836,736362,0,
B003201,2025-01-05,Automotriz,Convenio,Metropolitana,4051320,36,527301,0.2576,12,750,3412799,90,2025-10-02
B003202,2025-04-14,Automotriz,Sucursal,Metropolitana,7597058,18,1728545,0.2896,22,836,903411,0,
B003203,2025-03-04,Consumo,Sucursal,Biobío,6212004,24,740405,0.4148,14,717,3435129,0,
B003204,2025-01-10,Consumo,Sucursal,Metropolitana,2264658,36,443224,0.1722,31,774,843253,0,
B003205,2025-01-22,Automotriz,Digital,Biobío,6639585,36,1501717,0.1316,40,886,1905471,0,
B003206,2025-04-07,Automotriz,Digital,Metropolitana,1199626,48,651164,0.0422,17,836,1000446,0,
B003207,2025-06-28,Consumo,Sucursal,Metropolitana,8782853,36,2859167,0.0947,17,823,1412085,0,
B003208,2025-03-04,Automotriz,Convenio,Metropolitana,3296366,24,705366,0.2289,10,837,2694665,0,
B003209,2025-02-17,Consumo,Sucursal,Metropolitana,5557186,48,757312,0.1786,28,793,4312349,0,
B003210,2025-08-08,Consumo,Digital,Metropolitana,5641837,36,799744,0.2155,6,702,1460365,0,
B003211,2025-10-19,Automotriz,Sucursal,Metropolitana,3453881,36,948232,0.1073,30,876,742424,14,
B003212,2025-04-20,Tarjeta,Sucursal,Valparaíso,886252,36,531363,0.0511,39,862,563513,0,
B003213,2025-07-26,Consumo,Digital,Metropolitana,1647667,48,497635,0.0732,4,814,1253997,0,
B003214,2025-12-17,Consumo,Digital,Metropolitana,5887375,36,1622206,0.1127,29,901,1351234,0,
B003215,2025-04-24,Consumo,Sucursal,Otras,2432530,36,910425,0.0823,30,852,2235627,131,2025-11-20
B003216,2025-07-23,Consumo,Digital,Metropolitana,1557744,48,420000,0.0883,20,815,891469,0,
B003217,2025-01-27,Microempresa,Digital,Metropolitana,997850,48,420000,0.06,35,822,420486,0,
B003218,2025-06-04,Microempresa,Digital,Biobío,1979493,12,420000,0.4375,26,625,1520451,0,
B003219,2025-09-23,Microempresa,Sucursal,Valparaíso,926097,24,420000,0.0974,32,870,126274,0,
B003220,2025-08-12,Tarjeta,Convenio,Metropolitana,924145,36,420000,0.0726,13,848,198360,0,
B003221,2025-08-15,Microempresa,Digital,Metropolitana,2008444,48,443416,0.1149,7,822,982156,0,
B003222,2025-10-13,Automotriz,Sucursal,Metropolitana,4347056,48,535933,0.2052,18,792,3180129,0,
B003223,2025-12-23,Tarjeta,Digital,Metropolitana,3039067,36,420000,0.2417,22,643,2943022,158,2027-01-17
B003224,2025-07-12,Automotriz,Sucursal,Biobío,4503670,36,891449,0.1551,21,848,2251711,0,
B003225,2025-04-18,Automotriz,Sucursal,Otras,741967,48,461776,0.039,19,783,331709,0,
B003226,2025-11-24,Consumo,Convenio,Biobío,1803790,36,792486,0.0765,3,825,831047,0,
B003227,2025-10-26,Consumo,Sucursal,Metropolitana,3387146,36,420000,0.243,6,742,1868292,0,
B003228,2025-05-30,Automotriz,Convenio,Otras,3525690,60,662338,0.098,30,933,1478053,0,
B003229,2025-09-13,Tarjeta,Sucursal,Metropolitana,796916,24,443956,0.0812,40,773,548523,0,
B003230,2025-07-04,Automotriz,Sucursal,Otras,2497464,18,757940,0.1963,11,818,1364426,0,
B003231,2025-03-22,Automotriz,Sucursal,Valparaíso,2559996,60,420000,0.1154,47,855,2144865,0,
B003232,2025-12-16,Consumo,Convenio,Metropolitana,2017579,24,582253,0.1561,15,852,1465655,152,2026-04-15
B003233,2025-09-28,Tarjeta,Sucursal,Otras,6549813,60,1076905,0.108,6,760,1092794,0,
B003234,2025-06-19,Tarjeta,Sucursal,Biobío,3430523,18,638866,0.363,22,762,2212657,90,2025-10-17
B003235,2025-01-19,Consumo,Sucursal,Metropolitana,2875120,24,478259,0.2964,6,793,944464,0,
B003236,2025-06-01,Consumo,Sucursal,Otras,2758929,36,420000,0.2017,54,852,2275030,13,
B003237,2025-02-06,Consumo,Digital,Otras,11977058,24,1358956,0.3901,16,718,8159417,0,
B003238,2025-04-21,Consumo,Digital,Biobío,1467123,36,420000,0.1162,31,836,497270,0,
B003239,2025-09-01,Microempresa,Digital,Metropolitana,5292951,60,716485,0.1469,29,796,2831640,0,
B003240,2025-07-03,Tarjeta,Digital,Valparaíso,2214952,24,420000,0.2512,19,725,645671,0,
B003241,2025-04-21,Tarjeta,Sucursal,Metropolitana,3508168,36,1343911,0.0837,55,950,2145133,0,
B003242,2025-01-13,Microempresa,Digital,Otras,1106579,18,638869,0.1031,39,860,181847,0,
B003243,2025-11-24,Automotriz,Sucursal,Metropolitana,3619661,60,650302,0.1003,14,877,2424871,139,2026-02-22
B003244,2025-10-29,Consumo,Sucursal,Metropolitana,4340101,36,600789,0.2165,50,847,606743,30,
B003245,2025-12-22,Consumo,Convenio,Metropolitana,7079421,36,874190,0.2487,7,876,3290488,0,
B003246,2025-05-08,Consumo,Sucursal,Valparaíso,2538058,36,594104,0.1435,18,765,433930,0,
B003247,2025-06-15,Consumo,Sucursal,Metropolitana,3868420,18,800271,0.2895,34,780,2728503,0,
B003248,2025-04-09,Consumo,Digital,Otras,4777696,48,825515,0.1367,19,843,1367131,0,
B003249,2025-08-16,Microempresa,Digital,Valparaíso,8012162,12,1223109,0.618,38,675,5006408,0,
B003250,2025-11-27,Consumo,Sucursal,Metropolitana,3287497,24,420000,0.3562,6,671,939415,0,
B003251,2025-04-11,Microempresa,Convenio,Metropolitana,10471935,24,1308444,0.3808,46,784,3604097,0,
B003252,2025-06-23,Consumo,Digital,Metropolitana,1060036,12,420000,0.2505,41,779,685066,0,
B003253,2025-12-30,Tarjeta,Sucursal,Metropolitana,3675116,18,420000,0.5543,53,701,2735648,130,2026-03-30
B003254,2025-02-06,Consumo,Convenio,Metropolitana,1212488,48,420000,0.0647,15,783,366894,8,
B003255,2025-01-25,Microempresa,Convenio,Metropolitana,1334282,36,420000,0.1033,55,845,396677,0,
B003256,2025-05-24,Consumo,Sucursal,Metropolitana,3605614,36,420000,0.278,29,708,2233325,0,
B003257,2025-05-27,Consumo,Sucursal,Metropolitana,11509692,24,1308190,0.4107,20,732,2892948,0,
B003258,2025-03-03,Consumo,Digital,Metropolitana,1744692,24,580663,0.1403,30,815,1464095,0,
B003259,2025-02-15,Tarjeta,Sucursal,Otras,5072852,36,743611,0.2027,18,809,4249863,0,
B003260,2025-05-09,Consumo,Sucursal,Metropolitana,5913793,24,1308831,0.2014,20,809,4719854,0,
B003261,2025-06-10,Tarjeta,Digital,Metropolitana,4451913,60,766907,0.1141,18,801,918813,0,
B003262,2025-03-07,Consumo,Sucursal,Metropolitana,4814750,36,536466,0.2785,23,731,1607432,0,
B003263,2025-04-11,Tarjeta,Digital,Metropolitana,3710975,36,420000,0.2753,13,656,2080837,57,
B003264,2025-06-02,Tarjeta,Sucursal,Biobío,1587995,60,420000,0.0706,10,776,283527,0,
B003265,2025-08-04,Tarjeta,Digital,Otras,1419517,36,439208,0.0959,14,789,224382,0,
B003266,2025-02-15,Microempresa,Sucursal,Metropolitana,554222,24,420000,0.0652,19,882,363679,0,
B003267,2025-12-25,Consumo,Convenio,Metropolitana,2166871,60,443244,0.0982,26,855,1562273,0,
B003268,2025-09-18,Consumo,Digital,Biobío,7205934,36,861883,0.2598,3,712,3302045,0,
B003269,2025-06-13,Consumo,Digital,Valparaíso,2827416,48,488265,0.1358,24,780,2268837,0,
B003270,2025-02-04,Microempresa,Sucursal,Otras,907456,24,703254,0.0651,12,872,433321,0,
B003271,2025-10-27,Consumo,Sucursal,Metropolitana,3359313,48,420000,0.1837,34,821,1229586,36,
B003272,2025-12-29,Consumo,Convenio,Metropolitana,1984139,24,452922,0.2039,8,764,1264527,0,
B003273,2025-07-13,Consumo,Digital,Biobío,9033361,36,1145617,0.2359,23,815,1093127,0,
B003274,2025-04-15,Tarjeta,Digital,Metropolitana,1164823,36,420000,0.0935,24,796,154427,0,
B003275,2025-05-18,Consumo,Sucursal,Biobío,1576138,36,420000,0.1225,8,748,469860,0,
B003276,2025-12-29,Tarjeta,Digital,Metropolitana,8076840,36,1033379,0.2385,19,727,6401904,90,2026-06-27
B003277,2025-06-27,Automotriz,Sucursal,Otras,3035824,12,717239,0.4249,17,655,2564225,0,
B003278,2025-09-04,Tarjeta,Sucursal,Valparaíso,7263159,48,965607,0.1811,35,874,1771603,15,
B003279,2025-10-09,Microempresa,Digital,Metropolitana,1359984,24,706792,0.0892,47,894,286911,88,
B003280,2025-02-20,Tarjeta,Sucursal,Metropolitana,3248503,36,556076,0.1818,6,816,514892,0,
B003281,2025-04-26,Tarjeta,Digital,Biobío,3352387,36,529241,0.2018,9,748,2490622,0,
B003282,2025-05-10,Automotriz,Sucursal,Otras,2563742,48,640744,0.0885,17,788,890092,0,
B003283,2025-01-20,Consumo,Digital,Metropolitana,3602680,36,463661,0.255,20,692,654772,10,
B003284,2025-05-10,Microempresa,Digital,Metropolitana,1987828,18,618726,0.1948,42,863,681222,87,
B003285,2025-02-11,Tarjeta,Sucursal,Metropolitana,1678910,24,543481,0.1419,26,782,999133,0,
B003286,2025-05-05,Automotriz,Digital,Otras,4431088,36,780157,0.1791,13,828,2594987,0,
B003287,2025-01-08,Consumo,Digital,Metropolitana,2526986,60,420000,0.1191,9,799,658819,0,
B003288,2025-11-28,Automotriz,Sucursal,Valparaíso,3011933,48,1590796,0.0443,11,911,633966,0,
B003289,2025-08-14,Tarjeta,Digital,Metropolitana,3654558,36,420000,0.2871,21,699,1222515,0,
B003290,2025-11-23,Microempresa,Sucursal,Otras,1622597,36,420000,0.1292,17,721,649372,0,
B003291,2025-11-03,Consumo,Digital,Biobío,3924069,48,711115,0.1222,18,799,3275559,0,
B003292,2025-09-30,Consumo,Convenio,Otras,10371187,24,1191571,0.4392,20,746,6149588,90,2027-05-23
B003293,2025-01-01,Consumo,Sucursal,Metropolitana,11905694,60,1382091,0.1719,5,808,9965150,90,2025-05-01
B003294,2025-07-24,Consumo,Sucursal,Valparaíso,2450650,18,468646,0.3423,16,747,1147459,0,
B003295,2025-07-05,Tarjeta,Sucursal,Metropolitana,2888357,48,420000,0.1722,8,759,2173090,261,2025-08-04
B003296,2025-02-24,Automotriz,Digital,Metropolitana,11493491,48,1334604,0.2119,41,809,5401068,0,
B003297,2025-11-14,Microempresa,Digital,Metropolitana,3569850,36,495558,0.2384,10,735,2157401,0,
B003298,2025-02-22,Consumo,Convenio,Otras,3519703,18,420000,0.5592,9,632,2611158,90,2025-08-21
B003299,2025-02-23,Consumo,Sucursal,Metropolitana,1486964,36,476615,0.0993,38,888,946942,0,
B003300,2025-09-21,Tarjeta,Digital,Valparaíso,3788121,24,462272,0.411,38,726,2947876,124,2026-08-17
B003301,2025-02-23,Consumo,Digital,Metropolitana,1794807,24,563355,0.1605,17,781,465602,0,
B003302,2025-03-24,Consumo,Digital,Valparaíso,1323574,36,424166,0.0961,32,826,1290523,96,2025-04-23
B003303,2025-12-18,Microempresa,Digital,Metropolitana,3381264,48,686586,0.1129,12,812,1563731,0,
B003304,2025-11-11,Consumo,Convenio,Otras,1790210,48,929363,0.044,24,912,826398,0,
B003305,2025-03-04,Tarjeta,Digital,Biobío,1702838,36,555646,0.1001,9,675,448932,0,
B003306,2025-03-22,Microempresa,Sucursal,Biobío,1462666,48,420000,0.0816,29,774,490082,0,
B003307,2025-07-30,Consumo,Digital,Metropolitana,2076463,18,835715,0.1465,14,819,1427777,0,
B003308,2025-03-18,Automotriz,Sucursal,Metropolitana,3164439,36,959370,0.1028,48,891,828642,69,
B003309,2025-03-05,Tarjeta,Sucursal,Metropolitana,1287549,60,631102,0.04,7,853,293708,0,
B003310,2025-04-17,Consumo,Sucursal,Valparaíso,3509529,48,420000,0.2051,32,770,1791762,0,
B003311,2025-08-12,Consumo,Sucursal,Biobío,793000,48,444673,0.0439,32,840,329312,26,
B003312,2025-06-14,Tarjeta,Sucursal,Biobío,3025929,18,1105952,0.1669,52,828,1585797,70,
B003313,2025-06-21,Tarjeta,Convenio,Metropolitana,1625120,36,420000,0.1222,33,851,347960,0,
B003314,2025-01-12,Tarjeta,Convenio,Biobío,8383090,60,1212999,0.1242,46,892,3513204,0,
B003315,2025-08-27,Consumo,Digital,Valparaíso,2134926,36,497357,0.1291,10,748,817008,0,
B003316,2025-01-17,Consumo,Digital,Valparaíso,1634564,60,420000,0.0703,8,758,1141500,6,
B003317,2025-12-22,Consumo,Digital,Biobío,2771298,60,420000,0.1169,16,737,1781770,0,
B003318,2025-12-28,Tarjeta,Sucursal,Metropolitana,3064124,24,674767,0.2162,39,830,1924763,0,
B003319,2025-12-18,Automotriz,Convenio,Metropolitana,2450705,48,521528,0.115,13,815,1635899,0,
B003320,2025-01-07,Tarjeta,Convenio,Otras,2636313,36,530321,0.1608,16,790,1918376,0,
B003321,2025-04-10,Consumo,Digital,Valparaíso,3786434,36,1020875,0.1246,12,827,2465945,66,
B003322,2025-05-11,Consumo,Sucursal,Biobío,2213404,48,454392,0.1078,40,849,1859526,0,
B003323,2025-08-12,Microempresa,Convenio,Metropolitana,4900637,36,679796,0.229,24,814,4301476,90,2026-02-08
B003324,2025-06-22,Tarjeta,Digital,Biobío,4536644,48,518749,0.1987,15,774,1373140,0,
B003325,2025-05-16,Consumo,Sucursal,Metropolitana,8168492,24,948644,0.4237,28,722,1893891,48,
B003326,2025-04-11,Consumo,Digital,Otras,2464881,60,420000,0.1041,25,786,2027883,0,
B003327,2025-03-24,Consumo,Convenio,Biobío,2246093,24,420000,0.2616,20,737,1159522,0,
B003328,2025-04-16,Consumo,Sucursal,Metropolitana,6565058,12,918681,0.6437,18,616,1268773,0,
B003329,2025-08-20,Tarjeta,Digital,Metropolitana,6548280,60,1094050,0.1165,15,874,5372037,0,
B003330,2025-08-25,Microempresa,Sucursal,Metropolitana,3969477,24,766801,0.2351,21,808,1979680,0,
B003331,2025-03-17,Tarjeta,Sucursal,Valparaíso,3246338,60,1003409,0.0651,50,932,1675419,0,
B003332,2025-03-16,Automotriz,Digital,Otras,2743318,48,730976,0.0833,17,839,1623613,85,
B003333,2025-08-22,Consumo,Sucursal,Metropolitana,3727810,24,461645,0.3893,17,719,2714609,90,2026-09-16
B003334,2025-05-08,Consumo,Sucursal,Valparaíso,745444,12,489760,0.1533,20,846,557598,0,
B003335,2025-10-13,Consumo,Sucursal,Metropolitana,1596424,36,739672,0.07,11,836,860651,0,
B003336,2025-07-29,Tarjeta,Digital,Metropolitana,1407367,24,575508,0.1115,18,841,380729,0,
B003337,2025-09-10,Consumo,Convenio,Otras,2528624,36,609603,0.1377,30,861,552058,0,
B003338,2025-02-19,Consumo,Digital,Metropolitana,4947921,48,599557,0.1996,8,732,4021682,0,
B003339,2025-06-12,Consumo,Digital,Biobío,4547409,36,778243,0.1782,22,770,1378241,0,
B003340,2025-04-01,Consumo,Digital,Metropolitana,3159407,48,420000,0.1785,9,802,2577950,123,2025-09-28
B003341,2025-08-21,Consumo,Sucursal,Metropolitana,3088388,18,420000,0.4796,9,700,1583932,0,
B003342,2025-04-22,Microempresa,Convenio,Valparaíso,3813231,60,531822,0.1295,8,819,2667200,0,
B003343,2025-05-09,Consumo,Sucursal,Otras,5683571,36,636917,0.2716,22,770,2841491,0,
B003344,2025-11-07,Tarjeta,Digital,Valparaíso,2231611,24,596607,0.1759,8,772,1514138,156,2025-12-07
B003345,2025-02-10,Microempresa,Digital,Metropolitana,5451326,60,1023820,0.0973,33,885,4043903,0,
B003346,2025-12-20,Tarjeta,Sucursal,Metropolitana,2178989,24,420000,0.2439,19,749,1402896,0,
B003347,2025-11-26,Automotriz,Digital,Metropolitana,885623,48,420000,0.0512,7,841,636557,56,
B003348,2025-01-20,Consumo,Digital,Valparaíso,9751453,36,1112487,0.2748,12,798,2379844,0,
B003349,2025-08-02,Automotriz,Digital,Biobío,7375406,24,1123479,0.3203,19,776,3953391,0,
B003350,2025-04-30,Consumo,Sucursal,Metropolitana,1812799,60,587233,0.0575,24,848,1456620,0,
B003351,2025-09-12,Automotriz,Sucursal,Biobío,4903083,24,587061,0.4167,19,705,3359953,0,
B003352,2025-02-18,Consumo,Convenio,Metropolitana,2354300,24,532845,0.2205,17,742,1519360,0,
B003353,2025-04-20,Tarjeta,Digital,Metropolitana,3417493,36,420000,0.2743,29,718,912557,0,
B003354,2025-05-24,Tarjeta,Sucursal,Metropolitana,3707789,48,420000,0.2194,31,722,906418,16,
B003355,2025-01-10,Tarjeta,Convenio,Otras,1978144,18,521118,0.2342,18,773,496705,0,
B003356,2025-08-15,Consumo,Sucursal,Otras,1068201,24,420000,0.1274,27,792,595043,0,
B003357,2025-07-27,Consumo,Sucursal,Metropolitana,3632111,18,420000,0.5189,13,616,2324883,90,2026-04-23
B003358,2025-03-04,Tarjeta,Convenio,Metropolitana,4981613,36,592078,0.2586,10,799,2338518,0,
B003359,2025-10-15,Tarjeta,Sucursal,Metropolitana,3052778,24,513675,0.2693,11,701,1223899,24,
B003360,2025-07-01,Tarjeta,Sucursal,Metropolitana,3637431,36,420000,0.2677,17,755,2136754,0,
B003361,2025-10-25,Tarjeta,Sucursal,Metropolitana,3513674,12,420000,0.8332,30,539,2194545,114,2026-10-20
B003362,2025-02-01,Microempresa,Digital,Metropolitana,3459984,48,550355,0.1491,13,769,2699488,0,
B003363,2025-07-17,Consumo,Digital,Biobío,13077982,24,1458933,0.4025,62,802,2064384,0,
B003364,2025-01-25,Automotriz,Convenio,Metropolitana,6448860,48,960198,0.1646,46,882,5082859,0,
B003365,2025-02-26,Consumo,Digital,Otras,1071739,36,420000,0.0769,23,850,885162,90,2025-06-26
B003366,2025-06-18,Consumo,Sucursal,Otras,3811985,36,445028,0.2589,15,745,2302614,56,
B003367,2025-01-15,Tarjeta,Sucursal,Metropolitana,3821365,36,1263455,0.0949,14,852,2936312,0,
B003368,2025-05-01,Tarjeta,Digital,Otras,3243926,36,420000,0.2399,19,731,2356215,0,
B003369,2025-03-01,Automotriz,Convenio,Otras,3455782,48,1508465,0.0561,30,904,2244744,0,
B003370,2025-05-28,Automotriz,Sucursal,Valparaíso,1964208,48,443307,0.1054,40,935,1361788,0,
B003371,2025-03-23,Consumo,Digital,Metropolitana,4809589,36,612474,0.2339,11,772,1612152,0,
B003372,2025-01-22,Tarjeta,Digital,Biobío,1181712,18,498892,0.1484,13,695,1013761,155,2026-05-17
B003373,2025-04-27,Consumo,Digital,Metropolitana,8820331,12,995195,0.874,40,570,1556615,0,
B003374,2025-12-18,Automotriz,Digital,Valparaíso,3381706,60,775356,0.0798,27,860,1616609,0,
B003375,2025-11-25,Automotriz,Sucursal,Biobío,2195080,36,589353,0.1191,23,816,409785,0,
B003376,2025-04-20,Consumo,Sucursal,Valparaíso,5219439,60,645649,0.1572,24,792,1448473,0,
B003377,2025-01-08,Consumo,Sucursal,Valparaíso,3233465,60,423951,0.15,25,784,1699635,0,
B003378,2025-09-05,Tarjeta,Sucursal,Metropolitana,2940385,48,1119308,0.0625,21,876,2254465,0,
B003379,2025-10-21,Automotriz,Convenio,Otras,3514228,24,420000,0.3763,22,710,2530252,0,
B003380,2025-03-07,Consumo,Digital,Metropolitana,1278967,36,471761,0.0891,59,933,517951,0,
B003381,2025-04-05,Tarjeta,Digital,Biobío,3423030,18,420000,0.5297,25,609,2679970,90,2025-07-04
B003382,2025-04-10,Consumo,Digital,Valparaíso,11809638,48,1882890,0.1543,22,925,8986385,0,
B003383,2025-06-03,Tarjeta,Digital,Metropolitana,3257870,60,665847,0.0886,27,846,2096367,0,
B003384,2025-01-22,Microempresa,Sucursal,Valparaíso,2315272,60,459442,0.0914,23,798,2207889,291,2025-07-21
B003385,2025-12-26,Consumo,Sucursal,Otras,2839575,24,420000,0.334,13,678,1437888,0,
B003386,2025-01-10,Consumo,Digital,Otras,637632,18,429502,0.0902,13,824,70218,0,
B003387,2025-03-18,Consumo,Sucursal,Metropolitana,1130342,24,420000,0.1339,32,842,621845,0,
B003388,2025-06-14,Microempresa,Sucursal,Otras,837062,48,420000,0.0494,35,950,351714,0,
B003389,2025-04-21,Tarjeta,Sucursal,Otras,1844984,48,569210,0.0765,14,728,760209,0,
B003390,2025-10-01,Consumo,Sucursal,Metropolitana,2209901,60,1337339,0.0332,18,950,1064245,0,
B003391,2025-08-20,Consumo,Sucursal,Metropolitana,2617382,24,759741,0.172,7,812,1113198,41,
B003392,2025-06-18,Tarjeta,Sucursal,Otras,5584534,60,846663,0.1233,31,814,3987249,0,
B003393,2025-03-22,Tarjeta,Digital,Metropolitana,2592053,24,563943,0.2267,27,766,1296236,0,
B003394,2025-05-05,Automotriz,Sucursal,Metropolitana,2775046,36,692229,0.135,9,863,791872,74,
B003395,2025-11-21,Consumo,Convenio,Metropolitana,6452981,24,720595,0.4111,18,722,5691145,134,2026-02-19
B003396,2025-06-02,Consumo,Digital,Metropolitana,4126726,18,480154,0.5759,16,642,3354464,288,2025-09-30
B003397,2025-01-12,Consumo,Sucursal,Metropolitana,1907169,60,420000,0.0847,20,804,1482473,0,
B003398,2025-09-25,Consumo,Convenio,Biobío,1028551,60,420000,0.0484,20,797,286248,0,
B003399,2025-02-02,Automotriz,Sucursal,Metropolitana,5039029,18,722119,0.4339,63,727,717936,0,
B003400,2025-03-17,Tarjeta,Convenio,Metropolitana,8349699,24,2628410,0.1422,32,950,2883933,0,
B003401,2025-08-06,Consumo,Sucursal,Metropolitana,2187085,18,469190,0.3116,13,714,1770424,0,
B003402,2025-07-16,Microempresa,Sucursal,Valparaíso,3616816,24,470154,0.3834,24,731,1580729,88,
B003403,2025-01-05,Consumo,Digital,Biobío,3226088,24,475242,0.309,20,757,2475881,0,
B003404,2025-03-01,Automotriz,Convenio,Otras,3535736,36,710108,0.1679,15,771,423408,0,
B003405,2025-07-04,Consumo,Convenio,Otras,2550356,36,486322,0.1716,16,740,1528028,0,
B003406,2025-10-15,Microempresa,Convenio,Biobío,1825704,24,478592,0.179,16,749,1754265,90,2026-04-13
B003407,2025-02-07,Tarjeta,Digital,Metropolitana,7214736,36,907157,0.2541,31,810,1062311,0,
B003408,2025-08-16,Automotriz,Convenio,Metropolitana,1610725,24,420000,0.1737,15,858,207040,0,
B003409,2025-08-30,Tarjeta,Sucursal,Metropolitana,1156295,24,473011,0.1087,17,836,468730,0,
B003410,2025-11-08,Consumo,Digital,Otras,10365294,36,2237763,0.1403,23,840,1946507,0,
B003411,2025-04-18,Consumo,Sucursal,Metropolitana,757989,36,420000,0.0567,15,835,511696,34,
B003412,2025-08-04,Tarjeta,Sucursal,Otras,2092113,24,420000,0.2523,25,759,657844,0,
B003413,2025-12-20,Consumo,Sucursal,Metropolitana,2337652,12,420000,0.514,12,654,1301439,0,
B003414,2025-02-15,Consumo,Digital,Otras,12428915,18,1688050,0.474,7,652,9753047,90,2025-10-13
B003415,2025-05-22,Consumo,Digital,Metropolitana,2526533,36,849219,0.093,18,866,1354445,0,
B003416,2025-06-13,Consumo,Digital,Metropolitana,5527917,60,1105077,0.0894,16,812,4114433,0,
B003417,2025-08-02,Tarjeta,Digital,Otras,4071296,18,1057103,0.2483,8,748,2567440,90,2026-01-29
B003418,2025-09-22,Automotriz,Digital,Metropolitana,4360770,18,559547,0.523,3,628,4121988,90,2026-05-20
B003419,2025-08-03,Consumo,Sucursal,Metropolitana,2048306,48,477746,0.1015,22,846,1404272,0,
B003420,2025-02-03,Consumo,Sucursal,Metropolitana,1902151,60,851442,0.0426,23,950,1132889,0,
B003421,2025-09-07,Automotriz,Convenio,Valparaíso,4294019,18,754411,0.3626,9,786,2567389,0,
B003422,2025-04-07,Tarjeta,Convenio,Biobío,4867376,36,899825,0.1777,33,878,538297,0,
B003423,2025-06-24,Tarjeta,Digital,Otras,1059853,24,447817,0.1073,24,815,699954,0,
B003424,2025-03-15,Microempresa,Digital,Otras,858852,48,615004,0.0354,32,842,562451,0,
B003425,2025-09-19,Tarjeta,Digital,Valparaíso,2058528,36,537325,0.1213,26,764,1609139,0,
B003426,2025-10-26,Consumo,Digital,Metropolitana,1187799,18,547820,0.1372,15,772,980738,0,
B003427,2025-12-16,Automotriz,Digital,Valparaíso,4474881,36,700338,0.2031,35,713,3584558,57,
B003428,2025-11-20,Consumo,Convenio,Metropolitana,6524375,60,1058047,0.113,36,882,977004,0,
B003429,2025-11-29,Automotriz,Sucursal,Otras,2284529,24,420000,0.2426,47,866,1430731,0,
B003430,2025-12-22,Tarjeta,Convenio,Otras,4916506,48,1076622,0.1068,17,936,907508,0,
B003431,2025-04-02,Microempresa,Sucursal,Metropolitana,1052013,36,550161,0.0618,20,854,745820,0,
B003432,2025-09-04,Tarjeta,Convenio,Biobío,4954747,36,712978,0.2256,4,712,729238,0,
B003433,2025-11-16,Tarjeta,Sucursal,Metropolitana,6106011,24,715210,0.4079,21,662,1956616,62,
B003434,2025-03-04,Microempresa,Convenio,Biobío,3832112,18,610610,0.38,10,692,416988,0,
B003435,2025-05-18,Consumo,Digital,Metropolitana,2050174,48,614054,0.0794,17,858,1462700,0,
B003436,2025-10-16,Microempresa,Convenio,Metropolitana,1674148,60,707318,0.048,16,843,1177154,0,
B003437,2025-07-23,Microempresa,Convenio,Metropolitana,8429450,36,1142259,0.2493,17,798,4469310,0,
B003438,2025-02-15,Automotriz,Convenio,Metropolitana,3149403,18,461325,0.4466,21,639,2899804,152,2025-04-16
B003439,2025-08-11,Tarjeta,Digital,Otras,1435942,24,420000,0.1665,17,751,1355289,171,2026-08-06
B003440,2025-05-03,Consumo,Convenio,Metropolitana,2838178,18,546634,0.3222,4,742,989915,0,
B003441,2025-04-06,Consumo,Sucursal,Otras,3295991,12,420000,0.7239,20,582,2653508,103,2025-05-06
B003442,2025-08-15,Tarjeta,Digital,Otras,1717785,60,443286,0.0741,28,803,1508925,292,2025-11-13
B003443,2025-08-02,Consumo,Digital,Biobío,3817210,60,661570,0.1058,27,870,2807646,131,2025-10-31
B003444,2025-03-14,Microempresa,Sucursal,Biobío,4896999,48,655238,0.1727,9,795,1178135,0,
B003445,2025-03-29,Automotriz,Digital,Metropolitana,2885780,36,451121,0.1967,32,746,768661,0,
B003446,2025-09-06,Consumo,Digital,Metropolitana,4107051,48,493756,0.2045,31,711,2835455,0,
B003447,2025-03-10,Consumo,Convenio,Metropolitana,3453069,24,516687,0.3204,17,769,1470656,0,
B003448,2025-12-30,Tarjeta,Sucursal,Metropolitana,3606882,24,420000,0.3893,27,649,2247336,90,2026-07-28
B003449,2025-11-17,Tarjeta,Digital,Valparaíso,3713062,48,506174,0.1709,9,798,2812239,0,
B003450,2025-01-13,Consumo,Sucursal,Biobío,980376,36,485057,0.0633,6,788,360076,0,
B003451,2025-05-10,Tarjeta,Sucursal,Otras,1344180,36,623422,0.0725,29,897,805519,31,
B003452,2025-04-16,Consumo,Convenio,Metropolitana,1442174,24,563931,0.1145,16,857,770563,0,
B003453,2025-09-02,Tarjeta,Convenio,Biobío,3457717,24,534025,0.3246,27,732,1031796,0,
B003454,2025-11-11,Automotriz,Digital,Biobío,2484505,36,714824,0.1099,16,801,1736122,0,
B003455,2025-12-05,Automotriz,Sucursal,Metropolitana,10451762,36,1162903,0.2974,13,883,1804868,0,
B003456,2025-01-22,Consumo,Digital,Otras,3464069,24,1194068,0.1362,5,801,1527717,0,
B003457,2025-12-08,Consumo,Sucursal,Metropolitana,2650063,36,573144,0.1507,22,826,1132034,36,
B003458,2025-05-06,Consumo,Digital,Valparaíso,2434392,24,726707,0.1543,41,882,985065,0,
B003459,2025-04-28,Consumo,Digital,Otras,3906338,12,761921,0.4675,40,646,3576594,267,2025-05-28
B003460,2025-02-10,Consumo,Sucursal,Valparaíso,2939436,36,591197,0.1644,14,817,417407,0,
B003461,2025-03-20,Automotriz,Sucursal,Metropolitana,2410928,48,420000,0.1302,9,748,1606789,90,2025-10-16
B003462,2025-10-06,Tarjeta,Sucursal,Valparaíso,2756971,24,420000,0.2945,10,703,2496012,90,2026-05-04
B003463,2025-12-19,Tarjeta,Digital,Metropolitana,13578395,24,1538709,0.4141,18,749,10035911,90,2026-07-17
B003464,2025-04-26,Automotriz,Digital,Otras,6170501,24,907558,0.3054,20,751,1108355,0,
B003465,2025-11-21,Microempresa,Sucursal,Metropolitana,3079322,60,546711,0.1112,41,842,1236559,0,
B003466,2025-10-25,Consumo,Digital,Otras,2499371,24,420000,0.2845,27,750,1143809,54,
B003467,2025-12-17,Microempresa,Digital,Otras,4542116,24,2222304,0.0913,19,897,875058,0,
B003468,2025-01-12,Consumo,Convenio,Metropolitana,1590469,48,420000,0.0898,10,821,301585,0,
B003469,2025-12-24,Tarjeta,Digital,Metropolitana,991818,18,420000,0.1488,13,739,355581,0,
B003470,2025-10-02,Consumo,Sucursal,Biobío,3692290,36,667421,0.1866,8,806,1358685,0,
B003471,2025-04-25,Tarjeta,Digital,Metropolitana,2092629,18,991451,0.1308,11,815,683154,0,
B003472,2025-07-14,Consumo,Sucursal,Metropolitana,7862874,60,875326,0.1595,13,789,5121494,0,
B003473,2025-12-12,Microempresa,Sucursal,Metropolitana,3577547,48,420000,0.2164,8,710,2817223,211,2026-03-12
B003474,2025-02-19,Consumo,Digital,Metropolitana,4002464,24,445870,0.4019,18,664,1964792,0,
B003475,2025-02-05,Tarjeta,Digital,Biobío,8698280,24,1259659,0.3432,15,685,7720621,111,2026-08-29
B003476,2025-01-19,Automotriz,Digital,Otras,2396115,24,420000,0.2754,39,797,556559,0,
B003477,2025-10-19,Tarjeta,Convenio,Biobío,3423527,48,620865,0.1378,31,857,1701458,0,
B003478,2025-08-23,Automotriz,Digital,Metropolitana,5653117,36,758409,0.2519,8,726,4077365,0,
B003479,2025-06-07,Consumo,Digital,Biobío,3926388,18,645234,0.4014,24,736,2628639,0,
B003480,2025-01-04,Consumo,Sucursal,Metropolitana,5179320,18,636172,0.5296,31,727,3506420,99,2025-04-04
B003481,2025-05-05,Consumo,Digital,Otras,2893410,24,420000,0.324,9,621,1885529,0,
B003482,2025-02-05,Tarjeta,Digital,Metropolitana,1733551,36,462862,0.125,12,739,1437568,302,2025-08-04
B003483,2025-01-23,Consumo,Digital,Metropolitana,818724,24,587186,0.0643,44,883,220404,0,
B003484,2025-06-10,Tarjeta,Convenio,Biobío,5866105,48,955745,0.1379,8,853,2573229,0,
B003485,2025-04-24,Tarjeta,Sucursal,Biobío,1937305,12,1020323,0.1753,13,785,1524661,0,
B003486,2025-04-20,Consumo,Sucursal,Valparaíso,2600636,24,420000,0.2864,16,763,1329716,0,
B003487,2025-01-25,Tarjeta,Digital,Otras,3307826,60,420000,0.1573,42,805,836677,0,
B003488,2025-09-18,Consumo,Digital,Otras,978745,36,420000,0.0776,40,837,99166,0,
B003489,2025-03-16,Tarjeta,Sucursal,Metropolitana,4463073,36,902188,0.1506,10,851,3896390,125,2025-07-14
B003490,2025-10-08,Automotriz,Digital,Valparaíso,4143111,36,857466,0.143,48,830,800229,0,
B003491,2025-12-30,Tarjeta,Sucursal,Metropolitana,3882321,18,832830,0.313,13,742,3552822,125,2026-07-28
B003492,2025-09-01,Consumo,Digital,Metropolitana,3640886,24,456606,0.4042,31,761,480686,0,
B003493,2025-07-16,Automotriz,Sucursal,Metropolitana,2917487,48,440763,0.1518,19,794,2471192,0,
B003494,2025-12-05,Tarjeta,Sucursal,Otras,4726549,24,592177,0.4049,20,658,3846618,256,2027-10-26
B003495,2025-03-23,Consumo,Sucursal,Metropolitana,2766009,36,420000,0.2209,25,774,1118502,0,
B003496,2025-10-18,Tarjeta,Convenio,Metropolitana,2119080,24,420000,0.2334,11,762,1171876,0,
B003497,2025-02-28,Consumo,Digital,Metropolitana,3197977,24,420000,0.3852,26,697,2153703,0,
B003498,2025-08-22,Consumo,Sucursal,Metropolitana,1088853,48,463630,0.0539,48,857,894638,0,
B003499,2025-10-06,Automotriz,Sucursal,Otras,2484209,36,424750,0.1882,21,809,2095800,0,
B003500,2025-01-09,Tarjeta,Convenio,Metropolitana,3390494,36,420000,0.2481,33,805,2107533,0,
B003501,2025-11-10,Microempresa,Convenio,Valparaíso,5230105,18,645239,0.5183,45,699,3987915,0,
B003502,2025-06-18,Consumo,Digital,Metropolitana,3486510,48,653342,0.1272,13,748,2361330,0,
B003503,2025-05-14,Consumo,Digital,Metropolitana,3051580,36,433624,0.2352,11,769,1903908,90,2026-11-05
B003504,2025-12-26,Automotriz,Sucursal,Otras,1842311,60,435406,0.0806,19,838,723520,0,
B003505,2025-04-14,Consumo,Sucursal,Valparaíso,4190688,36,626079,0.2195,6,810,2966305,0,
B003506,2025-10-20,Consumo,Convenio,Metropolitana,2788564,18,420000,0.3929,19,693,1806624,90,2025-12-19
B003507,2025-06-25,Consumo,Sucursal,Metropolitana,2489023,24,767851,0.1566,29,779,1769934,0,
B003508,2025-11-09,Automotriz,Digital,Metropolitana,8040269,24,968889,0.3822,15,754,6384194,90,2026-08-06
B003509,2025-07-17,Consumo,Sucursal,Otras,1551022,36,445369,0.1109,16,797,415238,0,
B003510,2025-02-13,Tarjeta,Digital,Metropolitana,3278324,48,831197,0.0897,17,806,1478872,0,
B003511,2025-04-29,Tarjeta,Digital,Valparaíso,1504129,60,772426,0.0383,5,817,1224686,0,
B003512,2025-11-06,Consumo,Sucursal,Metropolitana,3581306,36,420000,0.2715,23,747,3015856,0,
B003513,2025-03-28,Consumo,Sucursal,Metropolitana,1856550,36,490688,0.1266,27,863,217001,0,
B003514,2025-02-22,Consumo,Sucursal,Valparaíso,860452,24,520446,0.0757,23,813,712979,0,
B003515,2025-12-06,Consumo,Digital,Metropolitana,7707077,36,1090783,0.2161,19,774,4757818,0,
B003516,2025-08-22,Consumo,Sucursal,Biobío,3396125,18,716421,0.312,7,706,738597,0,
B003517,2025-10-14,Consumo,Sucursal,Metropolitana,4341590,24,1556526,0.1377,33,938,1861642,0,
B003518,2025-08-03,Automotriz,Sucursal,Metropolitana,3300200,36,586257,0.1786,16,822,2032879,0,
B003519,2025-12-18,Consumo,Digital,Metropolitana,2161684,24,456310,0.2156,14,797,501890,0,
B003520,2025-10-02,Tarjeta,Sucursal,Metropolitana,1481897,36,420000,0.1116,25,743,643133,0,
B003521,2025-10-14,Tarjeta,Digital,Metropolitana,3008771,18,571448,0.3269,19,713,2818028,90,2026-10-09
B003522,2025-03-30,Tarjeta,Digital,Metropolitana,2195442,36,420000,0.169,17,719,539055,0,
B003523,2025-03-19,Consumo,Sucursal,Metropolitana,1035834,48,534607,0.0444,55,886,807253,0,
B003524,2025-08-02,Consumo,Sucursal,Otras,3637080,36,752107,0.1613,60,864,1394975,0,
B003525,2025-05-14,Microempresa,Digital,Metropolitana,2093163,48,420000,0.1227,41,819,354580,84,
B003526,2025-12-12,Consumo,Digital,Metropolitana,5832647,24,809608,0.3247,7,712,1166598,0,
B003527,2025-11-12,Consumo,Digital,Metropolitana,2303497,24,420000,0.2464,20,689,865877,0,
B003528,2025-10-15,Consumo,Digital,Metropolitana,3370079,24,620786,0.2431,8,774,2836429,0,
B003529,2025-02-18,Automotriz,Convenio,Otras,3757466,24,420000,0.4037,13,639,1448453,0,
B003530,2025-07-30,Automotriz,Sucursal,Metropolitana,3779183,24,424170,0.4146,12,665,3071121,0,
B003531,2025-10-20,Automotriz,Digital,Otras,10070410,48,1926366,0.1289,17,864,2170494,0,
B003532,2025-07-29,Tarjeta,Sucursal,Metropolitana,2086368,18,420000,0.3358,8,736,469893,0,
B003533,2025-12-28,Consumo,Digital,Biobío,2022388,48,629166,0.0776,40,889,843182,0,
B003534,2025-07-23,Tarjeta,Sucursal,Metropolitana,4996979,48,581663,0.2146,31,734,538880,0,
B003535,2025-09-29,Consumo,Digital,Metropolitana,10165672,36,1213473,0.2644,13,804,2743754,0,
B003536,2025-08-03,Consumo,Digital,Biobío,1834994,24,588420,0.1516,8,826,844855,0,
B003537,2025-10-15,Tarjeta,Sucursal,Otras,1428159,48,420000,0.0825,51,867,1137060,0,
B003538,2025-08-24,Consumo,Sucursal,Valparaíso,2095316,12,1358730,0.1547,15,831,803463,0,
B003539,2025-05-12,Tarjeta,Digital,Valparaíso,3364145,36,690952,0.1564,23,821,2089720,86,
B003540,2025-11-17,Consumo,Convenio,Biobío,5250890,48,923404,0.1374,36,857,1340843,0,
B003541,2025-12-16,Consumo,Convenio,Otras,5376283,12,826760,0.6239,19,622,2642007,0,
B003542,2025-07-17,Microempresa,Digital,Otras,4209319,24,993171,0.2036,20,883,1362775,0,
B003543,2025-04-21,Tarjeta,Digital,Metropolitana,2229307,60,420000,0.1011,48,791,2117342,121,2025-12-17
B003544,2025-09-22,Consumo,Convenio,Metropolitana,9863412,18,1226433,0.5304,39,761,3293626,0,
B003545,2025-11-23,Consumo,Sucursal,Otras,2306508,24,504036,0.2238,11,795,1268893,0,
B003546,2025-09-03,Consumo,Digital,Otras,4721001,12,552059,0.8203,30,504,4354006,91,2026-05-01
B003547,2025-06-04,Tarjeta,Convenio,Metropolitana,2225776,60,420000,0.1064,39,837,1145424,0,
B003548,2025-05-17,Tarjeta,Sucursal,Metropolitana,1982725,18,420000,0.3055,54,760,986132,0,
B003549,2025-08-09,Consumo,Sucursal,Valparaíso,2114336,36,1074230,0.0604,17,882,1190412,0,
B003550,2025-07-08,Consumo,Convenio,Biobío,8607704,48,1427549,0.1493,18,869,3917453,0,
B003551,2025-11-26,Tarjeta,Sucursal,Valparaíso,3281784,48,420000,0.1842,11,732,1645072,0,
B003552,2025-03-17,Tarjeta,Sucursal,Valparaíso,2803698,36,420000,0.2148,41,753,818947,0,
B003553,2025-10-12,Consumo,Sucursal,Otras,2054832,36,420000,0.1645,9,796,289170,0,
B003554,2025-08-18,Tarjeta,Sucursal,Metropolitana,2524872,48,420000,0.1333,7,728,2046610,0,
B003555,2025-05-08,Tarjeta,Digital,Otras,5103608,12,631405,0.7719,13,521,4228292,93,2025-07-07
B003556,2025-02-16,Automotriz,Convenio,Biobío,2465915,24,420000,0.2775,61,808,2347982,267,2025-09-14
B003557,2025-08-05,Tarjeta,Sucursal,Metropolitana,4834316,24,1076396,0.2213,54,897,1417518,0,
B003558,2025-06-19,Automotriz,Digital,Metropolitana,3308539,48,420000,0.1789,10,688,994571,0,
B003559,2025-04-24,Tarjeta,Convenio,Metropolitana,3364805,48,420000,0.1799,13,775,2730998,243,2026-04-19
B003560,2025-03-03,Consumo,Sucursal,Metropolitana,2075322,36,420000,0.1575,29,788,667251,0,
B003561,2025-05-24,Automotriz,Sucursal,Otras,1884336,36,420000,0.1493,10,745,1012967,50,
B003562,2025-03-02,Consumo,Sucursal,Biobío,5092158,60,895777,0.1121,11,778,3114768,0,
B003563,2025-10-19,Automotriz,Sucursal,Otras,1095410,60,895005,0.0223,16,892,681524,0,
B003564,2025-10-13,Automotriz,Digital,Metropolitana,942464,36,590985,0.0539,18,878,522656,0,
B003565,2025-03-14,Automotriz,Digital,Metropolitana,3236874,24,783831,0.1894,6,830,1540545,0,
B003566,2025-06-25,Tarjeta,Digital,Metropolitana,1259068,36,899889,0.0441,26,774,571418,0,
B003567,2025-12-26,Tarjeta,Sucursal,Otras,2123821,60,483232,0.088,6,774,955083,0,
B003568,2025-07-29,Consumo,Convenio,Valparaíso,5881920,36,849943,0.2161,39,795,4543975,162,2025-12-26
B003569,2025-02-08,Consumo,Digital,Metropolitana,2195968,24,425215,0.2344,32,802,831011,0,
B003570,2025-04-27,Microempresa,Digital,Otras,1011941,48,420000,0.0585,11,796,488578,0,
B003571,2025-12-17,Consumo,Sucursal,Metropolitana,702909,18,420000,0.1021,3,736,129395,0,
B003572,2025-12-04,Tarjeta,Sucursal,Otras,2168907,24,960526,0.1009,21,858,1407114,0,
B003573,2025-01-25,Automotriz,Convenio,Biobío,1713691,12,420000,0.3806,18,634,207749,0,
B003574,2025-03-21,Consumo,Convenio,Otras,3613088,18,612416,0.3736,5,676,977585,0,
B003575,2025-10-13,Consumo,Sucursal,Valparaíso,5466134,12,652184,0.7692,13,593,3359480,90,2026-02-10
B003576,2025-06-18,Automotriz,Sucursal,Valparaíso,3030231,24,680937,0.1974,3,738,2504623,0,
B003577,2025-02-20,Consumo,Sucursal,Metropolitana,1019292,48,505057,0.0472,12,823,469438,0,
B003578,2025-04-13,Consumo,Digital,Metropolitana,1992019,24,420000,0.2388,15,749,477157,3,
B003579,2025-03-10,Consumo,Digital,Metropolitana,3744012,60,600095,0.1264,28,801,378979,39,
B003580,2025-09-21,Consumo,Convenio,Metropolitana,3941222,60,617209,0.122,13,786,575886,0,
B003581,2025-04-01,Consumo,Digital,Metropolitana,1881822,60,473204,0.0709,33,883,1111854,0,
B003582,2025-10-31,Consumo,Sucursal,Otras,7121955,18,904014,0.4652,15,692,4253899,0,
B003583,2025-05-07,Tarjeta,Convenio,Otras,6493870,36,968385,0.2233,23,776,797114,0,
B003584,2025-09-26,Tarjeta,Sucursal,Valparaíso,3276135,48,420000,0.1861,12,734,1095357,0,
B003585,2025-06-25,Tarjeta,Sucursal,Valparaíso,2417077,18,420000,0.3418,28,656,454106,0,
B003586,2025-07-24,Consumo,Sucursal,Metropolitana,2215826,36,447953,0.1468,17,778,1553969,252,2025-10-22
B003587,2025-05-09,Automotriz,Digital,Metropolitana,3999858,24,685215,0.2936,6,705,3102358,0,
B003588,2025-05-01,Consumo,Sucursal,Metropolitana,1634507,48,420000,0.0951,22,864,498017,0,
B003589,2025-01-04,Consumo,Sucursal,Otras,1274964,36,427437,0.0927,12,809,778557,0,
B003590,2025-02-04,Consumo,Digital,Metropolitana,1747577,48,420000,0.1004,6,771,309522,0,
B003591,2025-07-30,Consumo,Sucursal,Metropolitana,938071,48,528205,0.0407,11,833,576464,0,
B003592,2025-11-26,Automotriz,Convenio,Metropolitana,6333828,36,1921646,0.1093,43,924,1345808,0,
B003593,2025-01-16,Automotriz,Convenio,Biobío,3643803,18,420000,0.5765,12,559,2940812,90,2025-09-13
B003594,2025-06-29,Tarjeta,Convenio,Otras,8719784,18,1003972,0.5129,31,663,2463040,0,
B003595,2025-02-16,Microempresa,Sucursal,Metropolitana,3156550,24,701813,0.2022,42,873,1803703,0,
B003596,2025-09-29,Tarjeta,Digital,Otras,7748236,36,862433,0.2843,18,703,1476704,0,
B003597,2025-07-17,Tarjeta,Convenio,Metropolitana,1273997,18,420000,0.1874,20,711,853213,299,2026-10-10
B003598,2025-04-29,Automotriz,Sucursal,Biobío,2305267,36,431914,0.1793,52,832,245497,47,
B003599,2025-03-28,Tarjeta,Digital,Valparaíso,1338601,24,843458,0.0772,41,894,433496,0,
B003600,2025-06-05,Tarjeta,Sucursal,Metropolitana,2374389,48,815195,0.0649,27,845,1645964,0,
B003601,2025-03-29,Tarjeta,Convenio,Metropolitana,4569808,18,689132,0.4263,39,635,3674885,0,
B003602,2025-07-26,Tarjeta,Convenio,Otras,2597236,36,1365124,0.0604,14,863,1913323,77,
B003603,2025-01-07,Microempresa,Digital,Otras,2994979,60,420000,0.1353,11,772,1788165,0,
B003604,2025-08-08,Microempresa,Digital,Metropolitana,899377,36,420000,0.0695,24,844,566880,69,
B003605,2025-08-02,Consumo,Digital,Otras,1172584,24,666592,0.089,12,819,534213,0,
B003606,2025-06-12,Consumo,Convenio,Metropolitana,1625343,60,420000,0.0712,8,787,418718,0,
B003607,2025-07-22,Consumo,Digital,Metropolitana,3186885,60,514304,0.1236,47,821,750276,0,
B003608,2025-05-18,Consumo,Digital,Metropolitana,3407117,18,420000,0.4925,24,627,3255938,372,2026-04-13
B003609,2025-08-18,Microempresa,Digital,Otras,2066300,24,420000,0.2212,26,710,1435032,0,
B003610,2025-05-05,Consumo,Convenio,Biobío,6607511,48,862056,0.1836,18,795,1829709,0,
B003611,2025-09-23,Consumo,Convenio,Metropolitana,6191258,36,1233602,0.1651,8,817,4296556,0,
B003612,2025-02-26,Automotriz,Digital,Metropolitana,4552071,36,545414,0.2522,22,767,1347957,0,
B003613,2025-09-10,Consumo,Sucursal,Biobío,4498743,60,1031162,0.0798,29,925,3095316,0,
B003614,2025-12-19,Consumo,Sucursal,Metropolitana,728566,24,452592,0.0794,27,883,305872,0,
B003615,2025-11-13,Consumo,Sucursal,Otras,1603034,24,469885,0.1589,47,838,349396,0,
B003616,2025-09-29,Consumo,Digital,Metropolitana,7770242,24,1356123,0.278,47,835,2113028,0,
B003617,2025-02-24,Consumo,Digital,Metropolitana,2411625,18,708321,0.2247,40,808,668788,0,
B003618,2025-11-11,Consumo,Convenio,Valparaíso,4933778,36,563257,0.2845,7,690,1582595,0,
B003619,2025-07-14,Consumo,Sucursal,Metropolitana,4846935,48,1286093,0.0873,13,870,2825878,0,
B003620,2025-10-16,Consumo,Digital,Metropolitana,7647274,12,1029334,0.754,18,557,4046484,0,
B003621,2025-08-09,Tarjeta,Sucursal,Biobío,4615874,24,3191601,0.0653,11,911,3459127,0,
B003622,2025-03-29,Automotriz,Sucursal,Otras,5817403,24,702425,0.4091,13,746,607942,0,
B003623,2025-12-24,Consumo,Convenio,Valparaíso,1799803,24,492879,0.165,37,802,1114877,90,2026-08-21
B003624,2025-02-25,Consumo,Sucursal,Metropolitana,9794775,24,1090142,0.4017,42,779,2414284,0,
B003625,2025-11-09,Consumo,Digital,Metropolitana,3124515,36,492628,0.2043,20,744,1826648,0,
B003626,2025-12-21,Automotriz,Digital,Biobío,3050568,48,420000,0.1617,16,746,858389,0,
B003627,2025-12-17,Consumo,Digital,Valparaíso,6204381,36,807645,0.2282,18,774,2468328,0,
B003628,2025-12-15,Consumo,Digital,Valparaíso,10719423,24,1265083,0.4305,20,732,7582184,39,
B003629,2025-07-20,Microempresa,Convenio,Metropolitana,2692338,48,1789276,0.0364,18,902,322799,0,
B003630,2025-12-17,Consumo,Sucursal,Otras,1777701,24,1115329,0.0775,18,879,994657,0,
B003631,2025-03-04,Tarjeta,Digital,Otras,3850159,36,611654,0.2105,28,756,1217360,0,
B003632,2025-02-17,Tarjeta,Sucursal,Metropolitana,5649241,24,1011122,0.2685,16,767,3771713,75,
B003633,2025-11-25,Consumo,Convenio,Valparaíso,559601,24,420000,0.0613,9,839,239017,0,
B003634,2025-11-24,Consumo,Digital,Metropolitana,4401233,24,559196,0.359,22,672,4070091,126,2026-04-23
B003635,2025-09-11,Tarjeta,Convenio,Metropolitana,2369970,60,895196,0.05,21,805,472028,0,
B003636,2025-12-14,Tarjeta,Digital,Metropolitana,1231096,48,644664,0.0433,19,791,138852,0,
B003637,2025-12-11,Consumo,Sucursal,Metropolitana,1775369,36,433475,0.1318,11,792,1107588,0,
B003638,2025-08-19,Automotriz,Sucursal,Otras,1856502,24,420000,0.2247,53,843,1344658,0,
B003639,2025-10-29,Consumo,Sucursal,Metropolitana,3152288,18,706937,0.2846,48,857,2116942,0,
B003640,2025-05-06,Tarjeta,Sucursal,Valparaíso,813412,48,473669,0.0398,15,801,279967,0,
B003641,2025-03-21,Consumo,Sucursal,Metropolitana,4888847,24,637399,0.3388,18,753,695139,0,
B003642,2025-04-13,Consumo,Digital,Metropolitana,1433213,12,420000,0.3037,10,636,483032,0,
B003643,2025-06-22,Consumo,Convenio,Metropolitana,3556842,60,420000,0.1506,34,811,2663264,0,
B003644,2025-03-06,Automotriz,Digital,Metropolitana,3179818,60,420000,0.1454,13,755,2840021,148,2025-12-31
B003645,2025-05-07,Consumo,Sucursal,Valparaíso,2440353,18,420000,0.3478,12,740,1920391,0,
B003646,2025-09-13,Consumo,Digital,Valparaíso,12396565,36,2427415,0.152,34,869,6417938,0,
B003647,2025-12-06,Consumo,Sucursal,Otras,3996978,24,1593501,0.1271,7,871,1209256,0,
B003648,2025-12-18,Consumo,Sucursal,Valparaíso,1812432,18,420000,0.2542,12,768,1539355,0,
B003649,2025-08-16,Consumo,Digital,Metropolitana,6469836,24,1141396,0.2626,7,761,2465044,0,
B003650,2025-04-11,Consumo,Convenio,Metropolitana,969685,12,599116,0.143,15,805,246159,0,
B003651,2025-08-24,Consumo,Digital,Otras,3935695,60,732707,0.1002,18,842,3000451,0,
B003652,2025-06-02,Consumo,Digital,Biobío,849167,36,497020,0.0538,35,859,326882,0,
B003653,2025-05-09,Automotriz,Sucursal,Metropolitana,2494882,48,420000,0.132,33,763,2356281,143,2026-01-04
B003654,2025-04-14,Microempresa,Sucursal,Otras,3932958,60,648329,0.1194,8,710,766617,0,
B003655,2025-02-27,Tarjeta,Digital,Biobío,3796382,24,438933,0.4271,14,616,2731047,90,2025-10-25
B003656,2025-11-25,Tarjeta,Digital,Valparaíso,1379565,36,714036,0.0654,11,791,473025,0,
B003657,2025-07-16,Consumo,Sucursal,Metropolitana,3145377,48,420000,0.1832,9,806,758039,0,
B003658,2025-09-17,Consumo,Digital,Valparaíso,4037834,24,651164,0.2915,12,691,3752574,108,2026-03-16
B003659,2025-09-23,Consumo,Digital,Metropolitana,5539100,36,873695,0.1996,15,769,3767786,0,
B003660,2025-03-29,Tarjeta,Sucursal,Otras,3304359,24,420000,0.3981,10,605,2303598,90,2025-07-27
B003661,2025-01-29,Consumo,Digital,Biobío,6856958,60,1358474,0.096,5,810,3529859,0,
B003662,2025-03-01,Automotriz,Digital,Otras,3723632,18,420000,0.561,21,570,2818708,156,2025-07-29
B003663,2025-03-03,Tarjeta,Sucursal,Biobío,3981912,36,1259392,0.0966,22,846,3325146,0,
B003664,2025-12-13,Consumo,Convenio,Metropolitana,3682603,18,420000,0.5424,23,639,2806567,0,
B003665,2025-05-12,Consumo,Convenio,Metropolitana,1031152,60,420000,0.0447,37,874,794866,0,
B003666,2025-08-10,Consumo,Digital,Valparaíso,2816687,24,449075,0.303,12,663,2237142,0,
B003667,2025-02-01,Automotriz,Convenio,Otras,3772342,36,578339,0.2006,47,853,1257971,0,
B003668,2025-01-08,Consumo,Sucursal,Metropolitana,1358707,36,420000,0.0997,18,834,304272,0,
B003669,2025-11-05,Consumo,Convenio,Otras,1922753,12,484941,0.3729,19,731,1144782,0,
B003670,2025-11-10,Tarjeta,Digital,Valparaíso,5498550,24,659246,0.3937,11,756,3085260,226,2026-09-06
B003671,2025-03-20,Tarjeta,Sucursal,Otras,4371181,48,602824,0.1616,15,727,3544082,0,
B003672,2025-11-14,Tarjeta,Convenio,Metropolitana,4417983,36,573801,0.2284,39,767,3453421,0,
B003673,2025-05-30,Consumo,Digital,Metropolitana,6197030,24,727742,0.4039,25,715,3509194,268,2026-03-26
B003674,2025-08-10,Consumo,Sucursal,Valparaíso,2324737,24,420000,0.2673,11,758,283858,0,
B003675,2025-07-25,Consumo,Sucursal,Valparaíso,634105,36,441328,0.0469,26,875,408950,14,
B003676,2025-01-03,Tarjeta,Digital,Metropolitana,2788558,18,500302,0.3629,19,736,1863959,0,
B003677,2025-04-28,Automotriz,Sucursal,Valparaíso,2341173,18,853286,0.1658,6,861,903882,0,
B003678,2025-06-07,Consumo,Sucursal,Valparaíso,2359479,24,677725,0.1554,30,835,1012294,0,
B003679,2025-05-08,Microempresa,Digital,Valparaíso,4912889,36,930843,0.1686,22,816,1314513,0,
B003680,2025-06-12,Consumo,Sucursal,Otras,2348958,36,497348,0.1447,6,755,1084056,0,
B003681,2025-03-20,Consumo,Convenio,Biobío,5980789,48,1023062,0.1384,33,837,1306668,0,
B003682,2025-01-08,Consumo,Sucursal,Otras,3379180,48,814702,0.0984,21,897,994693,0,
B003683,2025-01-02,Tarjeta,Sucursal,Otras,2099353,36,1181936,0.0561,5,797,1846313,133,2025-11-28
B003684,2025-04-15,Microempresa,Convenio,Metropolitana,4478844,36,527421,0.2577,17,699,3278702,0,
B003685,2025-12-05,Tarjeta,Sucursal,Metropolitana,1905245,48,723337,0.0589,11,805,346937,38,
B003686,2025-03-29,Consumo,Digital,Biobío,4079017,12,603345,0.6439,22,700,1686401,0,
B003687,2025-09-24,Tarjeta,Convenio,Metropolitana,7286202,12,979206,0.6965,8,600,5632310,90,2026-01-22
B003688,2025-02-23,Automotriz,Digital,Metropolitana,6605189,36,1225263,0.1796,46,853,4215953,0,
B003689,2025-12-02,Microempresa,Digital,Valparaíso,2690638,60,654872,0.0754,22,855,606340,0,
B003690,2025-04-05,Consumo,Convenio,Biobío,1734261,24,460094,0.1896,33,795,509642,0,
B003691,2025-09-17,Automotriz,Sucursal,Metropolitana,2333572,36,420000,0.1723,27,848,1778092,0,
B003692,2025-01-28,Automotriz,Convenio,Metropolitana,2595629,12,611823,0.3882,24,672,1552534,0,
B003693,2025-04-02,Tarjeta,Convenio,Valparaíso,2157662,60,420000,0.0929,10,761,1442738,0,
B003694,2025-11-22,Consumo,Digital,Metropolitana,4316215,36,580789,0.2235,47,834,1688697,0,
B003695,2025-06-02,Tarjeta,Digital,Biobío,1410632,36,489371,0.0949,40,832,920783,0,
B003696,2025-08-29,Consumo,Digital,Metropolitana,3083861,24,843579,0.1639,22,784,2100357,0,
B003697,2025-09-15,Consumo,Convenio,Biobío,3763474,36,521548,0.2153,21,805,1583044,0,
B003698,2025-11-28,Microempresa,Sucursal,Metropolitana,4034772,48,1372133,0.0677,11,896,2683358,0,
B003699,2025-01-10,Tarjeta,Sucursal,Otras,1312780,36,649875,0.0661,11,834,556623,0,
B003700,2025-04-08,Automotriz,Sucursal,Biobío,4568047,12,1020069,0.4512,22,690,3823460,87,
B003701,2025-08-18,Consumo,Sucursal,Otras,2267045,48,420000,0.1227,32,808,635397,0,
B003702,2025-04-12,Consumo,Digital,Metropolitana,2389666,36,420000,0.1677,9,771,1052870,0,
B003703,2025-12-11,Tarjeta,Sucursal,Otras,2942543,48,1431986,0.0461,29,950,1778924,0,
B003704,2025-08-30,Tarjeta,Sucursal,Otras,3393667,36,420000,0.2501,42,822,1531570,0,
B003705,2025-10-09,Consumo,Digital,Valparaíso,1719722,48,420000,0.0975,5,799,494516,0,
B003706,2025-01-29,Automotriz,Digital,Valparaíso,4347990,24,890674,0.2425,30,805,1849403,0,
B003707,2025-03-28,Automotriz,Sucursal,Metropolitana,2517209,12,420000,0.6093,30,612,2030073,142,2025-10-24
B003708,2025-03-13,Tarjeta,Sucursal,Valparaíso,1999668,36,420000,0.155,15,764,1545142,0,
B003709,2025-03-23,Consumo,Convenio,Metropolitana,4653593,60,1031504,0.083,28,885,2831591,0,
B003710,2025-09-26,Automotriz,Digital,Metropolitana,3284096,48,420000,0.1892,45,831,541352,0,
B003711,2025-09-13,Consumo,Sucursal,Metropolitana,6362898,60,745927,0.1663,42,900,763693,0,
B003712,2025-03-28,Microempresa,Sucursal,Otras,6915202,36,1081029,0.1964,8,852,4773345,0,
B003713,2025-02-21,Consumo,Digital,Valparaíso,3573642,36,585323,0.1917,4,749,2609109,0,
B003714,2025-05-27,Microempresa,Digital,Otras,1490632,24,420000,0.1708,20,754,268745,0,
B003715,2025-05-29,Automotriz,Digital,Valparaíso,2891503,18,420000,0.4591,50,729,533872,0,
B003716,2025-10-19,Tarjeta,Convenio,Metropolitana,1802023,36,501431,0.1098,31,841,1370616,0,
B003717,2025-05-25,Automotriz,Digital,Biobío,982785,36,420000,0.0691,19,799,778230,0,
B003718,2025-11-26,Consumo,Digital,Otras,3164297,48,481772,0.1489,12,788,1757557,0,
B003719,2025-09-06,Consumo,Digital,Metropolitana,1763581,48,420000,0.1011,51,917,1288703,0,
B003720,2025-02-02,Tarjeta,Digital,Metropolitana,2646700,36,733431,0.11,36,786,447360,0,
B003721,2025-10-07,Consumo,Convenio,Valparaíso,5107525,48,740394,0.1581,68,901,2908485,129,2026-04-05
B003722,2025-07-04,Consumo,Digital,Valparaíso,2506067,36,671720,0.1145,20,838,401735,0,
B003723,2025-05-24,Microempresa,Convenio,Metropolitana,1341051,36,420000,0.1051,8,842,336059,0,
B003724,2025-04-01,Tarjeta,Sucursal,Metropolitana,1894173,12,662141,0.2905,24,740,1475472,0,
B003725,2025-10-22,Consumo,Digital,Metropolitana,3649972,36,679969,0.1642,32,826,1664514,0,
B003726,2025-12-06,Tarjeta,Digital,Metropolitana,2668382,24,425490,0.3114,45,803,1611591,253,2026-11-01
B003727,2025-07-30,Microempresa,Sucursal,Otras,7862277,36,1036803,0.2274,12,773,6412864,0,
B003728,2025-07-19,Microempresa,Digital,Otras,1441743,36,461618,0.1029,21,875,476010,0,
B003729,2025-12-12,Consumo,Convenio,Metropolitana,2371487,24,420000,0.251,52,828,600105,0,
B003730,2025-09-19,Consumo,Sucursal,Biobío,3664555,36,832289,0.142,27,825,1806031,0,
B003731,2025-09-15,Automotriz,Digital,Metropolitana,1854307,36,668715,0.0825,20,905,717646,0,
B003732,2025-02-19,Microempresa,Digital,Metropolitana,1721546,36,420000,0.1359,12,739,1271705,90,2025-04-20
B003733,2025-05-05,Tarjeta,Sucursal,Metropolitana,544156,24,420000,0.0577,23,862,166607,0,
B003734,2025-12-03,Tarjeta,Digital,Metropolitana,3995710,18,1448659,0.1644,30,827,2724711,0,
B003735,2025-08-21,Tarjeta,Sucursal,Otras,2235971,48,628260,0.0904,25,831,901797,0,
B003736,2025-08-10,Tarjeta,Convenio,Metropolitana,3219944,36,420000,0.2357,29,717,1699364,0,
B003737,2025-08-02,Consumo,Digital,Metropolitana,5865541,48,758751,0.1923,26,791,4959196,0,
B003738,2025-10-19,Consumo,Digital,Valparaíso,1550441,60,420000,0.0708,38,884,863120,0,
B003739,2025-12-28,Tarjeta,Digital,Metropolitana,3531985,48,420000,0.2102,11,702,521387,0,
B003740,2025-12-19,Consumo,Convenio,Biobío,6374593,24,837895,0.3862,11,713,5633849,228,2026-07-17
B003741,2025-10-30,Consumo,Convenio,Metropolitana,1883304,36,420000,0.1473,41,840,368766,0,
B003742,2025-09-19,Tarjeta,Sucursal,Metropolitana,4356051,36,547533,0.2554,18,704,3795570,93,2027-04-12
B003743,2025-07-04,Consumo,Convenio,Valparaíso,1329263,48,702697,0.0427,8,843,234168,0,
B003744,2025-06-26,Automotriz,Sucursal,Metropolitana,658412,24,420000,0.0792,33,842,398628,0,
B003745,2025-06-26,Consumo,Digital,Biobío,5308621,36,834878,0.203,25,811,1971808,0,
B003746,2025-06-16,Microempresa,Digital,Biobío,2629482,36,1098159,0.0806,17,838,1626153,0,
B003747,2025-08-22,Consumo,Convenio,Metropolitana,3893077,36,549763,0.2382,9,772,2050145,0,
B003748,2025-11-21,Tarjeta,Sucursal,Biobío,6031672,36,822560,0.2254,36,820,1695639,0,
B003749,2025-04-27,Automotriz,Convenio,Metropolitana,4501027,48,688861,0.1629,40,880,3666617,0,
B003750,2025-10-24,Tarjeta,Digital,Biobío,3273128,18,956230,0.2315,3,779,757064,0,
B003751,2025-02-12,Consumo,Digital,Biobío,2844490,36,793969,0.1159,30,849,365394,0,
B003752,2025-03-28,Consumo,Digital,Metropolitana,3290196,48,420898,0.196,29,780,955437,0,
B003753,2025-03-15,Consumo,Digital,Metropolitana,2833149,18,976088,0.1804,13,839,1807442,26,
B003754,2025-03-10,Consumo,Sucursal,Metropolitana,1383413,18,494558,0.182,6,745,223232,0,
B003755,2025-10-24,Consumo,Digital,Metropolitana,2944686,48,644180,0.1096,11,767,1813673,272,2026-06-21
B003756,2025-01-06,Automotriz,Digital,Metropolitana,2768844,12,420000,0.6519,14,582,2450333,90,2026-05-31
B003757,2025-02-07,Consumo,Digital,Otras,2521036,24,420000,0.2747,76,837,1753366,0,
B003758,2025-01-13,Automotriz,Convenio,Metropolitana,1733769,60,420000,0.0814,20,797,1224382,0,
B003759,2025-06-05,Automotriz,Sucursal,Biobío,3798198,48,739784,0.123,29,799,2734024,0,
B003760,2025-02-25,Consumo,Convenio,Biobío,4776389,24,635507,0.3715,7,722,2042346,0,
B003761,2025-02-13,Microempresa,Sucursal,Biobío,4094265,12,561860,0.6643,11,586,3276835,90,2025-06-13
B003762,2025-07-04,Consumo,Sucursal,Valparaíso,1599729,36,822018,0.0659,13,905,1299590,0,
B003763,2025-07-27,Microempresa,Sucursal,Otras,3709601,36,1088340,0.1059,9,815,1763092,0,
B003764,2025-08-20,Consumo,Sucursal,Metropolitana,3671110,48,420000,0.214,15,796,1828332,0,
B003765,2025-02-12,Automotriz,Sucursal,Metropolitana,3450591,24,523874,0.3236,35,747,2713581,0,
B003766,2025-04-18,Consumo,Digital,Otras,1440169,24,420000,0.1573,9,797,803960,90,2026-02-12
B003767,2025-08-29,Tarjeta,Digital,Otras,3748168,36,637466,0.1977,24,761,2864554,0,
B003768,2025-12-01,Consumo,Sucursal,Metropolitana,1180307,60,673409,0.0341,41,922,792089,0,
B003769,2025-03-29,Microempresa,Digital,Metropolitana,1433706,36,619897,0.0696,18,786,288637,0,
B003770,2025-06-08,Consumo,Sucursal,Metropolitana,2267609,60,420000,0.1068,32,824,1161977,0,
B003771,2025-07-20,Tarjeta,Sucursal,Biobío,3246013,48,420000,0.1887,22,755,2070816,5,
B003772,2025-03-28,Automotriz,Sucursal,Valparaíso,4096595,24,465889,0.4047,12,661,3237976,133,2025-04-27
B003773,2025-01-10,Consumo,Sucursal,Metropolitana,988817,48,442984,0.0522,20,796,836898,77,
B003774,2025-06-14,Tarjeta,Sucursal,Valparaíso,5097744,36,2093163,0.082,27,935,3396064,0,
B003775,2025-04-27,Automotriz,Convenio,Otras,6444620,36,717512,0.2651,47,831,1862383,0,
B003776,2025-04-11,Automotriz,Sucursal,Valparaíso,1814541,36,584448,0.0962,13,890,691703,0,
B003777,2025-10-07,Automotriz,Digital,Otras,2940101,60,1232828,0.0443,27,898,1939692,0,
B003778,2025-10-24,Consumo,Digital,Metropolitana,5065493,60,689917,0.1484,22,789,1382334,0,
B003779,2025-05-02,Consumo,Sucursal,Metropolitana,2659996,18,420000,0.4269,38,698,1662407,305,2026-10-24
B003780,2025-10-24,Tarjeta,Sucursal,Otras,3252991,36,722431,0.142,35,905,1534432,0,
B003781,2025-04-23,Consumo,Digital,Metropolitana,2119758,36,420000,0.167,15,702,479694,0,
B003782,2025-08-13,Tarjeta,Digital,Biobío,2366122,36,420000,0.1893,31,768,1555092,0,
B003783,2025-12-22,Consumo,Sucursal,Biobío,2799059,36,1206051,0.0767,30,889,2328315,90,2027-06-15
B003784,2025-03-27,Automotriz,Sucursal,Metropolitana,2181975,48,1033156,0.0491,19,815,562730,0,
B003785,2025-11-10,Tarjeta,Digital,Metropolitana,1174707,24,420000,0.1252,36,820,404653,0,
B003786,2025-01-31,Automotriz,Sucursal,Metropolitana,505603,36,420000,0.0388,6,898,118554,0,
B003787,2025-01-18,Automotriz,Sucursal,Valparaíso,1101971,36,457742,0.0767,14,842,797953,0,
B003788,2025-10-08,Tarjeta,Digital,Valparaíso,12151148,36,1470357,0.2575,18,781,1451465,0,
B003789,2025-07-11,Automotriz,Sucursal,Otras,3234268,60,527022,0.1179,25,855,842103,0,
B003790,2025-03-20,Consumo,Digital,Metropolitana,2286291,36,515419,0.1309,18,804,1746068,0,
B003791,2025-05-27,Consumo,Sucursal,Biobío,1916705,48,420000,0.101,10,834,722462,0,
B003792,2025-02-03,Consumo,Convenio,Otras,1862887,24,607103,0.1366,34,871,1509898,0,
B003793,2025-05-13,Microempresa,Digital,Biobío,2717611,36,420000,0.1959,9,753,1692722,117,2026-06-07
B003794,2025-10-23,Automotriz,Sucursal,Valparaíso,4531503,24,1094455,0.1994,24,844,3240366,0,
B003795,2025-11-12,Tarjeta,Convenio,Valparaíso,3003071,18,420000,0.45,32,647,2019829,134,2027-04-06
B003796,2025-02-16,Consumo,Digital,Valparaíso,3694774,36,420000,0.2943,9,740,2669524,0,
B003797,2025-04-19,Tarjeta,Convenio,Metropolitana,1671481,18,981371,0.1062,5,851,1251651,0,
B003798,2025-12-12,Microempresa,Sucursal,Valparaíso,3685328,48,420000,0.2204,11,746,1738727,32,
B003799,2025-06-17,Tarjeta,Digital,Otras,2207476,36,632711,0.103,28,884,476930,0,
B003800,2025-01-16,Consumo,Digital,Otras,4035866,24,623879,0.2998,23,701,2279837,0,
B003801,2025-04-21,Consumo,Sucursal,Metropolitana,2577038,36,552430,0.1465,35,804,1328127,0,
B003802,2025-04-21,Consumo,Sucursal,Otras,1958696,60,420000,0.0946,28,878,905445,0,
B003803,2025-01-28,Tarjeta,Digital,Otras,994302,12,420000,0.2365,31,692,583841,0,
B003804,2025-10-28,Tarjeta,Digital,Otras,3965545,60,496793,0.1516,16,768,2839401,0,
B003805,2025-11-15,Automotriz,Convenio,Metropolitana,2530858,12,547535,0.4306,48,826,2301159,170,2027-02-08
B003806,2025-01-17,Automotriz,Convenio,Otras,2663657,36,819226,0.1024,14,837,759304,0,
B003807,2025-08-02,Consumo,Sucursal,Biobío,4054400,36,546254,0.235,12,774,1090720,0,
B003808,2025-06-11,Consumo,Sucursal,Metropolitana,3238626,36,592887,0.175,29,812,2732942,0,
B003809,2025-01-25,Automotriz,Convenio,Otras,2693291,12,420000,0.605,82,746,1033294,0,
B003810,2025-04-07,Microempresa,Digital,Metropolitana,1615409,36,492193,0.1048,42,849,1240148,0,
B003811,2025-10-24,Consumo,Sucursal,Valparaíso,2637473,48,938092,0.0697,10,874,478065,0,
B003812,2025-08-17,Tarjeta,Sucursal,Otras,4514963,36,799568,0.1733,20,838,1727598,0,
B003813,2025-01-03,Tarjeta,Convenio,Otras,3810674,48,558409,0.1642,8,706,2307338,0,
B003814,2025-02-17,Tarjeta,Digital,Otras,2832284,36,432137,0.2181,4,733,2058447,150,2025-08-16
B003815,2025-06-22,Tarjeta,Sucursal,Biobío,2319537,60,420000,0.106,30,793,348630,0,
B003816,2025-05-08,Tarjeta,Digital,Metropolitana,12012018,48,1381880,0.2132,9,759,8956368,0,
B003817,2025-06-19,Microempresa,Sucursal,Valparaíso,12505475,60,2646800,0.0907,26,950,5826823,51,
B003818,2025-05-03,Consumo,Sucursal,Metropolitana,5808872,48,951866,0.1363,32,872,1769826,0,
B003819,2025-10-23,Microempresa,Digital,Metropolitana,2866352,60,1419997,0.0372,8,896,1694061,78,
B003820,2025-06-24,Tarjeta,Sucursal,Metropolitana,15795352,60,2286171,0.1284,16,864,3811879,0,
B003821,2025-08-29,Consumo,Sucursal,Metropolitana,2079252,60,1172566,0.034,16,899,566785,0,
B003822,2025-01-27,Consumo,Sucursal,Valparaíso,2083782,24,420000,0.2281,14,696,1328919,0,
B003823,2025-10-15,Consumo,Digital,Metropolitana,590740,24,420000,0.0668,5,738,120027,0,
B003824,2025-11-25,Consumo,Convenio,Valparaíso,4264003,36,537725,0.2537,21,741,3688074,161,2027-01-19
B003825,2025-08-26,Consumo,Sucursal,Metropolitana,1460402,36,1132881,0.0405,9,875,573477,0,
B003826,2025-05-02,Tarjeta,Digital,Valparaíso,5720660,24,1099039,0.2304,10,769,5279662,90,2025-08-30
B003827,2025-01-22,Tarjeta,Sucursal,Otras,1541891,24,420000,0.1672,20,740,631998,0,
B003828,2025-11-03,Consumo,Convenio,Valparaíso,1733218,48,636967,0.0621,11,805,985561,0,
B003829,2025-10-03,Consumo,Sucursal,Valparaíso,2269480,48,451374,0.1241,23,798,731943,0,
B003830,2025-12-28,Consumo,Convenio,Valparaíso,9730552,36,1117816,0.2691,23,835,3612148,0,
B003831,2025-06-17,Tarjeta,Digital,Metropolitana,3717977,18,420000,0.5327,19,611,3287743,169,2025-12-14
B003832,2025-07-03,Tarjeta,Digital,Metropolitana,5120592,12,979674,0.4743,32,712,580216,0,
B003833,2025-06-23,Consumo,Digital,Metropolitana,974804,36,631468,0.0509,17,847,150499,0,
B003834,2025-06-21,Tarjeta,Digital,Biobío,17285270,24,2245475,0.3703,17,768,11248748,0,
B003835,2025-07-29,Consumo,Convenio,Metropolitana,6265242,18,861026,0.4504,6,698,2878156,0,
B003836,2025-05-20,Consumo,Digital,Metropolitana,2462307,48,706695,0.0845,57,950,614635,0,
B003837,2025-10-31,Consumo,Digital,Biobío,6939175,24,950973,0.3224,8,750,2755148,0,
B003838,2025-08-04,Consumo,Digital,Metropolitana,1224927,36,566529,0.071,17,842,443599,0,
B003839,2025-03-16,Microempresa,Digital,Metropolitana,1412155,36,532736,0.0846,24,820,444103,0,
B003840,2025-10-07,Automotriz,Digital,Metropolitana,10458911,18,1210843,0.5205,13,659,2636195,0,
B003841,2025-05-29,Tarjeta,Digital,Metropolitana,1018787,48,420000,0.0599,2,798,733508,0,
B003842,2025-05-19,Tarjeta,Digital,Metropolitana,995753,36,420000,0.0778,11,756,286034,0,
B003843,2025-05-13,Automotriz,Digital,Metropolitana,624258,24,420000,0.0674,21,797,431684,0,
B003844,2025-05-08,Consumo,Digital,Metropolitana,3873092,24,613553,0.2894,23,753,3185009,0,
B003845,2025-05-14,Automotriz,Sucursal,Otras,1583410,18,432221,0.2451,30,709,948589,0,
B003846,2025-09-02,Tarjeta,Sucursal,Metropolitana,2343202,48,420000,0.1252,13,751,442866,36,
B003847,2025-11-18,Consumo,Sucursal,Metropolitana,3625840,24,665297,0.2735,10,709,2481665,90,2026-05-17
B003848,2025-08-05,Consumo,Sucursal,Metropolitana,1959298,48,527731,0.0898,28,839,300191,0,
B003849,2025-02-22,Microempresa,Digital,Metropolitana,3076295,24,687728,0.2197,4,748,1605211,0,
B003850,2025-05-15,Consumo,Sucursal,Otras,2683718,48,498337,0.1322,15,817,1275860,0,
B003851,2025-11-14,Consumo,Sucursal,Metropolitana,3461790,48,420000,0.1845,18,753,2540413,0,
B003852,2025-05-15,Tarjeta,Digital,Valparaíso,557697,18,461037,0.0814,19,870,132774,0,
B003853,2025-08-26,Microempresa,Sucursal,Otras,6486124,24,1151781,0.2579,6,792,1535920,0,
B003854,2025-08-31,Automotriz,Digital,Valparaíso,1517314,12,1051264,0.1368,19,791,923379,0,
B003855,2025-10-06,Consumo,Sucursal,Metropolitana,4451485,36,1257139,0.1113,9,886,1894406,0,
B003856,2025-08-22,Tarjeta,Convenio,Metropolitana,2693353,36,878321,0.1013,9,845,1032348,15,
B003857,2025-07-29,Tarjeta,Digital,Metropolitana,522652,36,420000,0.0399,6,770,303299,103,2026-04-25
B003858,2025-01-04,Consumo,Convenio,Metropolitana,797462,18,470324,0.1034,33,784,502325,0,
B003859,2025-04-09,Consumo,Sucursal,Metropolitana,6137569,36,827235,0.2442,23,781,1876474,0,
B003860,2025-05-03,Tarjeta,Sucursal,Metropolitana,1492838,36,497885,0.099,56,878,1136321,131,2026-03-29
B003861,2025-10-01,Automotriz,Sucursal,Metropolitana,4433489,36,968386,0.1489,25,907,2285395,36,
B003862,2025-11-03,Consumo,Sucursal,Biobío,3930846,24,598489,0.2967,13,783,2674735,0,
B003863,2025-10-10,Consumo,Convenio,Metropolitana,2985042,12,1217470,0.2289,29,875,1657845,554,2025-12-09
B003864,2025-08-09,Tarjeta,Sucursal,Otras,1942102,36,420000,0.1409,9,706,244399,0,
B003865,2025-10-20,Automotriz,Convenio,Biobío,4608902,24,991809,0.2148,19,861,1746907,0,
B003866,2025-05-06,Consumo,Sucursal,Otras,1204786,60,420000,0.0508,21,820,124290,0,
B003867,2025-06-03,Automotriz,Convenio,Metropolitana,834335,18,444619,0.1135,48,818,261618,0,
B003868,2025-07-12,Consumo,Sucursal,Metropolitana,1098187,18,685960,0.1045,4,814,712184,0,
B003869,2025-01-27,Automotriz,Convenio,Metropolitana,6569986,36,943098,0.2241,35,860,4338858,0,
B003870,2025-12-13,Consumo,Sucursal,Metropolitana,1507060,48,598428,0.0561,27,950,588227,0,
B003871,2025-08-08,Tarjeta,Digital,Valparaíso,3447143,36,578564,0.1854,21,793,2275370,0,
B003872,2025-04-22,Consumo,Sucursal,Otras,2285791,12,1179485,0.1862,29,826,1621129,0,
B003873,2025-08-01,Consumo,Digital,Biobío,3328180,24,799741,0.1917,10,795,489475,0,
B003874,2025-01-30,Consumo,Sucursal,Otras,3704178,60,775437,0.086,15,895,1357492,0,
B003875,2025-04-07,Consumo,Convenio,Valparaíso,1981521,24,829659,0.1114,9,820,1433112,0,
B003876,2025-11-30,Consumo,Digital,Biobío,4056371,24,625684,0.3133,11,721,3294224,0,
B003877,2025-05-05,Tarjeta,Digital,Valparaíso,674762,18,545250,0.0736,36,814,438739,0,
B003878,2025-04-14,Consumo,Digital,Otras,791572,12,553994,0.1324,15,796,205306,0,
B003879,2025-05-05,Tarjeta,Digital,Metropolitana,11771874,36,1410444,0.2726,19,792,3790909,0,
B003880,2025-11-22,Consumo,Digital,Otras,2307446,24,770290,0.1355,6,764,1689971,3,
B003881,2025-05-30,Consumo,Convenio,Otras,1088587,24,420000,0.125,12,768,370329,0,
B003882,2025-12-11,Consumo,Digital,Metropolitana,6402285,36,720604,0.2895,47,813,3536958,70,
B003883,2025-08-18,Tarjeta,Digital,Metropolitana,2525756,60,1003850,0.0452,25,850,1842180,0,
B003884,2025-10-31,Consumo,Digital,Metropolitana,685447,60,420000,0.03,51,868,548424,0,
B003885,2025-02-08,Microempresa,Sucursal,Otras,5487712,60,842586,0.1163,32,874,3548686,0,
B003886,2025-11-19,Consumo,Sucursal,Valparaíso,2061031,12,420000,0.4451,10,675,1589309,136,2027-03-14
B003887,2025-04-28,Tarjeta,Sucursal,Biobío,5856336,48,962726,0.1516,15,822,1875893,0,
B003888,2025-04-13,Automotriz,Convenio,Otras,2948498,24,420000,0.3351,15,717,1748360,0,
B003889,2025-07-05,Tarjeta,Sucursal,Valparaíso,4127009,24,557107,0.3607,25,743,1748723,36,
B003890,2025-03-05,Consumo,Sucursal,Metropolitana,866923,36,490613,0.0591,27,878,306852,0,
B003891,2025-01-16,Microempresa,Convenio,Metropolitana,8486636,24,1015283,0.42,18,732,7010737,0,
B003892,2025-03-12,Consumo,Sucursal,Biobío,5043825,24,661443,0.3809,18,734,4358279,108,2025-08-09
B003893,2025-01-12,Consumo,Digital,Metropolitana,1955975,24,628356,0.1384,37,813,568353,0,
B003894,2025-12-10,Consumo,Digital,Metropolitana,4174889,24,927870,0.2269,12,730,1642790,0,
B003895,2025-12-05,Consumo,Digital,Otras,7887607,24,993036,0.387,13,711,1788657,0,
B003896,2025-04-08,Automotriz,Sucursal,Metropolitana,2161786,60,578735,0.0737,15,828,1234770,0,
B003897,2025-09-02,Consumo,Digital,Otras,748500,24,420000,0.0794,25,847,341655,0,
B003898,2025-08-06,Consumo,Digital,Otras,5609045,60,857714,0.1273,5,848,3922396,0,
B003899,2025-07-17,Automotriz,Digital,Biobío,3597522,36,420000,0.2722,32,745,1496513,0,
B003900,2025-06-27,Automotriz,Digital,Metropolitana,5278596,12,1521483,0.3402,5,761,1333379,0,
B003901,2025-05-10,Tarjeta,Sucursal,Metropolitana,4036358,24,694245,0.29,64,773,2012182,0,
B003902,2025-11-22,Automotriz,Sucursal,Otras,5890213,48,741475,0.1774,30,828,5416701,283,2026-06-20
B003903,2025-09-05,Automotriz,Sucursal,Metropolitana,4236140,60,535240,0.1485,21,854,2644610,17,
B003904,2025-06-24,Consumo,Convenio,Otras,3471847,60,669478,0.1,14,784,2000397,0,
B003905,2025-06-18,Automotriz,Digital,Metropolitana,3220931,18,2037772,0.0966,35,950,1872644,0,
B003906,2025-10-03,Consumo,Convenio,Metropolitana,3334128,18,449570,0.4729,9,682,2147344,261,2027-02-25
B003907,2025-12-10,Consumo,Sucursal,Valparaíso,1704910,60,732507,0.0461,20,832,689476,69,
B003908,2025-04-26,Microempresa,Convenio,Otras,1177083,36,420000,0.0826,23,865,569121,0,
B003909,2025-04-29,Consumo,Sucursal,Metropolitana,6921402,48,955846,0.1815,13,772,4229104,0,
B003910,2025-02-28,Automotriz,Convenio,Valparaíso,1088667,48,614421,0.0391,21,858,471541,0,
B003911,2025-04-25,Consumo,Digital,Metropolitana,2730313,24,671528,0.1854,37,793,1810278,0,
B003912,2025-09-14,Consumo,Sucursal,Metropolitana,3440522,60,808689,0.0815,69,937,2508885,0,
B003913,2025-09-01,Consumo,Digital,Otras,3847500,36,440045,0.284,20,730,2350556,0,
B003914,2025-09-15,Tarjeta,Sucursal,Otras,3248385,36,620315,0.1657,8,767,928098,0,
B003915,2025-11-04,Consumo,Sucursal,Valparaíso,5597484,18,947563,0.3807,6,751,712813,0,
B003916,2025-07-18,Consumo,Sucursal,Valparaíso,1555626,36,516403,0.0957,26,816,1098244,0,
B003917,2025-12-03,Consumo,Digital,Metropolitana,11320487,48,1316356,0.2003,8,820,5572867,63,
B003918,2025-12-13,Consumo,Sucursal,Otras,11294110,24,1297656,0.3974,9,789,4445390,64,
B003919,2025-05-27,Consumo,Sucursal,Metropolitana,1590718,48,428526,0.086,17,783,328089,0,
B003920,2025-05-05,Consumo,Sucursal,Metropolitana,4171123,24,677584,0.2894,21,686,2768622,0,
B003921,2025-09-22,Tarjeta,Digital,Metropolitana,6712694,48,912918,0.1758,31,783,3951020,0,
B003922,2025-10-21,Microempresa,Sucursal,Metropolitana,1816752,60,537344,0.0663,11,894,889011,0,
B003923,2025-09-23,Automotriz,Convenio,Metropolitana,3512542,36,440279,0.2401,13,740,1973357,0,
B003924,2025-02-25,Microempresa,Digital,Valparaíso,4029462,24,592155,0.3156,50,755,954475,0,
B003925,2025-08-09,Tarjeta,Convenio,Metropolitana,2977565,48,424820,0.1615,11,786,998396,0,
B003926,2025-05-18,Consumo,Digital,Metropolitana,1504331,18,420000,0.2176,14,727,994347,0,
B003927,2025-05-08,Microempresa,Convenio,Otras,1993709,24,420000,0.2111,17,713,1011114,0,
B003928,2025-05-15,Consumo,Digital,Otras,9633286,24,1273318,0.3533,20,740,5309042,0,
B003929,2025-06-22,Tarjeta,Sucursal,Metropolitana,1525126,24,1028975,0.074,14,928,1030415,0,
B003930,2025-02-05,Consumo,Sucursal,Biobío,7469234,36,1127905,0.2223,10,842,5891800,0,
B003931,2025-01-01,Consumo,Sucursal,Otras,894150,48,420000,0.0495,15,815,157116,0,
B003932,2025-12-19,Tarjeta,Sucursal,Biobío,3105074,24,420000,0.3428,11,706,566030,0,
B003933,2025-07-06,Consumo,Digital,Biobío,1253983,36,643887,0.0587,15,767,316954,0,
B003934,2025-07-02,Consumo,Digital,Valparaíso,5925008,36,1291640,0.1484,54,950,4271825,0,
B003935,2025-11-23,Consumo,Convenio,Metropolitana,1414794,60,841915,0.0326,12,869,413107,17,
B003936,2025-04-02,Consumo,Digital,Otras,824121,60,448696,0.0342,9,769,605836,0,
B003937,2025-02-22,Microempresa,Convenio,Biobío,5183446,36,642702,0.2712,20,765,2299975,15,
B003938,2025-01-03,Consumo,Convenio,Biobío,1893461,24,721866,0.1263,44,843,1416220,0,
B003939,2025-12-29,Consumo,Digital,Metropolitana,9868601,36,1738364,0.1693,29,877,7790865,0,
B003940,2025-12-21,Consumo,Sucursal,Metropolitana,3072915,60,420000,0.1421,15,763,1444111,0,
B003941,2025-07-25,Consumo,Sucursal,Valparaíso,5239254,60,755775,0.1262,26,818,2474938,0,
B003942,2025-01-11,Tarjeta,Digital,Otras,687938,12,421113,0.162,5,795,285269,0,
B003943,2025-07-07,Tarjeta,Sucursal,Metropolitana,2550524,36,769148,0.0979,32,826,521733,0,
B003944,2025-02-21,Consumo,Sucursal,Otras,3576970,36,486397,0.2389,9,706,3316559,139,2025-07-21
B003945,2025-05-05,Consumo,Digital,Metropolitana,2458430,60,420000,0.1148,9,767,1494595,20,
B003946,2025-06-26,Consumo,Convenio,Otras,2896780,36,623321,0.1445,53,941,2141679,0,
B003947,2025-09-28,Tarjeta,Digital,Metropolitana,3021871,24,429466,0.3239,31,647,926910,0,
B003948,2025-07-21,Tarjeta,Sucursal,Metropolitana,2849293,60,420000,0.1309,14,801,2694488,291,2026-08-15
B003949,2025-06-09,Tarjeta,Digital,Valparaíso,2038188,18,420000,0.2933,43,728,285068,0,
B003950,2025-08-21,Tarjeta,Sucursal,Metropolitana,8948864,18,1272675,0.4298,16,751,2548322,0,
B003951,2025-11-27,Consumo,Convenio,Biobío,938839,48,690302,0.0308,16,789,152154,0,
B003952,2025-09-07,Automotriz,Convenio,Metropolitana,1208112,36,624431,0.064,59,849,707789,0,
B003953,2025-08-02,Consumo,Sucursal,Metropolitana,970851,48,420000,0.0569,19,806,485608,0,
B003954,2025-12-26,Microempresa,Sucursal,Valparaíso,3976238,36,690131,0.188,26,845,1901590,10,
B003955,2025-11-13,Consumo,Sucursal,Otras,1168262,24,529019,0.1016,18,808,700166,77,
B003956,2025-02-05,Tarjeta,Digital,Metropolitana,5663714,12,939520,0.5489,33,637,1728985,0,
B003957,2025-08-22,Tarjeta,Sucursal,Valparaíso,3211131,48,446397,0.1822,21,781,1184585,0,
B003958,2025-04-10,Automotriz,Sucursal,Metropolitana,3005196,24,600403,0.2264,25,719,1670916,90,2025-12-06
B003959,2025-09-06,Consumo,Digital,Metropolitana,3812220,48,702619,0.1205,5,762,2988211,0,
B003960,2025-02-13,Tarjeta,Digital,Metropolitana,3283534,60,420000,0.1541,15,760,1933898,0,
B003961,2025-07-16,Consumo,Digital,Biobío,3913221,18,1129142,0.2286,40,819,997122,0,
B003962,2025-08-06,Tarjeta,Sucursal,Metropolitana,11297938,36,1506507,0.2235,44,943,5395876,0,
B003963,2025-04-13,Tarjeta,Sucursal,Metropolitana,1369223,48,900513,0.0384,19,824,935236,0,
B003964,2025-03-06,Consumo,Sucursal,Otras,2467476,24,657138,0.1831,28,861,621196,0,
B003965,2025-05-08,Consumo,Sucursal,Metropolitana,3415045,36,437604,0.2308,14,733,1236368,0,
B003966,2025-09-29,Tarjeta,Convenio,Valparaíso,1900393,24,618592,0.1479,19,771,1559180,38,
B003967,2025-11-18,Automotriz,Digital,Otras,2124564,12,423842,0.5083,24,620,1905091,90,2026-04-17
B003968,2025-07-07,Consumo,Sucursal,Metropolitana,670483,24,437073,0.0699,16,882,119285,0,
B003969,2025-11-02,Microempresa,Digital,Valparaíso,1050046,24,420000,0.1206,9,754,738251,0,
B003970,2025-05-29,Consumo,Sucursal,Metropolitana,1720814,36,685419,0.0764,56,935,684208,0,
B003971,2025-12-27,Microempresa,Sucursal,Metropolitana,6196194,48,728642,0.2081,20,896,4098368,0,
B003972,2025-09-26,Consumo,Sucursal,Metropolitana,8041526,48,1184159,0.1514,23,901,4820135,51,
B003973,2025-08-20,Consumo,Digital,Otras,1398221,48,420000,0.0801,19,804,386959,0,
B003974,2025-09-19,Consumo,Digital,Metropolitana,5681847,18,931912,0.3818,7,724,3752780,90,2026-01-17
B003975,2025-06-26,Consumo,Digital,Biobío,4438359,18,844016,0.3457,34,785,1481637,0,
B003976,2025-06-20,Consumo,Convenio,Metropolitana,2465410,48,420000,0.1333,43,848,257199,0,
B003977,2025-10-30,Tarjeta,Digital,Otras,4195141,36,699930,0.1832,5,811,3103314,90,2026-10-25
B003978,2025-04-02,Automotriz,Convenio,Metropolitana,5854631,12,740612,0.7802,28,555,4412670,93,2025-06-01
B003979,2025-01-25,Microempresa,Sucursal,Metropolitana,5336728,24,1344878,0.1813,22,927,1320107,0,
B003980,2025-07-31,Consumo,Digital,Valparaíso,1224484,18,911839,0.0841,29,864,720239,0,
B003981,2025-11-02,Tarjeta,Sucursal,Metropolitana,2813037,24,420000,0.2968,29,704,1739119,0,
B003982,2025-06-02,Tarjeta,Digital,Metropolitana,2423205,36,431812,0.1825,8,731,302411,23,
B003983,2025-06-04,Tarjeta,Sucursal,Otras,3855434,36,582121,0.2238,17,766,421124,0,
B003984,2025-11-02,Automotriz,Sucursal,Biobío,2609720,12,721566,0.3407,41,888,571033,0,
B003985,2025-04-06,Tarjeta,Digital,Metropolitana,3980276,24,718818,0.2545,28,761,1205503,0,
B003986,2025-03-05,Microempresa,Sucursal,Biobío,937648,48,454341,0.0466,30,904,393518,0,
B003987,2025-01-27,Tarjeta,Digital,Metropolitana,5251640,18,1015500,0.3186,23,746,3655587,67,
B003988,2025-11-09,Consumo,Convenio,Metropolitana,1413324,18,420000,0.2104,62,874,702750,0,
B003989,2025-11-05,Automotriz,Digital,Otras,3622274,18,894785,0.2685,28,749,2970518,0,
B003990,2025-08-31,Consumo,Convenio,Valparaíso,3042461,24,907628,0.1551,18,844,1169679,0,
B003991,2025-03-03,Tarjeta,Sucursal,Valparaíso,3264661,48,691888,0.1127,30,809,483945,0,
B003992,2025-07-20,Consumo,Digital,Otras,1502260,24,420000,0.17,46,814,285355,0,
B003993,2025-10-24,Consumo,Digital,Biobío,1117021,18,420000,0.1668,54,875,817801,0,
B003994,2025-05-19,Automotriz,Sucursal,Otras,9661216,48,1201897,0.1825,27,817,5849791,90,2025-12-15
B003995,2025-11-03,Consumo,Convenio,Metropolitana,3898481,24,680317,0.2623,76,897,2570126,0,
B003996,2025-09-09,Consumo,Digital,Otras,2568183,36,420000,0.1968,10,737,1901501,136,2026-01-07
B003997,2025-06-14,Microempresa,Digital,Metropolitana,2229984,48,528194,0.1059,6,785,1257535,0,
B003998,2025-02-27,Automotriz,Sucursal,Biobío,1493610,18,420000,0.216,70,886,398339,0,
B003999,2025-06-06,Consumo,Convenio,Otras,2596951,36,420000,0.208,54,766,1968556,125,2025-10-04
B004000,2025-04-14,Consumo,Sucursal,Valparaíso,5222741,48,671450,0.1968,15,821,4055318,0,
B004001,2025-08-24,Automotriz,Sucursal,Biobío,745448,36,570565,0.0399,4,837,159011,0,
B004002,2025-04-30,Tarjeta,Convenio,Otras,3286678,36,420000,0.2568,19,781,542309,0,
B004003,2025-01-07,Consumo,Digital,Otras,2165550,60,722923,0.0556,21,849,1785399,28,
B004004,2025-05-19,Consumo,Convenio,Metropolitana,8226488,60,949944,0.1597,35,826,6112911,6,
B004005,2025-12-09,Consumo,Digital,Otras,1563738,36,574451,0.0821,37,848,225376,0,
B004006,2025-11-01,Tarjeta,Sucursal,Otras,2670309,36,496943,0.1623,60,850,1825018,0,
B004007,2025-07-29,Consumo,Convenio,Metropolitana,1694757,24,607793,0.1238,12,806,380551,16,
B004008,2025-08-29,Automotriz,Digital,Biobío,4220848,36,598143,0.2209,5,707,3968962,174,2026-06-25
B004009,2025-10-22,Consumo,Sucursal,Metropolitana,16195660,36,1840956,0.266,32,881,13690187,0,
B004010,2025-05-31,Tarjeta,Sucursal,Otras,904134,60,683409,0.026,53,863,410879,0,
B004011,2025-07-09,Consumo,Convenio,Metropolitana,3485433,24,671525,0.2466,22,762,2452816,90,2026-01-05
B004012,2025-01-30,Consumo,Digital,Biobío,5152565,48,1792910,0.0664,24,910,2879910,0,
B004013,2025-10-25,Microempresa,Digital,Metropolitana,1575005,48,756175,0.0482,32,894,486748,0,
B004014,2025-09-19,Consumo,Convenio,Valparaíso,699326,60,450742,0.0275,42,922,505991,0,
B004015,2025-11-03,Consumo,Digital,Metropolitana,597810,24,420000,0.0674,20,844,69721,0,
B004016,2025-03-30,Consumo,Digital,Biobío,1157798,24,420000,0.1367,16,815,522856,0,
B004017,2025-06-02,Consumo,Sucursal,Metropolitana,1113194,36,431655,0.0863,21,851,764084,0,
B004018,2025-01-08,Tarjeta,Digital,Metropolitana,2327561,48,420000,0.1266,31,752,1306959,90,2025-03-09
B004019,2025-08-12,Microempresa,Digital,Metropolitana,616207,36,420000,0.0458,25,805,507053,0,
B004020,2025-06-05,Tarjeta,Sucursal,Metropolitana,3052917,60,657929,0.0891,20,801,1491227,0,
B004021,2025-03-19,Automotriz,Digital,Metropolitana,3135919,18,904921,0.222,7,818,2072439,0,
B004022,2025-03-02,Tarjeta,Sucursal,Metropolitana,2173679,36,1060629,0.0681,48,926,1719733,90,2025-06-30
B004023,2025-02-16,Automotriz,Sucursal,Otras,9026679,48,1025458,0.2026,21,905,951160,0,
B004024,2025-07-20,Microempresa,Sucursal,Metropolitana,4496608,36,517058,0.2716,11,751,3913379,231,2025-09-18
B004025,2025-11-21,Consumo,Digital,Metropolitana,5358186,36,667643,0.268,38,800,2021899,0,
B004026,2025-01-22,Tarjeta,Sucursal,Metropolitana,3547072,60,420000,0.1542,11,750,840167,18,
B004027,2025-11-10,Consumo,Sucursal,Otras,9077191,24,1090884,0.4083,23,759,3018261,0,
B004028,2025-03-16,Tarjeta,Sucursal,Otras,2195774,48,1120452,0.0447,7,847,279631,21,
B004029,2025-09-29,Consumo,Convenio,Metropolitana,7356663,36,1626223,0.1379,25,891,967987,0,
B004030,2025-09-15,Consumo,Convenio,Metropolitana,4751677,24,624312,0.3434,34,775,2311866,18,
B004031,2025-07-13,Tarjeta,Sucursal,Otras,4233410,36,778925,0.178,15,767,1851206,0,
B004032,2025-08-06,Consumo,Sucursal,Metropolitana,9591549,24,1144884,0.3972,15,720,5469465,90,2025-11-04
B004033,2025-11-19,Tarjeta,Digital,Biobío,2904592,60,420000,0.1315,7,731,947417,0,
B004034,2025-11-27,Consumo,Sucursal,Metropolitana,5324317,24,1199700,0.2096,7,897,4192255,0,
B004035,2025-09-02,Consumo,Digital,Otras,1363265,36,420000,0.1025,57,886,273304,45,
B004036,2025-11-15,Consumo,Convenio,Biobío,823730,24,420000,0.089,19,793,668302,0,
B004037,2025-04-27,Consumo,Sucursal,Otras,2762387,48,420000,0.1482,25,811,1807769,0,
B004038,2025-08-08,Consumo,Sucursal,Metropolitana,1268000,60,420000,0.0612,70,878,833498,65,
B004039,2025-02-18,Consumo,Convenio,Otras,1578040,48,420000,0.0831,16,818,832984,0,
B004040,2025-04-04,Microempresa,Convenio,Valparaíso,3557588,48,420000,0.2005,14,769,1423712,0,
B004041,2025-01-30,Automotriz,Sucursal,Metropolitana,2212011,48,420000,0.1323,11,748,987315,0,
B004042,2025-03-30,Automotriz,Digital,Biobío,727507,48,420000,0.039,35,851,119702,69,
B004043,2025-01-10,Microempresa,Digital,Metropolitana,3383478,24,829121,0.1881,56,854,2330956,10,
B004044,2025-03-26,Consumo,Sucursal,Valparaíso,1640729,48,420000,0.0958,36,834,237282,0,
B004045,2025-03-11,Automotriz,Convenio,Metropolitana,4979095,24,586719,0.3808,49,832,3372998,90,2026-03-06
B004046,2025-03-28,Consumo,Sucursal,Metropolitana,2372834,18,748938,0.1941,33,866,1524505,0,
B004047,2025-09-22,Tarjeta,Digital,Metropolitana,4301874,36,1377006,0.1037,37,929,1601075,30,
B004048,2025-04-14,Automotriz,Digital,Metropolitana,6838939,60,859862,0.1535,23,844,1256656,29,
B004049,2025-11-08,Consumo,Digital,Biobío,4132066,24,914555,0.2212,12,770,1762766,20,
B004050,2025-07-15,Consumo,Digital,Metropolitana,3239605,18,420000,0.4899,19,608,2666979,100,2025-12-12
B004051,2025-09-21,Automotriz,Sucursal,Metropolitana,1290614,36,435874,0.0923,13,834,838446,0,
B004052,2025-08-21,Microempresa,Digital,Metropolitana,5337182,18,682345,0.4905,29,672,791480,0,
B004053,2025-01-03,Automotriz,Sucursal,Otras,3338852,24,824282,0.199,6,799,2377328,0,
B004054,2025-03-18,Automotriz,Digital,Metropolitana,5848214,60,777044,0.1485,30,849,865347,0,
B004055,2025-05-18,Consumo,Digital,Otras,3231897,48,420000,0.1754,39,755,1640724,0,
B004056,2025-03-08,Tarjeta,Sucursal,Metropolitana,6486431,60,743030,0.1749,38,803,3833841,343,2026-10-29
B004057,2025-03-09,Consumo,Digital,Metropolitana,3170256,60,875474,0.067,11,853,2491943,0,
B004058,2025-11-16,Consumo,Sucursal,Otras,4170796,36,2355864,0.057,14,950,1035972,0,
B004059,2025-11-16,Microempresa,Digital,Valparaíso,4195755,18,757395,0.3591,44,753,1398055,0,
B004060,2025-02-22,Consumo,Digital,Metropolitana,2289317,36,869376,0.0786,15,849,435457,32,
B004061,2025-02-07,Consumo,Digital,Otras,3098772,60,484574,0.1288,24,723,1260118,0,
B004062,2025-09-12,Automotriz,Digital,Valparaíso,1690078,24,420000,0.1866,3,744,201972,0,
B004063,2025-08-02,Consumo,Digital,Metropolitana,2023834,24,463927,0.2125,29,770,402701,0,
B004064,2025-01-05,Consumo,Convenio,Metropolitana,10471615,36,2059934,0.1721,55,916,4253320,0,
B004065,2025-01-31,Consumo,Digital,Metropolitana,3256947,24,420000,0.3613,24,692,1995820,0,
B004066,2025-05-20,Consumo,Sucursal,Metropolitana,1121784,24,692751,0.078,15,826,760117,0,
B004067,2025-03-20,Consumo,Sucursal,Biobío,8903712,18,1028152,0.5852,18,707,6404598,0,
B004068,2025-08-12,Tarjeta,Convenio,Metropolitana,2584605,36,538633,0.1443,17,750,2155418,90,2026-04-09
B004069,2025-12-21,Microempresa,Digital,Otras,3796600,48,491523,0.1786,9,714,1414317,0,
B004070,2025-09-26,Consumo,Sucursal,Metropolitana,2350302,18,910170,0.1633,26,874,1041887,0,
B004071,2025-01-28,Tarjeta,Sucursal,Metropolitana,523111,48,420000,0.0306,32,896,418605,0,
B004072,2025-09-19,Microempresa,Sucursal,Biobío,1886498,36,527028,0.1078,23,828,795984,0,
B004073,2025-08-15,Automotriz,Digital,Otras,3351882,24,793372,0.2066,16,796,436854,0,
B004074,2025-04-17,Consumo,Convenio,Otras,2573152,60,771669,0.0616,42,950,1297710,0,
B004075,2025-02-08,Tarjeta,Convenio,Otras,2543568,18,1214886,0.1378,21,882,780131,0,
B004076,2025-11-28,Tarjeta,Sucursal,Otras,1029244,48,420000,0.0587,6,796,446139,0,
B004077,2025-04-30,Automotriz,Sucursal,Metropolitana,5168616,60,601848,0.1703,21,887,3965089,0,
B004078,2025-10-31,Tarjeta,Digital,Metropolitana,3437927,18,423650,0.545,11,561,2007678,90,2026-12-25
B004079,2025-06-09,Consumo,Digital,Metropolitana,3807337,24,570382,0.334,15,752,2091768,0,
B004080,2025-01-05,Consumo,Digital,Metropolitana,3148297,36,432723,0.2152,28,807,1714584,0,
B004081,2025-02-11,Automotriz,Digital,Metropolitana,1386308,12,494811,0.2643,20,733,1252363,176,2025-09-09
B004082,2025-12-15,Consumo,Sucursal,Valparaíso,4210077,24,960420,0.2042,7,792,699320,0,
B004083,2025-07-01,Consumo,Digital,Metropolitana,1933465,12,420000,0.4156,29,664,657591,0,
B004084,2025-10-10,Consumo,Digital,Otras,2318843,36,437661,0.1581,12,768,1583116,151,2025-12-09
B004085,2025-01-04,Tarjeta,Digital,Metropolitana,1191894,60,717712,0.0308,27,855,900457,0,
B004086,2025-12-06,Tarjeta,Sucursal,Otras,2397636,60,514148,0.0826,13,763,1498264,231,2026-08-03
B004087,2025-09-07,Consumo,Digital,Valparaíso,5144935,60,582609,0.1652,18,768,3209708,0,
B004088,2025-09-29,Microempresa,Digital,Metropolitana,8106201,48,944501,0.1999,12,774,1006287,0,
B004089,2025-10-06,Consumo,Sucursal,Metropolitana,583507,18,432074,0.0837,18,819,370263,0,
B004090,2025-01-30,Tarjeta,Digital,Biobío,1769309,12,426781,0.384,12,614,695807,0,
B004091,2025-01-16,Tarjeta,Digital,Metropolitana,3361976,60,420000,0.1457,27,839,2311575,0,
B004092,2025-08-12,Consumo,Digital,Biobío,2140459,36,560527,0.1256,12,801,1434127,0,
B004093,2025-05-30,Consumo,Digital,Metropolitana,3210471,36,527354,0.1936,42,793,2435975,0,
B004094,2025-10-03,Tarjeta,Digital,Metropolitana,1884036,48,509631,0.086,11,757,872302,0,
B004095,2025-07-13,Automotriz,Convenio,Metropolitana,2723935,36,875822,0.1025,18,881,383815,0,
B004096,2025-01-05,Consumo,Digital,Metropolitana,3830356,60,446841,0.166,11,801,2485194,0,
B004097,2025-07-22,Tarjeta,Digital,Metropolitana,1281429,36,420000,0.0947,16,809,152474,0,
B004098,2025-12-06,Consumo,Convenio,Metropolitana,5623582,24,684254,0.4007,21,748,1543073,75,
B004099,2025-12-06,Automotriz,Digital,Metropolitana,2813458,36,420000,0.2143,15,777,1262728,0,
B004100,2025-11-15,Tarjeta,Digital,Metropolitana,1342791,12,420000,0.3081,48,752,1118859,0,
B004101,2025-07-17,Consumo,Sucursal,Valparaíso,5380049,36,903553,0.1832,31,823,4038337,0,
B004102,2025-05-08,Consumo,Sucursal,Otras,3540162,48,420000,0.2043,14,798,3234419,98,2026-06-02
B004103,2025-12-09,Tarjeta,Sucursal,Metropolitana,8781489,36,1513932,0.1793,10,816,949683,0,
B004104,2025-01-28,Consumo,Sucursal,Otras,10493424,36,2271445,0.1501,16,897,8505886,0,
B004105,2025-12-06,Tarjeta,Digital,Otras,3750560,36,474274,0.2352,4,708,2894441,90,2026-03-06
B004106,2025-04-22,Consumo,Sucursal,Biobío,4138126,24,1083256,0.1784,20,849,2312423,0,
B004107,2025-11-17,Consumo,Digital,Metropolitana,5077430,24,623076,0.4068,29,718,1523251,0,
B004108,2025-01-24,Automotriz,Convenio,Metropolitana,2613792,24,800792,0.159,55,859,1483820,0,
B004109,2025-04-17,Consumo,Digital,Metropolitana,1007475,24,545915,0.0935,31,880,624864,0,
B004110,2025-10-27,Consumo,Sucursal,Metropolitana,3811452,24,1044997,0.1629,8,763,1723058,33,
B004111,2025-03-19,Consumo,Convenio,Metropolitana,7006321,48,1087988,0.1569,13,860,4348852,0,
B004112,2025-12-15,Microempresa,Sucursal,Metropolitana,3269536,36,420000,0.263,9,743,1377049,0,
B004113,2025-05-21,Microempresa,Convenio,Otras,594459,48,426155,0.0328,5,875,338216,0,
B004114,2025-12-30,Consumo,Digital,Biobío,5203387,48,680452,0.1911,68,852,3862089,0,
B004115,2025-09-23,Microempresa,Digital,Metropolitana,4456553,12,547107,0.7237,20,579,3156038,101,2025-12-22
B004116,2025-10-27,Tarjeta,Sucursal,Otras,2753688,36,959951,0.0939,37,829,414448,47,
B004117,2025-09-07,Tarjeta,Convenio,Valparaíso,1203526,48,709097,0.043,96,950,746205,0,
B004118,2025-12-18,Consumo,Digital,Metropolitana,4758431,24,665122,0.3467,20,687,3792458,0,
B004119,2025-07-12,Automotriz,Digital,Metropolitana,3067834,48,420000,0.1676,19,783,1549578,0,
B004120,2025-12-03,Consumo,Sucursal,Valparaíso,3366617,24,610833,0.255,14,735,632288,0,
B004121,2025-11-20,Tarjeta,Digital,Valparaíso,2514252,36,523579,0.1543,13,766,1824765,80,
B004122,2025-01-29,Tarjeta,Sucursal,Metropolitana,3623007,60,420000,0.173,40,804,586107,0,
B004123,2025-12-10,Consumo,Digital,Valparaíso,872679,36,472291,0.0621,40,876,451853,0,
B004124,2025-12-03,Automotriz,Digital,Metropolitana,3888073,36,683329,0.1812,8,729,2118330,0,
B004125,2025-02-08,Tarjeta,Sucursal,Biobío,16180747,24,2412582,0.3031,11,785,11307974,0,
B004126,2025-02-21,Consumo,Digital,Biobío,4989331,48,636782,0.1954,37,730,1994440,20,
B004127,2025-10-15,Tarjeta,Sucursal,Metropolitana,1605755,48,969377,0.0371,35,920,239827,0,
B004128,2025-09-28,Tarjeta,Digital,Valparaíso,2834319,24,592715,0.217,16,742,1076363,0,
B004129,2025-11-05,Automotriz,Digital,Otras,5070119,24,740207,0.3385,10,713,4360380,90,2026-08-02
B004130,2025-07-18,Microempresa,Digital,Valparaíso,2510516,36,443902,0.1873,18,764,1829677,308,2025-11-15
B004131,2025-11-29,Tarjeta,Digital,Metropolitana,1600814,24,881826,0.0892,11,779,911057,90,2026-01-28
B004132,2025-08-09,Consumo,Digital,Otras,6275609,12,908228,0.6767,31,597,1004150,0,
B004133,2025-08-20,Automotriz,Sucursal,Metropolitana,1311936,48,451250,0.0653,1,824,784112,0,
B004134,2025-05-08,Consumo,Digital,Metropolitana,2323767,36,602795,0.1163,15,806,1928118,76,
B004135,2025-02-13,Consumo,Sucursal,Metropolitana,3441887,36,420000,0.2624,30,785,2383671,0,
B004136,2025-04-17,Consumo,Digital,Valparaíso,3880959,36,549740,0.2253,11,761,611199,0,
B004137,2025-01-03,Tarjeta,Digital,Metropolitana,1400582,48,420000,0.0795,7,739,751602,0,
B004138,2025-09-25,Consumo,Digital,Biobío,3489013,60,420000,0.1501,18,791,1500992,0,
B004139,2025-03-14,Consumo,Digital,Metropolitana,3712531,60,420000,0.1744,16,770,2679297,0,
B004140,2025-06-30,Consumo,Sucursal,Metropolitana,2165549,18,634039,0.2236,35,810,701677,77,
B004141,2025-05-25,Automotriz,Sucursal,Biobío,3151369,36,470608,0.2052,5,725,2173446,441,2026-02-19
B004142,2025-01-02,Automotriz,Sucursal,Otras,957125,48,712827,0.0321,5,913,518914,0,
B004143,2025-05-30,Consumo,Sucursal,Metropolitana,1377968,60,420000,0.0641,10,808,551681,42,
B004144,2025-03-14,Consumo,Digital,Valparaíso,2302739,48,420000,0.1385,26,834,1241386,0,
B004145,2025-05-07,Tarjeta,Digital,Metropolitana,2687172,60,503281,0.1086,13,766,513778,4,
B004146,2025-12-08,Automotriz,Sucursal,Biobío,850211,24,500112,0.0798,24,810,438599,0,
B004147,2025-06-19,Tarjeta,Convenio,Biobío,8795987,60,1404303,0.1228,20,837,5344015,0,
B004148,2025-06-26,Microempresa,Digital,Metropolitana,2171626,48,439214,0.1119,13,794,467741,0,
B004149,2025-04-13,Consumo,Digital,Otras,10654995,36,1672082,0.1892,17,821,6236188,0,
B004150,2025-09-15,Automotriz,Convenio,Otras,2694295,48,420000,0.1423,55,877,1542209,91,2025-12-14
B004151,2025-02-05,Automotriz,Convenio,Metropolitana,2773160,48,575571,0.1167,18,808,1373027,0,
B004152,2025-12-24,Microempresa,Digital,Metropolitana,1390731,48,420000,0.083,24,829,568255,0,
B004153,2025-11-25,Tarjeta,Sucursal,Biobío,4940419,24,699164,0.3505,38,734,1955024,0,
B004154,2025-03-14,Consumo,Digital,Otras,958636,18,746075,0.0862,40,803,270620,0,
B004155,2025-04-03,Consumo,Sucursal,Metropolitana,4721036,18,652170,0.4383,23,661,480089,0,
B004156,2025-11-08,Tarjeta,Convenio,Valparaíso,8513434,12,1381864,0.5878,54,781,2414394,7,
B004157,2025-02-09,Consumo,Sucursal,Metropolitana,3409064,60,420000,0.1546,26,790,2315186,0,
B004158,2025-04-25,Microempresa,Sucursal,Biobío,4036127,48,779884,0.1202,23,893,2553551,0,
B004159,2025-07-25,Consumo,Sucursal,Otras,8850492,48,1042874,0.2156,34,861,5222816,0,
B004160,2025-05-16,Tarjeta,Sucursal,Otras,5846891,36,818499,0.2246,32,809,2537036,0,
B004161,2025-06-04,Consumo,Digital,Metropolitana,5917353,48,1252409,0.1047,24,844,2883165,0,
B004162,2025-02-22,Consumo,Digital,Otras,3695723,36,443030,0.2497,3,692,2650711,206,2025-04-23
B004163,2025-08-03,Microempresa,Sucursal,Valparaíso,3414654,24,650967,0.2659,32,813,1781339,0,
B004164,2025-11-17,Automotriz,Sucursal,Metropolitana,2253438,48,420000,0.1257,9,733,991339,0,
B004165,2025-06-17,Automotriz,Digital,Metropolitana,7891573,36,1253614,0.2062,27,841,4802127,0,
B004166,2025-09-16,Automotriz,Digital,Metropolitana,1451058,24,645704,0.1115,18,830,403713,0,
B004167,2025-07-18,Tarjeta,Digital,Metropolitana,2427158,24,420000,0.2554,22,793,989293,68,
B004168,2025-11-15,Microempresa,Convenio,Metropolitana,639360,12,420000,0.1478,15,745,248582,0,
B004169,2025-02-13,Consumo,Sucursal,Metropolitana,14363869,36,1711477,0.2749,21,790,5227674,0,
B004170,2025-02-03,Consumo,Sucursal,Metropolitana,4567440,18,868495,0.3558,14,747,995242,0,
B004171,2025-12-05,Tarjeta,Sucursal,Otras,11456620,36,1748793,0.2116,22,811,8470651,0,
B004172,2025-04-16,Consumo,Sucursal,Valparaíso,2738348,24,691105,0.1861,3,898,898086,0,
B004173,2025-06-29,Tarjeta,Convenio,Metropolitana,3901839,12,817596,0.4484,16,686,2331099,0,
B004174,2025-11-30,Consumo,Sucursal,Metropolitana,2026800,36,490156,0.1237,18,822,1534514,0,
B004175,2025-11-07,Tarjeta,Convenio,Metropolitana,8329675,24,1367792,0.2888,9,784,5676218,0,
B004176,2025-10-31,Consumo,Sucursal,Metropolitana,3508351,48,1204576,0.0729,17,846,2549607,0,
B004177,2025-10-06,Consumo,Sucursal,Metropolitana,3552991,24,544143,0.3181,35,731,2000463,0,
B004178,2025-03-03,Automotriz,Sucursal,Valparaíso,789187,36,501065,0.049,51,914,295152,0,
B004179,2025-03-16,Consumo,Convenio,Otras,3247269,48,420000,0.1821,12,836,1244191,0,
B004180,2025-09-08,Consumo,Sucursal,Metropolitana,3386112,48,514788,0.1472,37,850,841719,0,
B004181,2025-06-22,Microempresa,Digital,Valparaíso,899292,60,525106,0.0336,7,843,173142,0,
B004182,2025-06-26,Consumo,Digital,Otras,5439369,24,1357084,0.182,21,795,2379565,39,
B004183,2025-09-12,Consumo,Digital,Otras,639515,48,420000,0.0352,17,834,145992,0,
B004184,2025-04-07,Tarjeta,Sucursal,Valparaíso,6441701,36,982410,0.2178,67,844,2748527,0,
B004185,2025-10-27,Tarjeta,Sucursal,Biobío,1193511,24,681799,0.0787,17,884,500037,0,
B004186,2025-01-07,Consumo,Convenio,Biobío,2831908,36,420000,0.2119,22,756,1610840,0,
B004187,2025-04-15,Automotriz,Sucursal,Metropolitana,618389,60,420000,0.0285,29,800,497872,0,
B004188,2025-07-11,Consumo,Convenio,Valparaíso,2199124,24,1037308,0.1033,17,835,1427390,0,
B004189,2025-07-04,Consumo,Convenio,Otras,740369,48,420000,0.0442,12,774,541143,0,
B004190,2025-05-09,Consumo,Sucursal,Metropolitana,3055648,48,544921,0.133,32,814,2882171,148,2026-02-03
B004191,2025-12-07,Microempresa,Sucursal,Valparaíso,3558224,36,420000,0.2514,22,793,2271192,0,
B004192,2025-08-25,Microempresa,Sucursal,Metropolitana,3909479,48,790327,0.1145,18,870,707261,0,
B004193,2025-12-25,Automotriz,Digital,Metropolitana,5593207,24,2054433,0.1343,17,885,615509,0,
B004194,2025-09-19,Automotriz,Digital,Valparaíso,3989297,48,518068,0.1796,43,783,1849494,0,
B004195,2025-01-03,Consumo,Digital,Metropolitana,2371300,24,624857,0.1916,14,813,1246587,0,
B004196,2025-04-23,Consumo,Digital,Valparaíso,1065739,18,454410,0.153,8,822,877665,0,
B004197,2025-06-13,Consumo,Sucursal,Metropolitana,876924,48,629410,0.0342,3,874,129209,0,
B004198,2025-06-18,Microempresa,Digital,Metropolitana,3241531,36,512213,0.1908,33,796,1064283,0,
B004199,2025-06-20,Automotriz,Sucursal,Valparaíso,4195554,18,673239,0.4223,8,654,3985845,505,2026-08-14
B004200,2025-05-06,Microempresa,Sucursal,Valparaíso,2287009,24,433262,0.2615,7,671,282337,0,
B004201,2025-08-13,Tarjeta,Digital,Valparaíso,12675026,36,1679237,0.2231,43,823,5859388,0,
B004202,2025-05-24,Consumo,Convenio,Metropolitana,3758051,36,808305,0.1466,20,797,800832,0,
B004203,2025-02-04,Microempresa,Convenio,Metropolitana,3164635,60,515389,0.1224,22,875,489073,0,
B004204,2025-04-01,Consumo,Digital,Otras,6407847,36,881163,0.2273,31,769,2168562,50,
B004205,2025-01-23,Consumo,Convenio,Metropolitana,1975533,36,420000,0.148,26,787,496023,0,
B004206,2025-12-04,Consumo,Digital,Otras,1597683,60,672098,0.0466,25,836,215831,0,
B004207,2025-08-10,Consumo,Convenio,Metropolitana,2298879,18,684224,0.2104,33,810,899639,0,
B004208,2025-05-21,Consumo,Digital,Metropolitana,9269106,36,1032522,0.2673,17,808,3788764,0,
B004209,2025-05-13,Consumo,Sucursal,Otras,12080157,36,1394141,0.264,19,844,6559067,0,
B004210,2025-08-01,Automotriz,Digital,Biobío,6822491,36,1409129,0.1531,14,778,3921456,50,
B004211,2025-03-19,Microempresa,Sucursal,Biobío,5848488,36,895057,0.2057,20,818,2998479,0,
B004212,2025-06-29,Consumo,Sucursal,Otras,1514576,48,443971,0.0839,14,810,823935,0,
B004213,2025-03-12,Tarjeta,Sucursal,Metropolitana,2298739,36,588553,0.1247,23,814,800094,0,
B004214,2025-05-08,Consumo,Convenio,Biobío,7839786,60,1034614,0.1475,9,814,6842273,448,2026-05-03
B004215,2025-09-24,Consumo,Sucursal,Metropolitana,11856181,24,1737419,0.315,23,781,6160535,0,
B004216,2025-08-23,Consumo,Convenio,Metropolitana,5047436,48,999880,0.1185,8,903,577587,0,
B004217,2025-11-24,Consumo,Sucursal,Valparaíso,2574726,18,488039,0.339,57,768,659104,0,
B004218,2025-05-05,Consumo,Sucursal,Otras,5130357,24,608141,0.4056,26,727,2090875,0,
B004219,2025-06-24,Microempresa,Digital,Otras,2635244,18,987171,0.1679,17,833,619275,0,
B004220,2025-12-14,Consumo,Digital,Otras,1747389,24,569068,0.15,15,792,276179,0,
B004221,2025-03-22,Consumo,Digital,Metropolitana,4202267,36,965502,0.13,50,908,999592,0,
B004222,2025-01-03,Automotriz,Sucursal,Biobío,1531566,12,420000,0.3254,11,696,363234,56,
B004223,2025-11-14,Consumo,Digital,Metropolitana,1456594,18,687650,0.1322,18,856,1163947,47,
B004224,2025-12-02,Automotriz,Sucursal,Metropolitana,1255790,36,420000,0.0915,19,793,540996,0,
B004225,2025-05-21,Consumo,Sucursal,Metropolitana,1511259,36,608979,0.0743,50,856,942843,132,2027-01-11
B004226,2025-11-26,Tarjeta,Sucursal,Valparaíso,4955384,24,868410,0.2588,9,738,760726,3,
B004227,2025-12-02,Automotriz,Sucursal,Otras,1506474,18,435448,0.2189,26,747,555108,0,
B004228,2025-01-19,Consumo,Digital,Metropolitana,7181327,36,1477913,0.1433,27,851,3319174,0,
B004229,2025-08-22,Consumo,Sucursal,Metropolitana,1032651,48,507592,0.0487,61,911,323173,0,
B004230,2025-06-01,Automotriz,Convenio,Biobío,5447900,48,639428,0.2135,27,798,747456,0,
B004231,2025-11-19,Microempresa,Sucursal,Biobío,3005956,36,478096,0.2124,11,747,2441106,0,
B004232,2025-03-30,Tarjeta,Sucursal,Otras,2951550,24,572495,0.2305,27,750,625397,0,
B004233,2025-08-19,Automotriz,Digital,Biobío,6479818,24,746341,0.3992,17,750,2173987,0,
B004234,2025-09-21,Consumo,Sucursal,Metropolitana,3114564,60,444183,0.1332,17,785,2639784,92,2026-10-16
B004235,2025-09-24,Consumo,Digital,Otras,10041339,18,1268147,0.5271,39,718,5788085,0,
B004236,2025-07-18,Consumo,Digital,Biobío,2668926,24,497358,0.2408,24,692,1562108,0,
B004237,2025-06-21,Automotriz,Sucursal,Metropolitana,2818292,36,420000,0.2233,25,794,2103836,92,2026-01-17
B004238,2025-06-19,Consumo,Convenio,Metropolitana,9219045,36,1113955,0.2748,86,808,6345651,20,
B004239,2025-01-13,Automotriz,Sucursal,Otras,4202012,36,490148,0.2834,6,709,2329486,0,
B004240,2025-02-01,Tarjeta,Digital,Metropolitana,5249848,60,607615,0.173,13,734,2682521,0,
B004241,2025-03-25,Consumo,Sucursal,Biobío,4346281,36,528495,0.2738,15,738,3357975,0,
B004242,2025-03-01,Consumo,Sucursal,Metropolitana,1414297,36,420000,0.1023,22,803,1116793,68,
B004243,2025-09-16,Consumo,Sucursal,Metropolitana,3126973,60,420000,0.1464,17,790,2361752,0,
B004244,2025-01-31,Microempresa,Convenio,Metropolitana,3279515,36,1000789,0.1091,11,857,2024896,83,
B004245,2025-12-06,Tarjeta,Sucursal,Valparaíso,2824947,24,508274,0.2552,19,727,1590570,129,2026-10-02
B004246,2025-07-12,Consumo,Convenio,Metropolitana,2069493,24,839574,0.1186,22,846,670948,0,
B004247,2025-05-06,Tarjeta,Sucursal,Otras,2368307,48,671991,0.0837,4,821,1424146,0,
B004248,2025-05-31,Consumo,Sucursal,Metropolitana,6810075,24,1460111,0.2186,12,871,5108030,0,
B004249,2025-02-14,Automotriz,Sucursal,Valparaíso,2488211,36,679806,0.1156,10,819,1437113,43,
B004250,2025-12-01,Consumo,Sucursal,Valparaíso,3182291,48,1024006,0.0758,25,874,1790203,0,
B004251,2025-07-27,Automotriz,Convenio,Metropolitana,1017550,48,490139,0.0514,19,866,802169,0,
B004252,2025-10-31,Consumo,Sucursal,Otras,5165601,18,1261994,0.2447,7,827,3945832,0,
B004253,2025-05-03,Consumo,Sucursal,Metropolitana,3974316,36,2027373,0.0662,11,950,1050950,0,
B004254,2025-06-25,Consumo,Digital,Otras,3121267,48,420000,0.1645,27,759,2423511,0,
B004255,2025-10-04,Automotriz,Sucursal,Metropolitana,2779419,36,420000,0.203,15,808,808722,0,
B004256,2025-05-10,Tarjeta,Convenio,Metropolitana,6006949,24,838312,0.337,66,808,2789201,0,
B004257,2025-01-09,Tarjeta,Convenio,Metropolitana,3592538,36,434093,0.2519,30,724,2565694,0,
B004258,2025-06-23,Automotriz,Digital,Metropolitana,1004349,36,458279,0.0677,25,808,403640,0,
B004259,2025-05-09,Tarjeta,Digital,Biobío,4151632,48,1055375,0.0894,9,817,1199386,0,
B004260,2025-02-23,Automotriz,Digital,Otras,701163,36,420000,0.0532,33,851,261470,0,
B004261,2025-03-29,Automotriz,Digital,Metropolitana,3871510,36,993747,0.1169,24,891,833377,0,
B004262,2025-10-12,Microempresa,Sucursal,Biobío,2293784,36,420000,0.1819,12,805,570194,0,
B004263,2025-12-04,Automotriz,Digital,Valparaíso,835260,36,420000,0.0605,15,804,109681,0,
B004264,2025-09-17,Tarjeta,Digital,Otras,532672,24,420000,0.0631,11,781,64637,56,
B004265,2025-06-18,Automotriz,Sucursal,Otras,1145005,36,735483,0.0476,29,875,490245,0,
B004266,2025-11-01,Automotriz,Convenio,Metropolitana,5827157,36,962224,0.1961,50,915,1221426,0,
B004267,2025-02-25,Tarjeta,Sucursal,Metropolitana,2864331,36,420000,0.2296,18,714,1782588,0,
B004268,2025-10-02,Consumo,Digital,Metropolitana,1047201,48,475406,0.049,58,919,780896,0,
B004269,2025-01-19,Tarjeta,Sucursal,Valparaíso,2150524,36,420000,0.157,9,740,1663749,0,
B004270,2025-09-28,Consumo,Digital,Metropolitana,1767479,48,420000,0.0964,13,736,1494009,0,
B004271,2025-01-15,Consumo,Digital,Metropolitana,1951535,24,420000,0.2216,38,808,1410341,47,
B004272,2025-07-25,Consumo,Digital,Otras,3094335,36,632828,0.1544,20,835,1864732,0,
B004273,2025-12-19,Consumo,Digital,Metropolitana,1830151,36,420000,0.1403,30,844,1472789,0,
B004274,2025-12-12,Consumo,Convenio,Metropolitana,753225,24,420000,0.0859,24,796,599329,0,
B004275,2025-03-23,Microempresa,Convenio,Otras,3852782,36,2312378,0.0558,15,950,1609597,0,
B004276,2025-10-10,Consumo,Digital,Metropolitana,783517,60,420000,0.0339,6,785,132451,0,
B004277,2025-03-01,Consumo,Digital,Otras,1775201,36,501344,0.106,18,797,486600,0,
B004278,2025-09-22,Consumo,Digital,Biobío,1464687,60,439618,0.0651,4,772,967420,0,
B004279,2025-02-23,Consumo,Sucursal,Biobío,2345024,24,563372,0.2019,23,756,878637,0,
B004280,2025-04-10,Consumo,Convenio,Otras,4323157,36,903043,0.1554,38,853,3145516,0,
B004281,2025-04-12,Consumo,Sucursal,Metropolitana,1457934,48,507117,0.0687,10,782,399665,34,
B004282,2025-04-09,Consumo,Digital,Metropolitana,2839989,24,420000,0.3195,26,669,966325,0,
B004283,2025-05-06,Automotriz,Convenio,Otras,7561322,36,938915,0.2412,16,816,4413327,39,
B004284,2025-02-26,Consumo,Digital,Biobío,2058103,12,420000,0.4405,10,655,499496,0,
B004285,2025-03-24,Consumo,Sucursal,Metropolitana,1020086,12,420000,0.2435,15,736,837423,0,
B004286,2025-06-15,Consumo,Convenio,Metropolitana,4488610,36,514769,0.2586,34,759,1414955,72,
B004287,2025-12-17,Consumo,Sucursal,Biobío,3744274,24,420000,0.4018,20,649,1388501,0,
B004288,2025-11-26,Microempresa,Convenio,Valparaíso,2315659,36,672558,0.1031,62,899,1919777,0,
B004289,2025-10-01,Automotriz,Digital,Otras,2838086,24,530213,0.2566,11,727,2151894,124,2025-11-30
B004290,2025-11-30,Consumo,Digital,Otras,6300976,36,1312198,0.1612,12,823,3505749,77,
B004291,2025-08-17,Automotriz,Convenio,Metropolitana,3198529,18,420000,0.463,22,664,1778688,78,
B004292,2025-11-24,Consumo,Sucursal,Valparaíso,1092910,36,420000,0.0771,26,910,869282,0,
B004293,2025-11-16,Consumo,Digital,Valparaíso,7298426,18,862298,0.5577,12,561,4943316,0,
B004294,2025-07-01,Automotriz,Digital,Biobío,1426959,48,754914,0.0446,18,865,709750,0,
B004295,2025-02-21,Tarjeta,Sucursal,Metropolitana,4849861,24,807742,0.2903,23,727,3254413,130,2026-03-18
B004296,2025-02-06,Consumo,Sucursal,Otras,2237892,18,582597,0.2437,20,788,1867769,0,
B004297,2025-04-19,Automotriz,Sucursal,Valparaíso,3344947,36,420000,0.2614,11,790,2802880,86,
B004298,2025-08-21,Automotriz,Digital,Metropolitana,9280047,48,1512782,0.1368,64,938,3491123,50,
B004299,2025-11-02,Tarjeta,Convenio,Metropolitana,2975259,36,754520,0.1283,17,844,2520274,0,
B004300,2025-10-21,Automotriz,Convenio,Valparaíso,2367184,36,764449,0.1046,20,862,1966774,0,
B004301,2025-06-30,Automotriz,Digital,Valparaíso,2028738,48,869358,0.0593,10,810,480043,78,
B004302,2025-01-28,Consumo,Digital,Metropolitana,6229162,60,747954,0.1587,41,885,3295397,0,
B004303,2025-09-14,Consumo,Digital,Otras,3028006,24,420000,0.341,27,741,415732,0,
B004304,2025-06-24,Consumo,Convenio,Metropolitana,4492018,24,799129,0.2627,24,806,833295,0,
B004305,2025-10-07,Automotriz,Convenio,Metropolitana,2248370,48,667291,0.0792,14,885,978410,0,
B004306,2025-09-13,Consumo,Convenio,Otras,7780946,36,1041816,0.2475,28,838,4610528,0,
B004307,2025-11-24,Tarjeta,Convenio,Biobío,2647283,36,420000,0.2094,15,729,2449085,90,2026-01-23
B004308,2025-06-15,Tarjeta,Digital,Otras,2682653,48,420000,0.1539,6,684,2148160,136,2026-03-12
B004309,2025-09-24,Tarjeta,Convenio,Metropolitana,2693231,36,420000,0.2038,18,787,467674,0,
B004310,2025-07-13,Consumo,Sucursal,Biobío,3352002,36,979869,0.1108,15,878,1818005,0,
B004311,2025-03-11,Tarjeta,Sucursal,Valparaíso,863215,24,420000,0.092,17,810,323691,0,
B004312,2025-07-14,Tarjeta,Digital,Metropolitana,2281331,24,1283464,0.0897,18,864,348866,0,
B004313,2025-09-20,Tarjeta,Sucursal,Metropolitana,1567511,36,847875,0.0625,13,847,912501,0,
B004314,2025-09-29,Automotriz,Sucursal,Otras,8914599,24,1621650,0.2495,15,764,7278495,75,
B004315,2025-05-28,Consumo,Sucursal,Metropolitana,5469753,48,672761,0.1893,14,776,4466046,0,
B004316,2025-02-11,Consumo,Digital,Metropolitana,1788144,24,420000,0.196,16,744,1071580,90,2025-09-09
B004317,2025-09-16,Consumo,Sucursal,Metropolitana,3572849,48,420000,0.2137,42,837,2227210,0,
B004318,2025-02-03,Tarjeta,Digital,Metropolitana,2166033,36,1363347,0.0501,18,895,970102,0,
B004319,2025-04-13,Consumo,Convenio,Biobío,1097559,60,874565,0.0251,15,888,880142,0,
B004320,2025-05-13,Consumo,Digital,Metropolitana,5365507,24,612238,0.41,26,703,3324760,0,
B004321,2025-02-28,Automotriz,Sucursal,Biobío,3494088,60,420000,0.1642,22,774,1199529,0,
B004322,2025-05-08,Consumo,Sucursal,Otras,10653104,60,1477602,0.1349,30,881,7655317,0,
B004323,2025-11-06,Consumo,Digital,Otras,578010,24,420000,0.0617,32,897,223860,0,
B004324,2025-07-15,Microempresa,Digital,Biobío,1233700,24,702188,0.0807,16,866,504648,0,
B004325,2025-04-22,Automotriz,Sucursal,Otras,3134243,24,480983,0.2971,17,742,1827217,90,2026-02-16
B004326,2025-12-03,Consumo,Convenio,Metropolitana,4799354,24,1097916,0.2128,10,755,735223,0,
B004327,2025-07-15,Consumo,Sucursal,Otras,4484184,24,743225,0.2822,12,756,2859051,0,
B004328,2025-11-15,Consumo,Digital,Otras,3696519,36,909889,0.1239,47,931,588361,36,
B004329,2025-04-19,Consumo,Convenio,Metropolitana,3163129,24,420000,0.3524,32,699,696462,79,
B004330,2025-08-26,Tarjeta,Digital,Metropolitana,4084482,12,552627,0.7302,40,625,2837204,90,2027-04-18
B004331,2025-11-07,Consumo,Sucursal,Valparaíso,1773583,60,889730,0.0372,29,905,1112228,0,
B004332,2025-04-22,Tarjeta,Digital,Metropolitana,2540922,60,702007,0.0724,21,818,1867386,0,
B004333,2025-04-01,Consumo,Convenio,Biobío,1057468,12,472088,0.2011,13,827,348137,0,
B004334,2025-05-10,Microempresa,Digital,Valparaíso,3739645,24,420000,0.4065,19,635,3474703,201,2025-12-06
B004335,2025-03-05,Consumo,Sucursal,Metropolitana,962845,36,420000,0.0738,27,855,440635,0,
B004336,2025-11-04,Consumo,Digital,Valparaíso,6242907,48,892388,0.1583,14,800,2626359,0,
B004337,2025-10-14,Consumo,Sucursal,Valparaíso,1586596,36,676446,0.0759,21,876,805958,0,
B004338,2025-12-23,Automotriz,Convenio,Otras,3301446,36,420000,0.2559,33,791,736317,0,
B004339,2025-12-05,Tarjeta,Sucursal,Biobío,879019,60,420000,0.0403,27,814,588900,0,
B004340,2025-03-09,Consumo,Sucursal,Metropolitana,2216049,18,420000,0.3115,6,695,357427,60,
B004341,2025-08-26,Microempresa,Digital,Metropolitana,2922160,60,486552,0.1106,6,757,1097063,0,
B004342,2025-07-08,Consumo,Convenio,Valparaíso,3803060,24,424614,0.411,14,683,941212,68,
B004343,2025-12-06,Automotriz,Convenio,Otras,3023532,12,493152,0.5841,6,572,2615239,103,2027-07-29
B004344,2025-06-01,Automotriz,Sucursal,Biobío,4856617,24,736517,0.3116,28,730,1653158,0,
B004345,2025-05-21,Tarjeta,Convenio,Metropolitana,2212042,24,420000,0.2431,17,704,1153233,0,
B004346,2025-04-19,Microempresa,Digital,Valparaíso,9199193,24,3007751,0.1406,17,950,1019843,0,
B004347,2025-03-01,Consumo,Sucursal,Metropolitana,1162735,36,544155,0.0671,34,859,654455,0,
B004348,2025-04-02,Tarjeta,Sucursal,Valparaíso,1586767,48,420000,0.0891,26,804,560012,0,
B004349,2025-02-12,Consumo,Convenio,Metropolitana,1436984,36,420000,0.1118,11,772,666024,0,
B004350,2025-02-15,Microempresa,Sucursal,Metropolitana,7737763,12,921488,0.7449,6,604,832734,0,
B004351,2025-02-17,Microempresa,Sucursal,Biobío,959952,24,420000,0.1092,17,829,359358,0,
B004352,2025-11-10,Consumo,Sucursal,Metropolitana,4694656,24,1012554,0.2094,33,809,1128235,62,
B004353,2025-05-02,Consumo,Convenio,Biobío,1582799,48,791154,0.0459,14,893,1188684,202,2026-06-26
B004354,2025-03-10,Consumo,Digital,Valparaíso,1692358,48,420000,0.0974,27,837,411591,0,
B004355,2025-08-20,Tarjeta,Convenio,Metropolitana,3639717,18,420000,0.5407,8,560,2650908,0,
B004356,2025-03-20,Consumo,Convenio,Biobío,2594599,24,617461,0.2093,4,765,657886,0,
B004357,2025-09-05,Automotriz,Sucursal,Metropolitana,2896864,48,420000,0.1546,13,788,1810046,0,
B004358,2025-08-18,Consumo,Digital,Valparaíso,2063244,24,524412,0.1845,14,723,1671018,0,
B004359,2025-08-03,Automotriz,Digital,Metropolitana,880319,18,434480,0.1327,19,662,154970,0,
B004360,2025-09-02,Automotriz,Sucursal,Metropolitana,9372723,24,1218270,0.381,31,797,6475920,0,
B004361,2025-08-08,Consumo,Sucursal,Otras,3180012,24,523432,0.3005,9,764,1785163,0,
B004362,2025-11-21,Tarjeta,Convenio,Valparaíso,4419273,36,1528957,0.0914,12,827,2062061,0,
B004363,2025-05-11,Consumo,Sucursal,Valparaíso,2001871,36,600519,0.1099,25,811,423877,0,
B004364,2025-03-27,Consumo,Sucursal,Otras,4000067,24,947037,0.1912,19,800,835829,0,
B004365,2025-02-10,Consumo,Sucursal,Metropolitana,1612569,24,425495,0.1748,16,761,863818,0,
B004366,2025-12-14,Consumo,Digital,Metropolitana,5975068,48,688916,0.1983,3,689,2473203,0,
B004367,2025-12-25,Consumo,Sucursal,Metropolitana,534446,24,420000,0.057,34,893,247879,0,
B004368,2025-12-17,Consumo,Convenio,Otras,5163045,24,720970,0.3538,11,704,4404612,206,2026-10-13
B004369,2025-06-11,Automotriz,Digital,Metropolitana,2134784,60,621268,0.0625,6,892,502633,0,
B004370,2025-02-16,Consumo,Convenio,Biobío,2029271,24,651038,0.1562,14,817,1675876,0,
B004371,2025-04-05,Consumo,Digital,Metropolitana,3218675,60,622692,0.0943,52,913,991809,0,
B004372,2025-01-08,Microempresa,Convenio,Metropolitana,3086796,48,420000,0.1824,6,719,2442269,0,
B004373,2025-07-17,Tarjeta,Digital,Otras,1943407,18,790822,0.1468,12,758,1577637,0,
B004374,2025-10-20,Consumo,Sucursal,Biobío,3081238,24,569267,0.254,10,724,1286442,0,
B004375,2025-10-17,Microempresa,Sucursal,Biobío,7240817,36,912477,0.237,16,785,1887067,0,
B004376,2025-08-07,Automotriz,Sucursal,Valparaíso,5420627,36,1028689,0.1709,43,873,4599079,0,
B004377,2025-09-07,Tarjeta,Sucursal,Otras,2579276,60,776503,0.0589,47,896,515993,0,
B004378,2025-07-23,Automotriz,Digital,Otras,910587,60,420000,0.0391,44,832,161127,0,
B004379,2025-11-24,Microempresa,Sucursal,Metropolitana,1248624,24,420000,0.139,23,772,861538,0,
B004380,2025-08-24,Tarjeta,Sucursal,Otras,7112291,36,1356176,0.1769,11,854,4789025,0,
B004381,2025-02-22,Automotriz,Convenio,Otras,3053986,24,420000,0.3272,20,754,2080350,24,
B004382,2025-04-11,Automotriz,Convenio,Biobío,4231292,18,634698,0.4339,31,674,2459345,0,
B004383,2025-04-01,Tarjeta,Sucursal,Metropolitana,4666500,36,1056876,0.1313,21,843,586005,27,
B004384,2025-06-21,Consumo,Sucursal,Biobío,3650606,60,420000,0.1568,11,768,492672,57,
B004385,2025-05-24,Tarjeta,Convenio,Valparaíso,3927357,24,822769,0.2334,4,771,3021055,0,
B004386,2025-12-12,Consumo,Convenio,Otras,6687356,36,1078382,0.1891,17,813,5045716,0,
B004387,2025-04-24,Automotriz,Sucursal,Metropolitana,1106460,18,431905,0.1677,20,815,211502,0,
B004388,2025-01-28,Microempresa,Sucursal,Metropolitana,7720083,48,987022,0.195,8,761,1890081,0,
B004389,2025-09-02,Consumo,Sucursal,Valparaíso,3485034,24,640667,0.2589,12,751,1526428,42,
B004390,2025-01-28,Tarjeta,Sucursal,Valparaíso,876250,36,420000,0.0671,20,852,141724,0,
B004391,2025-07-20,Consumo,Sucursal,Valparaíso,5346042,48,682318,0.1765,17,773,1976849,0,
B004392,2025-08-19,Tarjeta,Digital,Biobío,2759899,24,420000,0.3218,22,676,2049277,0,
B004393,2025-05-05,Tarjeta,Sucursal,Metropolitana,4459772,18,982956,0.2715,35,865,2007099,0,
B004394,2025-11-02,Consumo,Sucursal,Metropolitana,2466592,24,420000,0.2689,7,717,1809270,0,
B004395,2025-04-17,Consumo,Sucursal,Valparaíso,9442807,24,1886345,0.2392,27,799,1748294,0,
B004396,2025-12-29,Microempresa,Digital,Biobío,2779299,18,420000,0.4,33,681,1830374,90,2026-06-27
B004397,2025-03-01,Tarjeta,Digital,Metropolitana,6817655,36,1041078,0.2202,15,763,3013187,13,
B004398,2025-12-22,Automotriz,Digital,Metropolitana,3118581,36,1153897,0.0811,38,916,1171350,0,
B004399,2025-02-27,Automotriz,Sucursal,Metropolitana,3250769,36,420000,0.2382,27,786,2021488,58,
B004400,2025-07-27,Consumo,Digital,Biobío,5700975,36,673578,0.2772,6,702,3735131,0,
B004401,2025-08-29,Consumo,Digital,Valparaíso,3359149,36,777615,0.1364,21,810,2665041,126,2026-07-25
B004402,2025-06-18,Consumo,Convenio,Otras,1327957,48,533458,0.0584,19,857,1004975,0,
B004403,2025-09-26,Tarjeta,Convenio,Biobío,3787769,60,642250,0.1094,23,835,2940764,102,2026-02-23
B004404,2025-05-07,Microempresa,Convenio,Metropolitana,5294814,24,992980,0.2465,30,828,2002421,0,
B004405,2025-08-02,Consumo,Digital,Metropolitana,4560719,36,535494,0.2634,4,657,3577165,114,2026-03-30
B004406,2025-12-22,Tarjeta,Sucursal,Otras,2080882,48,435987,0.1176,6,765,1154062,0,
B004407,2025-05-12,Consumo,Convenio,Metropolitana,9514912,36,1098195,0.2906,15,758,1364951,0,
B004408,2025-02-19,Consumo,Sucursal,Metropolitana,1419818,60,545019,0.0505,20,886,584443,0,
B004409,2025-12-22,Tarjeta,Digital,Metropolitana,4354714,48,767642,0.1423,31,805,2891937,0,
B004410,2025-12-28,Consumo,Digital,Otras,4810667,18,554684,0.5428,16,632,2709545,90,2026-07-26
B004411,2025-05-05,Consumo,Sucursal,Biobío,7252401,24,1352304,0.2475,26,811,4981756,0,
B004412,2025-09-09,Microempresa,Sucursal,Otras,1100346,48,420000,0.0638,37,865,222632,0,
B004413,2025-08-06,Tarjeta,Convenio,Metropolitana,2767316,48,455160,0.1427,21,727,1892495,313,2026-01-03
B004414,2025-09-15,Microempresa,Digital,Metropolitana,2298385,24,899471,0.1287,27,857,482265,0,
B004415,2025-04-22,Automotriz,Sucursal,Metropolitana,2664472,36,420000,0.2034,37,861,844409,0,
B004416,2025-11-24,Consumo,Digital,Metropolitana,9495316,36,1177655,0.2491,36,788,7066103,230,2025-12-24
B004417,2025-01-11,Consumo,Sucursal,Metropolitana,1939587,36,473219,0.124,31,809,698657,0,
B004418,2025-12-24,Consumo,Sucursal,Valparaíso,561820,18,420000,0.0877,13,773,334834,0,
B004419,2025-07-21,Automotriz,Sucursal,Metropolitana,4236998,60,1216465,0.0682,16,861,1999805,0,
B004420,2025-07-10,Consumo,Sucursal,Metropolitana,3812577,24,825566,0.2249,28,766,2698021,0,
B004421,2025-02-17,Consumo,Sucursal,Biobío,8550351,24,1085958,0.3891,18,745,3711663,0,
B004422,2025-10-30,Consumo,Convenio,Metropolitana,9908470,48,1505588,0.1657,23,848,2085156,0,
B004423,2025-05-07,Microempresa,Convenio,Metropolitana,8980429,36,1377985,0.1969,6,788,6684648,0,
B004424,2025-06-20,Consumo,Sucursal,Biobío,1178489,24,434757,0.1343,4,773,147009,34,
B004425,2025-01-17,Tarjeta,Sucursal,Metropolitana,3713904,18,420000,0.5849,12,597,2644200,90,2025-08-15
B004426,2025-11-23,Consumo,Sucursal,Metropolitana,859887,18,612064,0.0878,28,858,532413,54,
B004427,2025-12-15,Consumo,Digital,Metropolitana,1369983,48,441735,0.0752,31,847,477327,0,
B004428,2025-10-22,Consumo,Digital,Otras,1521448,24,420000,0.1742,7,699,417492,0,
B004429,2025-10-14,Automotriz,Convenio,Otras,5397484,60,934626,0.1029,7,861,1874108,0,
B004430,2025-08-13,Microempresa,Digital,Metropolitana,943204,36,420000,0.0689,15,815,440913,0,
B004431,2025-11-13,Consumo,Convenio,Valparaíso,762461,12,420000,0.1765,23,738,434442,0,
B004432,2025-10-31,Consumo,Sucursal,Metropolitana,3386851,36,597874,0.1749,18,798,2413806,0,
B004433,2025-09-17,Consumo,Digital,Otras,645171,48,420000,0.0373,30,840,127381,0,
B004434,2025-04-03,Consumo,Sucursal,Metropolitana,7989638,18,1271353,0.4118,29,721,3514111,0,
B004435,2025-11-27,Automotriz,Convenio,Otras,1347434,36,790587,0.0529,63,947,473974,0,
B004436,2025-09-21,Consumo,Digital,Metropolitana,1990855,60,751123,0.0536,9,851,975286,0,
B004437,2025-06-12,Consumo,Convenio,Otras,1347222,24,423871,0.1499,21,796,1033665,0,
B004438,2025-01-07,Consumo,Sucursal,Metropolitana,2034798,36,452209,0.1476,12,851,933443,0,
B004439,2025-04-17,Tarjeta,Digital,Otras,6025081,60,716931,0.1507,10,759,4954598,0,
B004440,2025-02-12,Microempresa,Sucursal,Valparaíso,2975715,24,420000,0.3529,4,632,2869297,92,2025-11-09
B004441,2025-01-15,Consumo,Digital,Metropolitana,3229289,48,420000,0.1899,15,721,2029825,0,
B004442,2025-06-04,Tarjeta,Digital,Metropolitana,2113907,48,427394,0.1097,7,802,1489672,122,2025-12-31
B004443,2025-12-21,Consumo,Sucursal,Metropolitana,7367850,24,1304650,0.2869,37,808,4547178,0,
B004444,2025-12-03,Tarjeta,Digital,Metropolitana,6929675,18,780730,0.5842,7,545,6681665,90,2026-04-02
B004445,2025-11-28,Consumo,Digital,Metropolitana,8749258,36,1102184,0.269,26,770,5313812,0,
B004446,2025-02-10,Consumo,Sucursal,Otras,3705391,24,861380,0.2158,18,823,859336,0,
B004447,2025-05-15,Consumo,Sucursal,Metropolitana,5969279,48,752887,0.1793,24,830,3813273,0,
B004448,2025-01-14,Tarjeta,Digital,Metropolitana,5626838,24,839386,0.3179,7,707,3234750,0,
B004449,2025-08-24,Microempresa,Digital,Metropolitana,1128428,48,734037,0.0389,28,861,254187,0,
B004450,2025-11-18,Consumo,Digital,Biobío,4541502,36,511581,0.2742,19,712,2784155,0,
B004451,2025-01-25,Microempresa,Sucursal,Biobío,2802861,24,510954,0.2777,22,753,2197473,0,
B004452,2025-06-07,Consumo,Convenio,Metropolitana,8672823,48,1021082,0.1957,12,787,4794243,0,
B004453,2025-05-27,Consumo,Sucursal,Metropolitana,2265594,60,721622,0.0557,21,798,1853521,0,
B004454,2025-06-28,Microempresa,Sucursal,Otras,7799941,48,931933,0.2087,11,812,2287087,0,
B004455,2025-12-24,Consumo,Digital,Metropolitana,5559727,36,750755,0.2366,16,749,2098548,0,
B004456,2025-02-23,Consumo,Sucursal,Metropolitana,2705949,60,1240187,0.0408,41,917,722296,0,
B004457,2025-12-08,Tarjeta,Convenio,Valparaíso,853471,18,420000,0.1239,34,808,219680,27,
B004458,2025-03-18,Consumo,Digital,Valparaíso,5244197,24,740808,0.3128,17,732,1428460,0,
B004459,2025-08-16,Consumo,Digital,Otras,3254575,36,438189,0.2187,24,724,1190004,0,
B004460,2025-02-14,Consumo,Sucursal,Valparaíso,1599663,60,446965,0.0673,6,834,277609,0,
B004461,2025-10-27,Microempresa,Digital,Metropolitana,3517369,18,705583,0.3293,38,730,1290569,0,
B004462,2025-10-05,Automotriz,Sucursal,Valparaíso,2521643,60,494564,0.1021,30,860,374628,0,
B004463,2025-06-09,Automotriz,Sucursal,Valparaíso,1568686,24,420000,0.1879,44,877,998459,0,
B004464,2025-01-30,Tarjeta,Convenio,Metropolitana,3648593,48,482664,0.1754,21,778,3094031,0,
B004465,2025-09-10,Automotriz,Convenio,Otras,2966523,36,588066,0.1605,33,843,721238,0,
B004466,2025-10-08,Tarjeta,Sucursal,Metropolitana,2712637,36,488566,0.1658,17,763,2121302,90,2026-11-02
B004467,2025-02-01,Automotriz,Digital,Otras,6805260,60,789884,0.1731,14,794,4866976,0,
B004468,2025-12-12,Automotriz,Convenio,Otras,1302610,48,746891,0.0398,17,849,161020,0,
B004469,2025-09-08,Tarjeta,Sucursal,Metropolitana,6533066,36,808190,0.2432,12,742,4379452,0,
B004470,2025-04-10,Automotriz,Digital,Biobío,4155725,36,756440,0.176,23,814,813701,0,
B004471,2025-07-13,Tarjeta,Digital,Otras,2093018,12,420000,0.495,9,569,677692,0,
B004472,2025-03-05,Consumo,Sucursal,Biobío,7012624,60,1046013,0.1324,12,898,1690997,0,
B004473,2025-03-25,Consumo,Sucursal,Metropolitana,4875270,24,657044,0.3476,39,756,3892370,201,2026-07-18
B004474,2025-10-09,Tarjeta,Digital,Biobío,1463171,60,420000,0.0647,13,793,1083560,0,
B004475,2025-02-04,Consumo,Sucursal,Valparaíso,2032592,36,420000,0.1455,17,765,1225665,0,
B004476,2025-08-10,Consumo,Digital,Valparaíso,3060071,24,420000,0.3228,16,682,2031363,191,2025-11-08
B004477,2025-02-19,Consumo,Sucursal,Valparaíso,2855745,18,511126,0.3657,9,680,610230,0,
B004478,2025-05-31,Tarjeta,Sucursal,Metropolitana,2906028,36,420000,0.211,13,759,710903,0,
B004479,2025-02-03,Consumo,Digital,Biobío,8119826,12,952213,0.8115,13,509,5961349,129,2025-06-03
B004480,2025-08-26,Microempresa,Digital,Metropolitana,2495715,36,420000,0.1842,7,705,504925,0,
B004481,2025-08-02,Consumo,Digital,Otras,2475972,48,420000,0.1485,9,771,1788738,0,
B004482,2025-07-23,Consumo,Sucursal,Valparaíso,4755608,36,675763,0.2171,16,802,3357784,0,
B004483,2025-08-09,Consumo,Digital,Biobío,3925087,60,484295,0.1462,23,813,1781712,0,
B004484,2025-11-14,Consumo,Sucursal,Metropolitana,4080651,36,602228,0.2023,21,811,569449,61,
B004485,2025-08-24,Tarjeta,Digital,Valparaíso,1150512,36,440832,0.0793,20,814,388506,79,
B004486,2025-06-26,Automotriz,Sucursal,Metropolitana,5843365,18,803236,0.4752,16,712,3246419,0,
B004487,2025-03-15,Consumo,Digital,Metropolitana,1221528,36,558225,0.0665,27,836,587269,0,
B004488,2025-07-16,Tarjeta,Sucursal,Valparaíso,6168246,36,727645,0.272,17,711,4804648,90,2025-09-14
B004489,2025-08-31,Consumo,Sucursal,Biobío,5010168,48,1445502,0.0868,3,873,1243175,0,
B004490,2025-12-12,Consumo,Sucursal,Otras,8621838,24,1111916,0.3932,14,637,5244236,90,2026-11-07
B004491,2025-05-09,Consumo,Sucursal,Valparaíso,3416179,36,908786,0.1151,20,813,2184536,0,
B004492,2025-08-29,Consumo,Sucursal,Otras,6868124,36,1313496,0.1687,23,895,3699241,0,
B004493,2025-06-07,Tarjeta,Convenio,Biobío,2277739,60,1062324,0.0388,19,832,1187181,0,
B004494,2025-02-24,Automotriz,Sucursal,Valparaíso,6484620,48,1152486,0.1282,28,847,1484518,0,
B004495,2025-08-16,Consumo,Sucursal,Otras,5238991,24,725025,0.3309,39,809,2771039,0,
B004496,2025-03-21,Consumo,Sucursal,Metropolitana,5575524,36,1021485,0.1741,17,837,1591253,0,
B004497,2025-07-24,Tarjeta,Sucursal,Otras,2443576,18,497790,0.3083,12,706,1622536,90,2026-01-20
B004498,2025-11-25,Automotriz,Digital,Biobío,3380635,60,768046,0.0779,13,798,2517288,0,
B004499,2025-03-23,Consumo,Digital,Metropolitana,1600462,36,452012,0.1177,53,802,633590,0,
B004500,2025-09-29,Tarjeta,Convenio,Metropolitana,3478427,36,420000,0.2445,8,710,2869883,90,2026-11-23
