id_operacion,producto,region,saldo,score,dias_mora,linea_no_usada,factor_conversion,pd_12m,pd_lifetime,lgd
A010501,Tarjeta,Biobío,726510,857,84,1426929,0.4,0.005326,0.013931,0.6439
A001816,Automotriz,Otras,3146309,905,9,0,0.0,0.002792,0.009302,0.4205
A010076,Consumo,Metropolitana,1769523,950,0,0,0.0,0.001522,0.004912,0.6718
A006808,Tarjeta,Metropolitana,911059,950,0,538247,0.4,0.001522,0.005052,0.7163
A005513,Consumo,Otras,382520,913,0,0,0.0,0.002506,0.007041,0.6315
A000722,Consumo,Metropolitana,6585401,914,0,0,0.0,0.002473,0.0065,0.5703
A008233,Tarjeta,Metropolitana,1045878,823,0,544163,0.4,0.008407,0.025262,0.6401
A005258,Consumo,Biobío,2382256,845,0,0,0.0,0.006258,0.013456,0.6982
A014694,Automotriz,Metropolitana,2096777,803,0,0,0.0,0.010987,0.034636,0.3492
A002385,Tarjeta,Otras,3501400,803,0,1527212,0.4,0.010987,0.025556,0.5596
A013931,Tarjeta,Metropolitana,1370033,748,0,871070,0.4,0.022826,0.055264,0.7478
A010172,Consumo,Metropolitana,7762145,871,0,0,0.0,0.004412,0.013614,0.6202
A006618,Automotriz,Otras,312643,883,0,0,0.0,0.003754,0.008642,0.4096
A004359,Tarjeta,Metropolitana,1249017,718,0,1168976,0.4,0.033851,0.083781,0.7916
A001590,Microempresa,Metropolitana,2697613,771,0,5829094,0.4,0.016831,0.051726,0.5672
A011635,Consumo,Metropolitana,3891454,594,90,0,0.0,0.157669,0.342283,0.6387
A012944,Consumo,Otras,1313130,817,7,0,0.0,0.00911,0.025926,0.5681
A004900,Consumo,Metropolitana,745372,785,0,0,0.0,0.01397,0.046663,0.6428
A014825,Consumo,Otras,2884329,943,57,0,0.0,0.001672,0.004093,0.564
A003365,Consumo,Biobío,712772,890,0,0,0.0,0.003417,0.007757,0.6513
A013967,Consumo,Biobío,1624060,883,0,0,0.0,0.003754,0.008464,0.5712
A011668,Consumo,Otras,463009,877,0,0,0.0,0.00407,0.0116,0.6018
A010558,Tarjeta,Metropolitana,2051459,902,0,3950009,0.4,0.002907,0.006757,0.7297
A006386,Tarjeta,Biobío,1518152,750,0,580311,0.4,0.022231,0.061492,0.6477
A011261,Tarjeta,Metropolitana,1365989,917,36,1866400,0.4,0.002375,0.005251,0.7349
A007755,Microempresa,Biobío,1630739,847,0,2768449,0.4,0.006092,0.017441,0.5303
A011168,Tarjeta,Otras,2652917,680,90,4229935,0.4,0.055313,0.156834,0.723
A002005,Consumo,Biobío,653464,819,81,0,0.0,0.00887,0.029823,0.5796
A006582,Consumo,Metropolitana,4945224,895,0,0,0.0,0.003194,0.010739,0.6471
A007551,Consumo,Otras,1953879,811,0,0,0.0,0.009872,0.032424,0.5979
A003985,Microempresa,Valparaíso,1963132,760,0,643116,0.4,0.019476,0.065262,0.5392
A002461,Consumo,Metropolitana,2237446,857,44,0,0.0,0.005326,0.013718,0.5754
A009000,Consumo,Metropolitana,1526190,899,0,0,0.0,0.003027,0.009877,0.6459
A006235,Consumo,Metropolitana,298779,913,0,0,0.0,0.002506,0.008027,0.6245
A007064,Tarjeta,Metropolitana,2636525,822,0,2081228,0.4,0.00852,0.019689,0.7909
A004656,Consumo,Metropolitana,1070159,831,0,0,0.0,0.007552,0.019042,0.7926
A011152,Consumo,Otras,601254,789,0,0,0.0,0.013245,0.028827,0.5183
A005658,Automotriz,Otras,3401760,717,0,0,0.0,0.034296,0.102887,0.4389
A002367,Consumo,Biobío,1130313,823,0,0,0.0,0.008407,0.02692,0.6119
A007326,Consumo,Valparaíso,731830,858,0,0,0.0,0.005255,0.011165,0.5903
A013709,Tarjeta,Metropolitana,2028382,780,0,3529525,0.4,0.014932,0.032426,0.7084
A004923,Automotriz,Metropolitana,1393653,883,0,0,0.0,0.003754,0.012635,0.4007
A001258,Consumo,Biobío,1579855,738,0,0,0.0,0.026043,0.088056,0.5955
A009798,Tarjeta,Metropolitana,381538,924,0,646777,0.4,0.002161,0.005855,0.7224
A008331,Tarjeta,Metropolitana,6959081,892,0,6700287,0.4,0.003326,0.010774,0.7643
A014997,Consumo,Biobío,7536911,747,129,0,0.0,0.02313,0.060023,0.6528
A012328,Consumo,Metropolitana,1681711,814,0,0,0.0,0.009484,0.023627,0.6203
A005333,Microempresa,Valparaíso,1437414,884,191,907861,0.4,0.003704,0.01008,0.5135
A008912,Consumo,Otras,99782,849,0,0,0.0,0.005931,0.017836,0.586
A003358,Automotriz,Metropolitana,377518,778,0,0,0.0,0.015335,0.045585,0.3761
A001345,Tarjeta,Metropolitana,1521435,831,0,3239441,0.4,0.007552,0.018893,0.657
A014550,Microempresa,Metropolitana,1458615,836,61,2490208,0.4,0.007062,0.020758,0.5631
A014423,Tarjeta,Metropolitana,719831,854,0,1438547,0.4,0.005546,0.015009,0.7718
A003698,Tarjeta,Otras,4244897,748,0,3267954,0.4,0.022826,0.050391,0.715
A014653,Automotriz,Metropolitana,7295294,695,0,0,0.0,0.045628,0.137953,0.424
A003518,Consumo,Metropolitana,6423627,941,0,0,0.0,0.001718,0.004197,0.6179
A003819,Consumo,Valparaíso,1576593,846,0,0,0.0,0.006175,0.014608,0.6037
A005640,Consumo,Valparaíso,235826,828,0,0,0.0,0.007862,0.021925,0.5649
A002597,Consumo,Metropolitana,4324918,815,0,0,0.0,0.009358,0.02791,0.5801
A004997,Consumo,Metropolitana,780993,849,0,0,0.0,0.005931,0.015727,0.609
A006917,Tarjeta,Biobío,3242243,711,94,3222228,0.4,0.037085,0.090745,0.682
A011043,Automotriz,Metropolitana,651857,738,0,0,0.0,0.026043,0.066269,0.413
A011149,Microempresa,Metropolitana,2355224,798,90,2377446,0.4,0.011746,0.03417,0.5296
A014499,Consumo,Metropolitana,970813,834,0,0,0.0,0.007254,0.022669,0.61
A005867,Automotriz,Otras,4417931,529,94,0,0.0,0.310604,0.97,0.3961
A009351,Automotriz,Otras,1638562,784,0,0,0.0,0.014158,0.036218,0.3146
A013608,Automotriz,Biobío,2761060,819,90,0,0.0,0.00887,0.021517,0.3792
A009385,Consumo,Metropolitana,3151189,950,0,0,0.0,0.001522,0.003925,0.6402
A012525,Consumo,Metropolitana,3705632,790,0,0,0.0,0.013069,0.041158,0.6779
A008746,Microempresa,Otras,2266512,831,0,1219021,0.4,0.007552,0.019149,0.5282
A000623,Automotriz,Otras,712831,764,0,0,0.0,0.01847,0.041304,0.5072
A008238,Tarjeta,Otras,4269583,774,0,5849427,0.4,0.016173,0.047845,0.7236
A000176,Tarjeta,Metropolitana,4738397,803,0,6917550,0.4,0.010987,0.027687,0.6731
A007381,Consumo,Valparaíso,2966133,827,0,0,0.0,0.007968,0.026173,0.6133
A003509,Tarjeta,Biobío,646147,836,35,689871,0.4,0.007062,0.023766,0.6663
A004368,Consumo,Metropolitana,1097613,821,0,0,0.0,0.008635,0.021479,0.6062
A011645,Automotriz,Valparaíso,1225273,629,90,0,0.0,0.104458,0.339806,0.4411
A005357,Automotriz,Metropolitana,1256657,888,0,0,0.0,0.00351,0.011487,0.433
A012364,Consumo,Metropolitana,614198,748,0,0,0.0,0.022826,0.052814,0.6321
A002234,Consumo,Biobío,1886656,843,0,0,0.0,0.006429,0.01357,0.5904
A006874,Consumo,Metropolitana,1363159,815,0,0,0.0,0.009358,0.025666,0.5866
A001800,Tarjeta,Metropolitana,464431,910,0,410296,0.4,0.00261,0.00619,0.7049
A010064,Automotriz,Metropolitana,196157,924,0,0,0.0,0.002161,0.005026,0.3612
A006737,Tarjeta,Valparaíso,1726059,698,90,3589114,0.4,0.043894,0.127456,0.6686
A011113,Consumo,Metropolitana,3034459,851,147,0,0.0,0.005774,0.012884,0.6259
A010328,Tarjeta,Metropolitana,875350,893,0,1832672,0.4,0.003281,0.008594,0.6629
A003073,Automotriz,Biobío,7175103,789,90,0,0.0,0.013245,0.034781,0.4406
A012043,Consumo,Metropolitana,312013,727,0,0,0.0,0.030091,0.070315,0.5829
A013262,Tarjeta,Valparaíso,2089477,811,108,4398257,0.4,0.009872,0.023547,0.6248
A009628,Automotriz,Metropolitana,1748474,762,0,0,0.0,0.018966,0.054962,0.3873
A008291,Tarjeta,Biobío,1510394,847,0,2733965,0.4,0.006092,0.020187,0.715
A002728,Tarjeta,Otras,5038667,568,130,3296987,0.4,0.2101,0.572369,0.7188
A006797,Consumo,Biobío,1408451,813,0,0,0.0,0.009612,0.030843,0.6559
A007059,Tarjeta,Otras,615218,864,0,475047,0.4,0.004848,0.010248,0.73
A006857,Tarjeta,Metropolitana,2692582,809,0,3485980,0.4,0.01014,0.022993,0.7172
A000788,Consumo,Metropolitana,1230837,923,0,0,0.0,0.00219,0.004659,0.5631
A001318,Consumo,Metropolitana,1295711,870,0,0,0.0,0.004472,0.010542,0.7347
A012923,Consumo,Metropolitana,860119,776,0,0,0.0,0.015749,0.053052,0.563
A001930,Consumo,Otras,4320837,784,0,0,0.0,0.014158,0.030734,0.6511
A009124,Microempresa,Metropolitana,1185195,811,0,602100,0.4,0.009872,0.028387,0.561
A001643,Consumo,Metropolitana,1383125,854,0,0,0.0,0.005546,0.014434,0.6614
A004115,Consumo,Otras,2106734,844,0,0,0.0,0.006343,0.015112,0.5738
A000951,Tarjeta,Otras,2947511,759,213,2112642,0.4,0.019735,0.056435,0.846
A009699,Consumo,Metropolitana,754958,810,77,0,0.0,0.010005,0.031374,0.6262
A003215,Automotriz,Metropolitana,1392035,906,0,0,0.0,0.002754,0.005979,0.3045
A011346,Automotriz,Valparaíso,1939504,848,0,0,0.0,0.006011,0.016648,0.3225
A011241,Tarjeta,Metropolitana,1359601,950,16,1142794,0.4,0.001522,0.00331,0.6912
A010122,Consumo,Otras,1090367,944,0,0,0.0,0.00165,0.00544,0.6468
A005838,Consumo,Metropolitana,3478640,828,0,0,0.0,0.007862,0.02297,0.5869
A011806,Consumo,Otras,805694,791,32,0,0.0,0.012896,0.042578,0.6831
A010523,Automotriz,Metropolitana,3539583,826,0,0,0.0,0.008076,0.022576,0.4958
A010599,Tarjeta,Biobío,343969,794,0,458958,0.4,0.01239,0.040268,0.7841
A009241,Microempresa,Biobío,2521418,845,0,3875632,0.4,0.006258,0.020671,0.5069
A006078,Automotriz,Metropolitana,1864334,795,0,0,0.0,0.012226,0.033081,0.4036
A000146,Consumo,Metropolitana,735262,794,0,0,0.0,0.01239,0.032975,0.5794
A003632,Microempresa,Metropolitana,772123,915,0,1568958,0.4,0.00244,0.005774,0.5775
A006692,Automotriz,Otras,1914764,806,0,0,0.0,0.010555,0.027475,0.3985
A001929,Consumo,Metropolitana,319124,896,166,0,0.0,0.003151,0.009127,0.7509
A001340,Consumo,Metropolitana,349950,790,30,0,0.0,0.013069,0.032485,0.5494
A012304,Tarjeta,Otras,4099481,791,0,8117046,0.4,0.012896,0.033375,0.6809
A004152,Consumo,Metropolitana,12133361,896,0,0,0.0,0.003151,0.010377,0.6366
A011001,Consumo,Biobío,579233,835,0,0,0.0,0.007157,0.017478,0.6727
A014026,Automotriz,Biobío,705481,875,0,0,0.0,0.004181,0.011795,0.4015
A001431,Microempresa,Valparaíso,3699437,670,213,7222623,0.4,0.062814,0.142634,0.4153
A008833,Automotriz,Metropolitana,1725238,852,40,0,0.0,0.005697,0.016294,0.3294
A000257,Consumo,Metropolitana,680500,950,0,0,0.0,0.001522,0.003315,0.5998
A014384,Tarjeta,Valparaíso,330140,868,0,507144,0.4,0.004594,0.012191,0.7465
A003812,Consumo,Metropolitana,834449,867,0,0,0.0,0.004656,0.015491,0.7455
A014059,Tarjeta,Biobío,3053278,716,342,2422006,0.4,0.034746,0.091148,0.7449
A014222,Microempresa,Biobío,276636,873,0,500972,0.4,0.004295,0.010062,0.5369
A002449,Tarjeta,Otras,2827860,599,90,3465127,0.4,0.148901,0.385686,0.6698
A000879,Consumo,Biobío,2468303,872,0,0,0.0,0.004353,0.01154,0.6914
A004398,Automotriz,Valparaíso,762008,827,0,0,0.0,0.007968,0.025684,0.391
A012239,Tarjeta,Valparaíso,922265,816,0,299479,0.4,0.009233,0.028049,0.6725
A012591,Consumo,Metropolitana,693638,855,0,0,0.0,0.005472,0.018001,0.6107
A000064,Consumo,Otras,2304491,750,0,0,0.0,0.022231,0.070079,0.6748
A001363,Consumo,Biobío,625460,791,0,0,0.0,0.012896,0.036842,0.5806
A000220,Consumo,Otras,1375150,842,0,0,0.0,0.006516,0.019173,0.5442
A009060,Automotriz,Metropolitana,564096,893,0,0,0.0,0.003281,0.008825,0.3534
A004586,Automotriz,Metropolitana,2106759,910,0,0,0.0,0.00261,0.00747,0.4192
A006512,Tarjeta,Metropolitana,1563769,758,0,2253987,0.4,0.019999,0.065573,0.6641
A014634,Automotriz,Biobío,2500887,824,90,0,0.0,0.008295,0.028015,0.3881
A007760,Consumo,Metropolitana,725013,846,0,0,0.0,0.006175,0.014819,0.6753
A009678,Consumo,Biobío,1567794,703,0,0,0.0,0.041145,0.111734,0.624
A005302,Consumo,Metropolitana,4149238,950,0,0,0.0,0.001522,0.004011,0.6137
A003217,Tarjeta,Valparaíso,2985487,764,90,5334766,0.4,0.01847,0.047705,0.7549
A002596,Tarjeta,Otras,3011858,885,45,1531184,0.4,0.003655,0.008107,0.7476
A007958,Consumo,Metropolitana,1596206,815,0,0,0.0,0.009358,0.019848,0.6014
A003302,Tarjeta,Metropolitana,2211616,876,0,3217507,0.4,0.004125,0.013285,0.7762
A008348,Consumo,Metropolitana,821947,834,0,0,0.0,0.007254,0.023704,0.6699
A002472,Microempresa,Otras,890832,849,0,598952,0.4,0.005931,0.013756,0.5763
A008803,Consumo,Valparaíso,843747,829,0,0,0.0,0.007757,0.024683,0.6251
A011461,Consumo,Otras,1347573,926,0,0,0.0,0.002103,0.005082,0.6956
A000185,Automotriz,Metropolitana,1845917,870,0,0,0.0,0.004472,0.009855,0.3195
A012472,Consumo,Otras,462448,792,0,0,0.0,0.012725,0.036323,0.6416
A014263,Tarjeta,Valparaíso,5389081,889,85,9503752,0.4,0.003463,0.008561,0.7525
A004950,Tarjeta,Otras,5417015,808,17,8813869,0.4,0.010276,0.033941,0.6787
A005533,Microempresa,Otras,473669,928,0,800303,0.4,0.002047,0.004974,0.591
A010590,Tarjeta,Biobío,1049540,851,0,611929,0.4,0.005774,0.014712,0.7182
A008784,Consumo,Metropolitana,1379046,777,0,0,0.0,0.01554,0.035137,0.6001
A004421,Consumo,Biobío,1709497,787,0,0,0.0,0.013603,0.045943,0.6384
A014891,Microempresa,Metropolitana,946798,845,0,1829387,0.4,0.006258,0.019538,0.5544
A003318,Tarjeta,Metropolitana,602829,854,0,705135,0.4,0.005546,0.013349,0.7294
A001928,Tarjeta,Valparaíso,346633,822,0,727432,0.4,0.00852,0.018486,0.6174
A005697,Microempresa,Otras,2772011,918,74,1111532,0.4,0.002343,0.005625,0.5735
A013365,Tarjeta,Valparaíso,394472,796,0,249958,0.4,0.012064,0.039531,0.7058
A006996,Tarjeta,Valparaíso,386452,894,0,702052,0.4,0.003237,0.007777,0.6837
A011824,Consumo,Valparaíso,4107455,950,0,0,0.0,0.001522,0.004554,0.533
A002146,Tarjeta,Biobío,8756981,853,0,15564363,0.4,0.005621,0.018573,0.7426
A014110,Microempresa,Metropolitana,4659445,894,0,4649113,0.4,0.003237,0.010585,0.4646
A009325,Tarjeta,Biobío,619872,826,0,1326215,0.4,0.008076,0.025947,0.7382
A006441,Consumo,Biobío,2960451,827,119,0,0.0,0.007968,0.024448,0.594
A002652,Tarjeta,Metropolitana,1180268,851,61,1993253,0.4,0.005774,0.019075,0.6648
A013136,Tarjeta,Otras,3891131,618,197,1905267,0.4,0.119203,0.360298,0.7483
A007109,Consumo,Biobío,2886780,813,166,0,0.0,0.009612,0.02274,0.7081
A013340,Microempresa,Metropolitana,2100332,921,0,4267999,0.4,0.00225,0.005295,0.4398
A004543,Consumo,Valparaíso,801278,758,0,0,0.0,0.019999,0.045259,0.6312
A002342,Consumo,Biobío,574608,751,0,0,0.0,0.021939,0.059673,0.6146
A002107,Automotriz,Otras,1902555,873,0,0,0.0,0.004295,0.014263,0.39
A011817,Automotriz,Metropolitana,1192761,844,0,0,0.0,0.006343,0.021431,0.4894
A011852,Microempresa,Otras,3109720,931,0,4014189,0.4,0.001966,0.00423,0.5608
A010033,Consumo,Metropolitana,555434,831,0,0,0.0,0.007552,0.025101,0.5928
A012937,Automotriz,Metropolitana,1864678,764,24,0,0.0,0.01847,0.04242,0.3942
A009564,Tarjeta,Metropolitana,3609284,763,0,5416838,0.4,0.018716,0.046552,0.6358
A007043,Consumo,Metropolitana,3512590,917,0,0,0.0,0.002375,0.00688,0.5107
A010105,Consumo,Otras,4048399,677,0,0,0.0,0.05747,0.126057,0.6113
A002654,Consumo,Biobío,377237,950,0,0,0.0,0.001522,0.004281,0.6322
A011686,Consumo,Metropolitana,1798845,782,114,0,0.0,0.01454,0.035024,0.6435
A003106,Consumo,Biobío,2308488,947,0,0,0.0,0.001584,0.004254,0.6452
A008634,Consumo,Metropolitana,3026087,758,0,0,0.0,0.019999,0.053983,0.5464
A013645,Consumo,Otras,2590388,796,0,0,0.0,0.012064,0.033243,0.6162
A013683,Automotriz,Biobío,4217090,504,104,0,0.0,0.387114,0.97,0.3473
A012901,Automotriz,Metropolitana,1709334,900,0,0,0.0,0.002986,0.007997,0.3777
A004160,Consumo,Valparaíso,2132251,908,0,0,0.0,0.002681,0.007282,0.6641
A003356,Consumo,Metropolitana,811381,777,0,0,0.0,0.01554,0.042144,0.5786
A001765,Tarjeta,Metropolitana,2713509,752,78,5837369,0.4,0.021651,0.069159,0.6846
A013098,Consumo,Valparaíso,2436385,688,63,0,0.0,0.049928,0.120829,0.7026
A005591,Tarjeta,Metropolitana,583849,815,0,830353,0.4,0.009358,0.028153,0.678
A002589,Consumo,Metropolitana,819017,834,0,0,0.0,0.007254,0.021571,0.6567
A003154,Consumo,Metropolitana,1833388,861,0,0,0.0,0.005048,0.012995,0.6799
A013621,Consumo,Biobío,1278437,836,0,0,0.0,0.007062,0.023033,0.6084
A004699,Automotriz,Metropolitana,796387,814,23,0,0.0,0.009484,0.021066,0.4978
A001868,Consumo,Otras,1086198,950,0,0,0.0,0.001522,0.003696,0.647
A008016,Tarjeta,Metropolitana,494507,909,0,366805,0.4,0.002645,0.008203,0.7212
A009783,Consumo,Metropolitana,484047,723,0,0,0.0,0.031709,0.088194,0.5892
A002135,Consumo,Metropolitana,650216,691,18,0,0.0,0.04804,0.109694,0.5603
A001142,Tarjeta,Metropolitana,1116185,788,51,2342628,0.4,0.013423,0.030861,0.6671
A011707,Automotriz,Metropolitana,5143074,797,0,0,0.0,0.011904,0.031842,0.3046
A009301,Tarjeta,Metropolitana,578659,843,0,648054,0.4,0.006429,0.017535,0.6793
A008068,Automotriz,Metropolitana,1270190,766,0,0,0.0,0.017986,0.049653,0.3211
A005637,Automotriz,Metropolitana,1837031,674,0,0,0.0,0.059706,0.140486,0.3411
A002968,Consumo,Metropolitana,742442,809,0,0,0.0,0.01014,0.02314,0.6173
A006289,Consumo,Metropolitana,2999486,555,309,0,0.0,0.240736,0.65465,0.5221
A013345,Consumo,Metropolitana,1194899,867,0,0,0.0,0.004656,0.015001,0.5639
A004831,Consumo,Metropolitana,1882067,800,0,0,0.0,0.011436,0.036226,0.6491
A009738,Consumo,Metropolitana,1291256,755,242,0,0.0,0.020809,0.058106,0.5713
A007193,Consumo,Metropolitana,4992895,835,0,0,0.0,0.007157,0.01551,0.6109
A014844,Microempresa,Metropolitana,904208,845,0,1836624,0.4,0.006258,0.017346,0.496
A014883,Tarjeta,Metropolitana,3416335,817,0,3460114,0.4,0.00911,0.026659,0.6031
A010800,Automotriz,Metropolitana,585738,861,0,0,0.0,0.005048,0.01374,0.4078
A005467,Automotriz,Metropolitana,3346886,634,90,0,0.0,0.098304,0.292501,0.4285
A013087,Automotriz,Valparaíso,973573,838,3,0,0.0,0.006875,0.015843,0.2519
A007991,Tarjeta,Metropolitana,1921594,792,0,2174968,0.4,0.012725,0.038929,0.6534
A005352,Consumo,Otras,769168,894,0,0,0.0,0.003237,0.009863,0.6065
A010439,Consumo,Valparaíso,1410052,908,61,0,0.0,0.002681,0.006253,0.5536
A000866,Tarjeta,Valparaíso,729269,854,0,1026902,0.4,0.005546,0.01296,0.6911
A004284,Consumo,Otras,6370112,807,0,0,0.0,0.010415,0.032745,0.6989
A001373,Consumo,Otras,1998933,831,0,0,0.0,0.007552,0.018811,0.5886
A003034,Tarjeta,Metropolitana,1651071,788,0,1712479,0.4,0.013423,0.029118,0.7193
A014427,Consumo,Biobío,2216743,950,0,0,0.0,0.001522,0.004465,0.6602
A009662,Tarjeta,Biobío,1266897,854,130,1627078,0.4,0.005546,0.016626,0.691
A009521,Consumo,Metropolitana,2408077,665,6,0,0.0,0.066911,0.217855,0.6824
A000225,Microempresa,Metropolitana,381236,833,71,513445,0.4,0.007352,0.016807,0.4731
A004860,Consumo,Otras,936777,893,0,0,0.0,0.003281,0.009794,0.5459
A009785,Microempresa,Metropolitana,99255,813,0,103486,0.4,0.009612,0.02445,0.5672
A001911,Tarjeta,Otras,1616485,836,0,3193763,0.4,0.007062,0.018755,0.6102
A014901,Consumo,Metropolitana,1147046,945,0,0,0.0,0.001628,0.004541,0.5113
A008834,Automotriz,Valparaíso,985162,861,0,0,0.0,0.005048,0.011,0.4111
A003202,Tarjeta,Biobío,2332950,950,0,1904972,0.4,0.001522,0.003571,0.6772
A005055,Tarjeta,Biobío,862232,899,0,1448590,0.4,0.003027,0.00639,0.6424
A003391,Consumo,Metropolitana,5904094,817,0,0,0.0,0.00911,0.026826,0.6982
A005555,Tarjeta,Biobío,1400379,916,71,1644500,0.4,0.002407,0.005393,0.7218
A002629,Consumo,Otras,722121,878,0,0,0.0,0.004016,0.009133,0.6349
A004606,Microempresa,Otras,1263304,817,0,1162663,0.4,0.00911,0.030197,0.5628
A013631,Consumo,Metropolitana,197569,849,0,0,0.0,0.005931,0.01972,0.4888
A008927,Consumo,Otras,5296223,702,119,0,0.0,0.041681,0.122041,0.5784
A011274,Consumo,Valparaíso,774457,749,0,0,0.0,0.022527,0.070897,0.6321
A003552,Tarjeta,Metropolitana,2232934,700,0,2326116,0.4,0.042774,0.104252,0.6832
A000869,Consumo,Metropolitana,321206,871,0,0,0.0,0.004412,0.010728,0.7134
A014995,Consumo,Valparaíso,2540535,865,0,0,0.0,0.004783,0.012604,0.5801
A007565,Microempresa,Metropolitana,734013,827,0,1571871,0.4,0.007968,0.019209,0.5532
A013453,Consumo,Otras,579452,804,0,0,0.0,0.010841,0.026327,0.592
A004188,Consumo,Otras,2193367,848,0,0,0.0,0.006011,0.018037,0.6516
A004727,Microempresa,Metropolitana,1782493,722,5,584955,0.4,0.032127,0.078471,0.543
A009984,Automotriz,Biobío,1859913,798,0,0,0.0,0.011746,0.0278,0.3724
A011957,Consumo,Valparaíso,2532168,834,0,0,0.0,0.007254,0.017812,0.6157
A013844,Tarjeta,Metropolitana,1457729,950,0,2160971,0.4,0.001522,0.003986,0.6841
A011481,Tarjeta,Metropolitana,134349,842,0,157759,0.4,0.006516,0.01873,0.6749
A005924,Automotriz,Otras,3473398,804,0,0,0.0,0.010841,0.02748,0.4727
A014517,Consumo,Metropolitana,735394,900,90,0,0.0,0.002986,0.006573,0.7515
A001286,Microempresa,Metropolitana,671856,777,0,886764,0.4,0.01554,0.034179,0.6189
A009498,Consumo,Metropolitana,2718847,834,0,0,0.0,0.007254,0.02297,0.5174
A006216,Tarjeta,Metropolitana,1083157,831,24,1063570,0.4,0.007552,0.018503,0.7549
A007786,Tarjeta,Biobío,3668231,803,137,4973843,0.4,0.010987,0.033576,0.706
A006112,Consumo,Otras,3165323,847,0,0,0.0,0.006092,0.020187,0.5716
A013626,Tarjeta,Metropolitana,640187,743,0,234664,0.4,0.024383,0.082383,0.7678
A001351,Consumo,Metropolitana,616930,869,0,0,0.0,0.004533,0.012455,0.6172
A010525,Microempresa,Metropolitana,1844696,707,0,2713730,0.4,0.039064,0.091394,0.5995
A004308,Consumo,Biobío,2642493,792,0,0,0.0,0.012725,0.0331,0.5757
A003614,Consumo,Biobío,4182387,786,178,0,0.0,0.013785,0.029698,0.7121
A004566,Tarjeta,Metropolitana,4645610,762,90,2088146,0.4,0.018966,0.050905,0.6934
A009258,Consumo,Metropolitana,3221406,950,0,0,0.0,0.001522,0.004681,0.5177
A014897,Tarjeta,Metropolitana,1055300,805,0,1843680,0.4,0.010697,0.024001,0.7349
A006492,Automotriz,Biobío,3031275,681,103,0,0.0,0.054612,0.180277,0.4521
A009194,Automotriz,Otras,2509886,789,0,0,0.0,0.013245,0.038454,0.4535
A010711,Microempresa,Biobío,514745,875,0,929795,0.4,0.004181,0.011624,0.5167
A012265,Consumo,Otras,7477202,911,0,0,0.0,0.002575,0.006577,0.7082
A002504,Automotriz,Valparaíso,2469683,861,0,0,0.0,0.005048,0.011986,0.3536
A014980,Consumo,Valparaíso,2062549,829,14,0,0.0,0.007757,0.019474,0.5752
A006516,Automotriz,Otras,303369,909,0,0,0.0,0.002645,0.007992,0.3989
A012869,Automotriz,Otras,1343997,785,0,0,0.0,0.01397,0.038046,0.3608
A001040,Consumo,Metropolitana,701808,753,0,0,0.0,0.021367,0.060428,0.5687
A007287,Tarjeta,Otras,3521989,777,0,3797009,0.4,0.01554,0.035028,0.7697
A001614,Consumo,Metropolitana,1372524,800,0,0,0.0,0.011436,0.02849,0.6512
A010951,Automotriz,Valparaíso,1983394,830,0,0,0.0,0.007654,0.02419,0.409
A001349,Tarjeta,Biobío,566622,633,0,1045528,0.4,0.099508,0.281327,0.7139
A006283,Automotriz,Biobío,1271240,840,34,0,0.0,0.006693,0.019195,0.3633
A013055,Consumo,Metropolitana,3364503,808,0,0,0.0,0.010276,0.033183,0.6061
A002349,Consumo,Biobío,1756741,787,307,0,0.0,0.013603,0.04375,0.6002
A006018,Consumo,Metropolitana,838741,817,0,0,0.0,0.00911,0.027129,0.6244
A004427,Consumo,Metropolitana,1694752,840,0,0,0.0,0.006693,0.018163,0.6897
A011938,Automotriz,Valparaíso,2622625,658,0,0,0.0,0.073065,0.243295,0.3236
A011557,Tarjeta,Otras,708113,871,0,516944,0.4,0.004412,0.012838,0.6866
A012382,Tarjeta,Metropolitana,2699875,789,0,3474305,0.4,0.013245,0.039039,0.7007
A011440,Tarjeta,Metropolitana,3399428,745,0,7186690,0.4,0.023748,0.055043,0.7298
A012509,Tarjeta,Biobío,899143,897,0,1552272,0.4,0.003109,0.009781,0.7263
A003827,Automotriz,Biobío,2547421,779,171,0,0.0,0.015132,0.032281,0.3051
A003378,Consumo,Metropolitana,607544,758,0,0,0.0,0.019999,0.057162,0.653
A008885,Automotriz,Valparaíso,1765062,608,0,0,0.0,0.134137,0.40391,0.3822
A012146,Automotriz,Metropolitana,5012845,617,0,0,0.0,0.120629,0.359186,0.4027
A002715,Tarjeta,Metropolitana,3255288,796,0,4434951,0.4,0.012064,0.034965,0.6898
A003781,Automotriz,Metropolitana,6624340,950,0,0,0.0,0.001522,0.004219,0.3156
A014165,Automotriz,Otras,114637,911,0,0,0.0,0.002575,0.008293,0.526
A009311,Microempresa,Metropolitana,1636654,781,8,840129,0.4,0.014735,0.047115,0.5511
A009531,Tarjeta,Valparaíso,4643119,843,0,1472664,0.4,0.006429,0.016487,0.6309
A013041,Tarjeta,Metropolitana,6190587,713,157,11235658,0.4,0.036132,0.118423,0.7727
A008306,Consumo,Metropolitana,1031310,839,95,0,0.0,0.006783,0.021097,0.5856
A008805,Consumo,Valparaíso,4943238,838,0,0,0.0,0.006875,0.022227,0.6337
A003824,Tarjeta,Otras,1511995,823,0,3321446,0.4,0.008407,0.021736,0.7266
A006954,Microempresa,Biobío,871582,810,0,1375927,0.4,0.010005,0.026173,0.5194
A012490,Consumo,Metropolitana,632709,855,0,0,0.0,0.005472,0.01206,0.6585
A002906,Consumo,Biobío,5300834,861,236,0,0.0,0.005048,0.014554,0.6599
A004409,Consumo,Biobío,332129,830,54,0,0.0,0.007654,0.021304,0.6078
A002094,Automotriz,Biobío,1143612,822,0,0,0.0,0.00852,0.018515,0.3531
A004857,Microempresa,Otras,297636,841,0,483558,0.4,0.006604,0.016271,0.5518
A003523,Microempresa,Metropolitana,712109,811,0,234050,0.4,0.009872,0.02161,0.4827
A010372,Automotriz,Biobío,521071,830,0,0,0.0,0.007654,0.019096,0.3723
A011368,Consumo,Metropolitana,1350932,825,0,0,0.0,0.008184,0.026568,0.7217
A002330,Microempresa,Metropolitana,2583356,899,7,814092,0.4,0.003027,0.009425,0.4946
A001785,Automotriz,Otras,1076106,827,48,0,0.0,0.007968,0.024055,0.3527
A004887,Microempresa,Biobío,1034525,950,90,2151950,0.4,0.001522,0.003939,0.4973
A008329,Microempresa,Otras,2249851,840,0,1088362,0.4,0.006693,0.018856,0.5451
A008892,Consumo,Metropolitana,568848,818,0,0,0.0,0.008989,0.022367,0.5702
A009056,Automotriz,Otras,822682,719,0,0,0.0,0.033412,0.077282,0.3299
A014635,Microempresa,Biobío,829833,803,0,374614,0.4,0.010987,0.036366,0.5854
A011005,Tarjeta,Metropolitana,593003,774,19,962860,0.4,0.016173,0.045196,0.5957
A000833,Consumo,Metropolitana,456194,845,0,0,0.0,0.006258,0.01587,0.6302
A009266,Automotriz,Metropolitana,1033432,812,0,0,0.0,0.009741,0.022821,0.3597
A004969,Consumo,Metropolitana,1058258,723,0,0,0.0,0.031709,0.081988,0.5551
A008056,Microempresa,Metropolitana,584060,870,0,478243,0.4,0.004472,0.014376,0.4919
A004538,Microempresa,Otras,592616,894,0,312389,0.4,0.003237,0.010928,0.4211
A010622,Consumo,Valparaíso,441098,910,0,0,0.0,0.00261,0.008565,0.459
A004227,Tarjeta,Metropolitana,3733684,839,0,5887674,0.4,0.006783,0.015289,0.6673
A005266,Consumo,Metropolitana,3074401,793,0,0,0.0,0.012557,0.038654,0.64
A002908,Consumo,Metropolitana,513484,922,0,0,0.0,0.00222,0.005792,0.5278
A011855,Consumo,Otras,7120244,950,0,0,0.0,0.001522,0.00383,0.5577
A005259,Automotriz,Metropolitana,1709545,819,0,0,0.0,0.00887,0.018769,0.5274
A014350,Consumo,Metropolitana,891050,873,0,0,0.0,0.004295,0.011705,0.5926
A009872,Consumo,Metropolitana,867601,853,0,0,0.0,0.005621,0.012969,0.4919
A003136,Consumo,Valparaíso,240691,950,0,0,0.0,0.001522,0.004361,0.4928
A002965,Automotriz,Metropolitana,764963,927,0,0,0.0,0.002075,0.006009,0.3921
A001517,Automotriz,Metropolitana,6419115,761,32,0,0.0,0.019219,0.046678,0.4385
A002149,Automotriz,Metropolitana,1005461,788,0,0,0.0,0.013423,0.039248,0.4415
A011081,Consumo,Metropolitana,864205,771,0,0,0.0,0.016831,0.04955,0.6036
A007329,Consumo,Biobío,878560,861,0,0,0.0,0.005048,0.013376,0.6595
A008974,Tarjeta,Metropolitana,2134436,812,0,2321019,0.4,0.009741,0.032219,0.6852
A000910,Tarjeta,Metropolitana,811571,787,0,667194,0.4,0.013603,0.044532,0.68
A014380,Automotriz,Valparaíso,607365,807,0,0,0.0,0.010415,0.029618,0.3576
A001508,Consumo,Otras,9879438,913,265,0,0.0,0.002506,0.00661,0.6844
A000133,Tarjeta,Biobío,450581,926,0,320928,0.4,0.002103,0.006001,0.7189
A009376,Consumo,Otras,1083263,837,0,0,0.0,0.006968,0.015005,0.6388
A002091,Automotriz,Metropolitana,2315186,823,197,0,0.0,0.008407,0.02243,0.4415
A005370,Automotriz,Metropolitana,2273740,819,0,0,0.0,0.00887,0.028653,0.4225
A011357,Automotriz,Otras,508063,858,0,0,0.0,0.005255,0.012262,0.43
A010886,Tarjeta,Otras,950744,950,44,1514389,0.4,0.001522,0.005026,0.7276
A005067,Tarjeta,Metropolitana,733175,943,0,833502,0.4,0.001672,0.004596,0.6346
A002933,Consumo,Metropolitana,3930739,691,0,0,0.0,0.04804,0.150977,0.6138
A000705,Microempresa,Metropolitana,2600260,868,0,3802696,0.4,0.004594,0.01304,0.507
A009668,Automotriz,Metropolitana,353262,857,0,0,0.0,0.005326,0.01774,0.4022
A007048,Consumo,Otras,501806,878,0,0,0.0,0.004016,0.010641,0.608
A005448,Tarjeta,Metropolitana,1997027,715,110,4119331,0.4,0.035202,0.113383,0.7283
A010167,Tarjeta,Metropolitana,428816,925,0,443945,0.4,0.002132,0.005823,0.6753
A014002,Automotriz,Otras,6697969,885,0,0,0.0,0.003655,0.009511,0.415
A014174,Tarjeta,Metropolitana,1091426,811,15,908713,0.4,0.009872,0.029446,0.7689
A010844,Automotriz,Otras,2895081,797,0,0,0.0,0.011904,0.027864,0.3312
A003625,Consumo,Valparaíso,2364100,763,127,0,0.0,0.018716,0.043987,0.5526
A013993,Tarjeta,Biobío,2950821,748,90,3582292,0.4,0.022826,0.051483,0.74
A014837,Tarjeta,Valparaíso,2000082,721,0,2358404,0.4,0.03255,0.078778,0.6953
A000692,Microempresa,Metropolitana,1625981,828,0,2503223,0.4,0.007862,0.026006,0.5006
A011181,Tarjeta,Valparaíso,480031,818,0,970577,0.4,0.008989,0.022742,0.7523
A000614,Consumo,Valparaíso,1279948,866,0,0,0.0,0.004719,0.011013,0.6901
A003283,Microempresa,Metropolitana,595933,835,0,1300706,0.4,0.007157,0.023888,0.6075
A001500,Tarjeta,Valparaíso,903464,844,0,1014362,0.4,0.006343,0.017493,0.7964
A014299,Consumo,Biobío,860217,836,0,0,0.0,0.007062,0.019951,0.516
A011537,Consumo,Biobío,1104516,842,255,0,0.0,0.006516,0.019595,0.5805
A013936,Consumo,Valparaíso,1111075,882,0,0,0.0,0.003805,0.012219,0.5731
A001688,Tarjeta,Valparaíso,3358616,795,0,6884233,0.4,0.012226,0.030171,0.6834
A012356,Automotriz,Otras,544874,883,0,0,0.0,0.003754,0.009221,0.4946
A001254,Consumo,Otras,629620,835,28,0,0.0,0.007157,0.016609,0.6886
A013450,Consumo,Metropolitana,4261106,715,0,0,0.0,0.035202,0.08096,0.6429
A006571,Microempresa,Metropolitana,2143620,842,0,1072414,0.4,0.006516,0.015217,0.6157
A004065,Consumo,Biobío,1414319,950,0,0,0.0,0.001522,0.003531,0.599
A007077,Consumo,Otras,6700576,812,59,0,0.0,0.009741,0.021758,0.6238
A008861,Automotriz,Metropolitana,183272,877,60,0,0.0,0.00407,0.013061,0.4636
A005049,Consumo,Valparaíso,715066,793,0,0,0.0,0.012557,0.027639,0.5935
A002064,Automotriz,Metropolitana,1985089,846,0,0,0.0,0.006175,0.019091,0.3908
A003865,Microempresa,Valparaíso,2881746,884,0,4517080,0.4,0.003704,0.008396,0.5602
A014076,Consumo,Metropolitana,2155042,812,0,0,0.0,0.009741,0.029833,0.7055
A011658,Microempresa,Metropolitana,714687,805,0,648202,0.4,0.010697,0.030468,0.509
A003116,Automotriz,Metropolitana,1762259,900,0,0,0.0,0.002986,0.00709,0.3188
A006923,Consumo,Valparaíso,3652879,936,0,0,0.0,0.001838,0.005192,0.6261
A011533,Consumo,Metropolitana,3381145,866,0,0,0.0,0.004719,0.012427,0.6115
A011767,Consumo,Otras,2634282,804,55,0,0.0,0.010841,0.027793,0.6031
A013583,Consumo,Metropolitana,3114540,865,0,0,0.0,0.004783,0.01486,0.6477
A001687,Consumo,Metropolitana,1519887,860,0,0,0.0,0.005116,0.012328,0.6552
A006674,Automotriz,Otras,306789,851,0,0,0.0,0.005774,0.015984,0.4581
A002198,Consumo,Biobío,783498,692,0,0,0.0,0.047426,0.113345,0.6543
A012247,Consumo,Metropolitana,3315542,844,0,0,0.0,0.006343,0.02066,0.5991
A001405,Consumo,Metropolitana,692188,819,0,0,0.0,0.00887,0.022824,0.6426
A013060,Consumo,Valparaíso,563306,827,77,0,0.0,0.007968,0.019274,0.6102
A002871,Consumo,Valparaíso,5882593,826,0,0,0.0,0.008076,0.026223,0.4653
A012536,Consumo,Metropolitana,2059237,683,0,0,0.0,0.053233,0.163294,0.6828
A012727,Consumo,Otras,570649,824,0,0,0.0,0.008295,0.028037,0.683
A010126,Consumo,Biobío,2469268,762,0,0,0.0,0.018966,0.052315,0.6499
A009594,Tarjeta,Otras,145823,808,0,145984,0.4,0.010276,0.02191,0.7311
A012459,Consumo,Otras,2011075,950,0,0,0.0,0.001522,0.003647,0.6053
A004337,Consumo,Otras,1178241,802,3,0,0.0,0.011135,0.029922,0.6639
A000659,Consumo,Otras,1835432,783,0,0,0.0,0.014347,0.046572,0.6028
A000514,Consumo,Metropolitana,1384291,859,0,0,0.0,0.005185,0.016199,0.6129
A003304,Consumo,Otras,2196096,712,0,0,0.0,0.036605,0.104857,0.6014
A006971,Consumo,Metropolitana,1268620,884,6,0,0.0,0.003704,0.010093,0.6426
A014311,Consumo,Otras,2122694,950,0,0,0.0,0.001522,0.003577,0.6406
A011478,Tarjeta,Metropolitana,2074878,917,0,765821,0.4,0.002375,0.007572,0.7067
A005800,Consumo,Biobío,2566610,737,0,0,0.0,0.026388,0.075519,0.553
A006751,Microempresa,Metropolitana,2735637,819,0,4680468,0.4,0.00887,0.027699,0.5257
A012775,Microempresa,Metropolitana,511848,823,0,158822,0.4,0.008407,0.020231,0.4233
A014764,Consumo,Metropolitana,876963,826,0,0,0.0,0.008076,0.025597,0.6573
A014611,Consumo,Metropolitana,5427289,923,102,0,0.0,0.00219,0.007404,0.6019
A012990,Consumo,Biobío,436723,892,0,0,0.0,0.003326,0.011201,0.5749
A011192,Automotriz,Metropolitana,680436,882,0,0,0.0,0.003805,0.011277,0.4338
A013778,Consumo,Valparaíso,3076344,908,0,0,0.0,0.002681,0.007351,0.6092
A008284,Tarjeta,Metropolitana,714883,858,82,1093195,0.4,0.005255,0.011768,0.7837
A008865,Automotriz,Valparaíso,6591318,830,0,0,0.0,0.007654,0.022851,0.3744
A005602,Consumo,Valparaíso,4749495,921,0,0,0.0,0.00225,0.007454,0.5674
A001080,Consumo,Metropolitana,2046708,840,0,0,0.0,0.006693,0.018784,0.6435
A003420,Microempresa,Otras,621036,651,0,780833,0.4,0.079736,0.197379,0.5085
A002808,Tarjeta,Otras,772848,854,0,1312291,0.4,0.005546,0.014112,0.7719
A008747,Automotriz,Metropolitana,2438667,756,113,0,0.0,0.020535,0.067973,0.4582
A008153,Consumo,Otras,376455,893,0,0,0.0,0.003281,0.007459,0.6238
A008485,Microempresa,Metropolitana,2092098,806,0,857360,0.4,0.010555,0.035339,0.6233
A010716,Automotriz,Metropolitana,8435488,859,185,0,0.0,0.005185,0.013522,0.3407
A007320,Automotriz,Metropolitana,1224677,844,0,0,0.0,0.006343,0.017152,0.3406
A006195,Automotriz,Biobío,2276461,894,13,0,0.0,0.003237,0.010642,0.3991
A011030,Tarjeta,Otras,2044359,748,0,2022670,0.4,0.022826,0.073632,0.7529
A005784,Microempresa,Metropolitana,692435,893,0,1400435,0.4,0.003281,0.008756,0.5736
A005960,Tarjeta,Biobío,2704142,911,0,2958353,0.4,0.002575,0.008256,0.6967
A010982,Consumo,Metropolitana,533606,882,0,0,0.0,0.003805,0.009211,0.6815
A001097,Consumo,Metropolitana,960905,939,0,0,0.0,0.001765,0.004477,0.6047
A009437,Consumo,Biobío,1220839,846,0,0,0.0,0.006175,0.01509,0.5964
A003741,Automotriz,Biobío,1065826,759,0,0,0.0,0.019735,0.067064,0.4088
A000129,Tarjeta,Metropolitana,3751499,819,0,5517536,0.4,0.00887,0.027586,0.7549
A012816,Consumo,Valparaíso,1028949,816,0,0,0.0,0.009233,0.020574,0.5559
A007297,Automotriz,Otras,1345849,794,328,0,0.0,0.01239,0.037758,0.3609
A002002,Automotriz,Biobío,1236994,711,0,0,0.0,0.037085,0.090625,0.3245
A002556,Consumo,Otras,332702,922,0,0,0.0,0.00222,0.005411,0.6501
A008033,Microempresa,Metropolitana,1659026,847,0,2340628,0.4,0.006092,0.019994,0.564
A005068,Consumo,Biobío,1837225,765,0,0,0.0,0.018226,0.055798,0.6433
A006333,Consumo,Otras,899581,719,0,0,0.0,0.033412,0.10045,0.6012
A000660,Tarjeta,Metropolitana,1057012,772,0,831441,0.4,0.016609,0.052715,0.6839
A012422,Tarjeta,Valparaíso,2436500,810,0,2492019,0.4,0.010005,0.021307,0.6624
A008735,Tarjeta,Metropolitana,441302,867,0,479460,0.4,0.004656,0.012753,0.6991
A014133,Consumo,Biobío,1085727,889,0,0,0.0,0.003463,0.011419,0.6519
A007178,Consumo,Otras,629712,789,0,0,0.0,0.013245,0.035526,0.6044
A000038,Microempresa,Metropolitana,1610516,814,0,2682692,0.4,0.009484,0.021337,0.6046
A000939,Consumo,Otras,597786,830,0,0,0.0,0.007654,0.024474,0.5544
A011392,Consumo,Valparaíso,701015,840,0,0,0.0,0.006693,0.016558,0.6059
A006822,Automotriz,Metropolitana,573082,841,0,0,0.0,0.006604,0.016454,0.4403
A001821,Tarjeta,Valparaíso,641280,751,0,839937,0.4,0.021939,0.050933,0.736
A013242,Consumo,Metropolitana,2952875,855,0,0,0.0,0.005472,0.013294,0.5782
A005609,Consumo,Metropolitana,609908,869,0,0,0.0,0.004533,0.009695,0.6553
A005426,Tarjeta,Otras,903527,872,0,864983,0.4,0.004353,0.01435,0.6849
A009315,Consumo,Valparaíso,739850,826,0,0,0.0,0.008076,0.025368,0.6342
A013011,Microempresa,Otras,682484,767,0,331041,0.4,0.017749,0.046387,0.4731
A014573,Automotriz,Valparaíso,2051150,848,0,0,0.0,0.006011,0.019682,0.351
A000603,Tarjeta,Biobío,6105594,891,137,13286047,0.4,0.003371,0.01075,0.776
A007649,Automotriz,Metropolitana,5178140,783,0,0,0.0,0.014347,0.036894,0.3213
A008330,Tarjeta,Metropolitana,1768698,872,0,3887307,0.4,0.004353,0.009347,0.7751
A001963,Automotriz,Biobío,572312,871,0,0,0.0,0.004412,0.011999,0.3474
A006375,Consumo,Otras,2554386,673,142,0,0.0,0.060469,0.180885,0.6297
A004639,Consumo,Metropolitana,827308,852,0,0,0.0,0.005697,0.014495,0.5363
A007878,Tarjeta,Metropolitana,2055281,936,0,4147330,0.4,0.001838,0.005321,0.7542
A000407,Tarjeta,Otras,330451,690,0,162087,0.4,0.048662,0.148103,0.6539
A011928,Consumo,Otras,973793,906,0,0,0.0,0.002754,0.006896,0.6724
A002119,Tarjeta,Metropolitana,1032908,843,49,904230,0.4,0.006429,0.017404,0.702
A002471,Automotriz,Valparaíso,1661777,758,0,0,0.0,0.019999,0.046332,0.4424
A008852,Consumo,Metropolitana,162299,903,0,0,0.0,0.002868,0.007307,0.6345
A004327,Microempresa,Metropolitana,1068622,867,0,1230484,0.4,0.004656,0.009922,0.4994
A014788,Consumo,Metropolitana,3107922,799,0,0,0.0,0.01159,0.035096,0.6174
A008076,Tarjeta,Otras,2324229,930,0,1452307,0.4,0.001993,0.005832,0.6793
A000062,Tarjeta,Otras,3952396,771,0,6574741,0.4,0.016831,0.051972,0.722
A014101,Automotriz,Metropolitana,5377595,741,90,0,0.0,0.025034,0.05833,0.3775
A014753,Consumo,Valparaíso,1269163,811,46,0,0.0,0.009872,0.031241,0.6542
A007843,Consumo,Metropolitana,723518,767,0,0,0.0,0.017749,0.048693,0.7019
A011560,Tarjeta,Metropolitana,1516955,921,40,1878734,0.4,0.00225,0.006892,0.6957
A001202,Tarjeta,Metropolitana,283375,785,80,518582,0.4,0.01397,0.047039,0.7972
A002283,Consumo,Metropolitana,3475144,829,0,0,0.0,0.007757,0.016526,0.6873
A001203,Automotriz,Metropolitana,2038936,797,0,0,0.0,0.011904,0.034513,0.3861
A005694,Consumo,Metropolitana,3870459,895,0,0,0.0,0.003194,0.010368,0.523
A001350,Consumo,Biobío,418098,852,45,0,0.0,0.005697,0.012224,0.6444
A009867,Consumo,Biobío,688088,938,0,0,0.0,0.001789,0.004775,0.6376
A001882,Consumo,Metropolitana,1552012,769,0,0,0.0,0.017284,0.049926,0.5785
A008708,Tarjeta,Otras,2312625,950,0,2389395,0.4,0.001522,0.0044,0.7432
A013108,Consumo,Biobío,1200582,760,0,0,0.0,0.019476,0.064858,0.6032
A004811,Consumo,Metropolitana,1649273,678,0,0,0.0,0.056743,0.159608,0.7093
A013711,Consumo,Valparaíso,1028470,829,0,0,0.0,0.007757,0.021449,0.6726
A002269,Automotriz,Otras,1002867,950,63,0,0.0,0.001522,0.005063,0.3911
A014283,Automotriz,Metropolitana,2799186,905,0,0,0.0,0.002792,0.008035,0.3497
A009203,Tarjeta,Valparaíso,757694,756,0,1142080,0.4,0.020535,0.0493,0.7596
A001899,Automotriz,Biobío,2893993,858,0,0,0.0,0.005255,0.011976,0.4136
A005106,Tarjeta,Metropolitana,1123485,752,0,1283972,0.4,0.021651,0.068951,0.7244
A011076,Consumo,Biobío,2014026,791,0,0,0.0,0.012896,0.032208,0.6879
A006990,Automotriz,Valparaíso,594029,834,0,0,0.0,0.007254,0.017755,0.3254
A012906,Consumo,Metropolitana,1443218,920,0,0,0.0,0.00228,0.005552,0.5591
A011593,Tarjeta,Metropolitana,479149,810,0,226406,0.4,0.010005,0.029569,0.7775
A000714,Consumo,Metropolitana,659163,950,0,0,0.0,0.001522,0.004674,0.6161
A005739,Microempresa,Biobío,339044,772,0,587554,0.4,0.016609,0.054374,0.5572
A014824,Tarjeta,Biobío,2176266,792,0,2988649,0.4,0.012725,0.042773,0.6009
A012586,Automotriz,Otras,779688,788,0,0,0.0,0.013423,0.033258,0.3486
A003076,Consumo,Otras,860071,817,0,0,0.0,0.00911,0.021193,0.5434
A009278,Consumo,Otras,857537,833,36,0,0.0,0.007352,0.017354,0.6265
A008385,Consumo,Otras,26187195,938,0,0,0.0,0.001789,0.004515,0.6781
A010890,Automotriz,Valparaíso,1698148,891,0,0,0.0,0.003371,0.007207,0.3843
A013597,Consumo,Metropolitana,976086,800,0,0,0.0,0.011436,0.038406,0.5914
A014559,Tarjeta,Otras,2295803,803,0,3358601,0.4,0.010987,0.034159,0.6663
A008824,Automotriz,Metropolitana,994199,933,0,0,0.0,0.001914,0.005365,0.3275
A005034,Tarjeta,Otras,555792,747,0,647402,0.4,0.02313,0.068823,0.6879
A008804,Consumo,Otras,3177049,820,0,0,0.0,0.008752,0.024153,0.6325
A011470,Tarjeta,Otras,2977471,792,30,5825214,0.4,0.012725,0.042487,0.7289
A003057,Automotriz,Metropolitana,1193199,912,0,0,0.0,0.00254,0.007268,0.3492
A010910,Consumo,Otras,1768431,915,0,0,0.0,0.00244,0.005929,0.5944
A004074,Automotriz,Metropolitana,1909332,806,0,0,0.0,0.010555,0.033227,0.3645
A011482,Automotriz,Otras,3900627,734,0,0,0.0,0.02745,0.083044,0.3804
A002682,Consumo,Biobío,381647,911,0,0,0.0,0.002575,0.00705,0.6177
A008720,Automotriz,Metropolitana,1672870,776,0,0,0.0,0.015749,0.035477,0.4298
A009725,Consumo,Metropolitana,1274610,899,180,0,0.0,0.003027,0.009756,0.6052
A011124,Tarjeta,Metropolitana,2140000,797,0,2409689,0.4,0.011904,0.039346,0.6671
A007483,Automotriz,Metropolitana,1586372,841,36,0,0.0,0.006604,0.015211,0.3713
A010532,Microempresa,Metropolitana,1551745,872,65,3299362,0.4,0.004353,0.009176,0.4886
A012348,Consumo,Biobío,161242,935,0,0,0.0,0.001863,0.005857,0.6467
A004841,Consumo,Metropolitana,1312293,782,112,0,0.0,0.01454,0.04939,0.5969
A008491,Automotriz,Metropolitana,2720538,941,0,0,0.0,0.001718,0.003947,0.3426
A011269,Automotriz,Otras,859072,950,0,0,0.0,0.001522,0.004176,0.3203
A006707,Consumo,Valparaíso,2891840,661,94,0,0.0,0.070366,0.217988,0.6368
A005559,Automotriz,Metropolitana,205414,927,0,0,0.0,0.002075,0.00477,0.3967
A006572,Microempresa,Metropolitana,1911934,841,93,4128678,0.4,0.006604,0.014288,0.6175
A008014,Microempresa,Otras,925810,806,0,1105928,0.4,0.010555,0.025702,0.4847
A007823,Consumo,Valparaíso,937047,831,0,0,0.0,0.007552,0.024624,0.6076
A010761,Tarjeta,Otras,7215862,779,0,13862841,0.4,0.015132,0.042042,0.6903
A000513,Consumo,Biobío,2682490,897,0,0,0.0,0.003109,0.00982,0.6149
A004646,Tarjeta,Metropolitana,1930676,675,255,1192401,0.4,0.058952,0.198918,0.6416
A004118,Consumo,Metropolitana,2111547,711,0,0,0.0,0.037085,0.084794,0.6339
A012339,Consumo,Metropolitana,8700754,710,305,0,0.0,0.03757,0.11394,0.6661
A002174,Tarjeta,Metropolitana,278643,786,0,301087,0.4,0.013785,0.035374,0.658
A012986,Consumo,Otras,3432920,845,0,0,0.0,0.006258,0.01445,0.6653
A013311,Consumo,Metropolitana,1384841,944,0,0,0.0,0.00165,0.004357,0.6737
A004664,Consumo,Metropolitana,1146620,752,0,0,0.0,0.021651,0.046556,0.6547
A014318,Tarjeta,Metropolitana,808064,814,0,403645,0.4,0.009484,0.024309,0.7503
A001945,Consumo,Otras,757581,939,85,0,0.0,0.001765,0.004135,0.5737
A003715,Consumo,Metropolitana,891041,779,0,0,0.0,0.015132,0.048411,0.6739
A002379,Consumo,Metropolitana,2274394,810,0,0,0.0,0.010005,0.027554,0.5457
A012961,Automotriz,Metropolitana,88510,820,0,0,0.0,0.008752,0.018949,0.3314
A011166,Tarjeta,Metropolitana,866402,866,0,1336448,0.4,0.004719,0.01033,0.7671
A003635,Consumo,Metropolitana,219589,820,46,0,0.0,0.008752,0.027564,0.6326
A006445,Tarjeta,Metropolitana,956541,754,0,879720,0.4,0.021086,0.065097,0.6835
A006456,Microempresa,Metropolitana,1701821,897,0,1743698,0.4,0.003109,0.008901,0.5379
A010411,Microempresa,Metropolitana,1360326,868,45,2817777,0.4,0.004594,0.014688,0.5255
A001140,Microempresa,Valparaíso,2103345,799,67,3507761,0.4,0.01159,0.035116,0.5478
A000844,Consumo,Otras,394120,810,0,0,0.0,0.010005,0.022908,0.6763
A011834,Consumo,Metropolitana,1402329,729,157,0,0.0,0.029312,0.064736,0.6201
A004995,Tarjeta,Valparaíso,1033616,866,23,1444896,0.4,0.004719,0.011374,0.5924
A005583,Consumo,Metropolitana,3798972,801,0,0,0.0,0.011285,0.030861,0.6331
A009334,Consumo,Metropolitana,1722299,950,0,0,0.0,0.001522,0.004119,0.635
A009559,Microempresa,Metropolitana,3908387,774,0,2673992,0.4,0.016173,0.052756,0.7094
A002901,Automotriz,Valparaíso,1621352,932,0,0,0.0,0.00194,0.006318,0.299
A012578,Consumo,Valparaíso,3569178,909,0,0,0.0,0.002645,0.006084,0.6722
A012250,Automotriz,Metropolitana,3378630,799,90,0,0.0,0.01159,0.029296,0.4151
A014441,Consumo,Metropolitana,347836,865,0,0,0.0,0.004783,0.011691,0.6482
A014497,Consumo,Otras,894833,804,0,0,0.0,0.010841,0.024391,0.6231
A006212,Consumo,Metropolitana,144372,827,0,0,0.0,0.007968,0.023622,0.6245
A012409,Microempresa,Valparaíso,1083211,908,0,1637076,0.4,0.002681,0.006419,0.6121
A006794,Consumo,Metropolitana,206538,950,0,0,0.0,0.001522,0.003332,0.6675
A005221,Consumo,Biobío,4089537,820,0,0,0.0,0.008752,0.027951,0.5718
A010826,Consumo,Metropolitana,1033503,805,0,0,0.0,0.010697,0.024027,0.6618
A012454,Automotriz,Metropolitana,2228513,726,0,0,0.0,0.030488,0.081721,0.3773
A006174,Consumo,Valparaíso,1883351,825,0,0,0.0,0.008184,0.021239,0.6138
A008115,Consumo,Metropolitana,875194,810,0,0,0.0,0.010005,0.025506,0.6596
A003125,Tarjeta,Metropolitana,758288,872,119,340628,0.4,0.004353,0.01161,0.6685
A009945,Consumo,Metropolitana,858574,947,0,0,0.0,0.001584,0.004542,0.6029
A002061,Tarjeta,Otras,2373981,800,0,4002797,0.4,0.011436,0.031065,0.7088
A002035,Tarjeta,Biobío,1619496,879,0,2820954,0.4,0.003962,0.010637,0.732
A012217,Tarjeta,Biobío,1433278,869,77,2219517,0.4,0.004533,0.015103,0.7225
A001650,Automotriz,Otras,262938,926,0,0,0.0,0.002103,0.006881,0.3256
A011295,Consumo,Otras,158619,774,0,0,0.0,0.016173,0.044512,0.6261
A005905,Tarjeta,Valparaíso,1635768,827,0,1614924,0.4,0.007968,0.020666,0.6638
A014723,Consumo,Otras,6574707,926,0,0,0.0,0.002103,0.006303,0.5787
A008303,Microempresa,Metropolitana,1309597,918,0,863883,0.4,0.002343,0.006719,0.5454
A004604,Consumo,Valparaíso,1414445,837,0,0,0.0,0.006968,0.021467,0.662
A012455,Automotriz,Metropolitana,2523104,754,0,0,0.0,0.021086,0.067511,0.3352
A010616,Consumo,Otras,666538,701,73,0,0.0,0.042224,0.132802,0.6548
A001861,Tarjeta,Biobío,1037061,944,0,684108,0.4,0.00165,0.003475,0.7471
A000594,Consumo,Biobío,2372799,849,112,0,0.0,0.005931,0.016849,0.5493
A001322,Tarjeta,Metropolitana,5706220,661,90,12250418,0.4,0.070366,0.15311,0.701
A009577,Consumo,Metropolitana,3258960,877,0,0,0.0,0.00407,0.013586,0.6532
A009827,Consumo,Valparaíso,4083134,809,0,0,0.0,0.01014,0.024469,0.6487
A009095,Consumo,Otras,4350768,791,88,0,0.0,0.012896,0.040141,0.6407
A008934,Tarjeta,Metropolitana,978907,899,0,317894,0.4,0.003027,0.007712,0.6455
A013484,Consumo,Metropolitana,2380303,950,0,0,0.0,0.001522,0.003914,0.6572
A007714,Tarjeta,Otras,2558806,795,0,3023143,0.4,0.012226,0.035844,0.6623
A005735,Automotriz,Otras,4709882,584,216,0,0.0,0.176457,0.391939,0.2804
A006126,Microempresa,Metropolitana,2045338,759,186,1240977,0.4,0.019735,0.0546,0.4949
A009085,Consumo,Metropolitana,1941030,793,0,0,0.0,0.012557,0.040661,0.6178
A005432,Automotriz,Metropolitana,635048,870,0,0,0.0,0.004472,0.009922,0.4456
A012633,Consumo,Biobío,625425,871,0,0,0.0,0.004412,0.01006,0.6961
A002176,Automotriz,Metropolitana,1219780,789,40,0,0.0,0.013245,0.035868,0.3026
A003300,Tarjeta,Biobío,401859,785,0,776572,0.4,0.01397,0.040026,0.7065
A007999,Tarjeta,Otras,827577,892,0,489563,0.4,0.003326,0.007881,0.7586
A010494,Consumo,Valparaíso,4105334,865,90,0,0.0,0.004783,0.015247,0.6267
A000180,Tarjeta,Metropolitana,1563708,844,0,2657633,0.4,0.006343,0.013415,0.622
A012427,Consumo,Biobío,424635,893,77,0,0.0,0.003281,0.011035,0.6842
A010065,Consumo,Metropolitana,3003284,647,0,0,0.0,0.083793,0.195486,0.5137
A000402,Consumo,Metropolitana,2218022,806,0,0,0.0,0.010555,0.023571,0.6143
A003071,Consumo,Metropolitana,2426077,627,0,0,0.0,0.107013,0.254089,0.5512
A008813,Automotriz,Biobío,2799052,656,0,0,0.0,0.074916,0.192883,0.417
A014294,Tarjeta,Metropolitana,1045146,785,0,1610071,0.4,0.01397,0.043218,0.6955
A012111,Consumo,Metropolitana,454756,900,0,0,0.0,0.002986,0.008834,0.6418
A001860,Microempresa,Metropolitana,2011205,804,0,4278046,0.4,0.010841,0.02416,0.5566
A012524,Tarjeta,Metropolitana,1327165,950,0,1281597,0.4,0.001522,0.00496,0.5451
A012155,Automotriz,Metropolitana,2312544,786,0,0,0.0,0.013785,0.04585,0.4103
A001139,Tarjeta,Otras,5745467,831,0,8898880,0.4,0.007552,0.015904,0.7116
A009029,Tarjeta,Biobío,850154,902,0,293423,0.4,0.002907,0.008566,0.7207
A004057,Automotriz,Biobío,2068332,832,0,0,0.0,0.007451,0.023614,0.3344
A003030,Consumo,Biobío,2095787,912,0,0,0.0,0.00254,0.005875,0.5938
A000493,Tarjeta,Otras,678720,950,0,1136038,0.4,0.001522,0.00382,0.7039
A012501,Tarjeta,Otras,225815,832,13,358605,0.4,0.007451,0.019646,0.772
A013735,Consumo,Otras,764931,838,0,0,0.0,0.006875,0.019794,0.5846
A008298,Consumo,Otras,2308808,746,0,0,0.0,0.023437,0.074807,0.5475
A000483,Consumo,Biobío,304542,950,0,0,0.0,0.001522,0.004844,0.6758
A014580,Microempresa,Metropolitana,4413375,909,0,4499243,0.4,0.002645,0.006154,0.5668
A010211,Consumo,Otras,569124,840,85,0,0.0,0.006693,0.016775,0.6855
A014155,Automotriz,Biobío,868527,950,0,0,0.0,0.001522,0.003364,0.4159
A001953,Consumo,Metropolitana,261960,737,0,0,0.0,0.026388,0.060883,0.5805
A008332,Automotriz,Metropolitana,518296,868,0,0,0.0,0.004594,0.014293,0.3976
A001086,Tarjeta,Valparaíso,2285610,779,0,762982,0.4,0.015132,0.037793,0.6948
A014548,Automotriz,Metropolitana,1454947,785,0,0,0.0,0.01397,0.045312,0.3498
A012827,Automotriz,Biobío,690446,866,0,0,0.0,0.004719,0.013531,0.3671
A010023,Automotriz,Biobío,574957,823,0,0,0.0,0.008407,0.020112,0.3996
A007759,Tarjeta,Biobío,3743990,803,0,7092731,0.4,0.010987,0.03535,0.7325
A002022,Tarjeta,Valparaíso,1603337,690,0,1210179,0.4,0.048662,0.140893,0.6911
A011135,Consumo,Metropolitana,1186428,815,75,0,0.0,0.009358,0.031148,0.6607
A006809,Tarjeta,Otras,3942281,887,0,2312757,0.4,0.003557,0.011597,0.6331
A006373,Microempresa,Metropolitana,3853786,666,327,4137127,0.4,0.066072,0.159654,0.5528
A007648,Tarjeta,Otras,1041806,870,0,856359,0.4,0.004472,0.014409,0.739
A003550,Microempresa,Biobío,1053110,805,0,959856,0.4,0.010697,0.03005,0.5664
A004469,Microempresa,Metropolitana,862461,734,0,888047,0.4,0.02745,0.062239,0.5502
A012357,Consumo,Metropolitana,1642877,922,0,0,0.0,0.00222,0.007327,0.5777
A013515,Tarjeta,Otras,646155,872,0,981385,0.4,0.004353,0.010016,0.6634
A008782,Tarjeta,Metropolitana,1492760,826,0,2882637,0.4,0.008076,0.019967,0.7573
A007192,Tarjeta,Biobío,2590137,876,88,4575268,0.4,0.004125,0.012909,0.6564
A002122,Tarjeta,Metropolitana,2625621,837,0,2220130,0.4,0.006968,0.023683,0.793
A003489,Microempresa,Otras,4538606,870,0,2792018,0.4,0.004472,0.010649,0.501
A003248,Consumo,Biobío,1221210,773,0,0,0.0,0.016389,0.047916,0.5498
A003733,Consumo,Biobío,3262219,915,0,0,0.0,0.00244,0.00608,0.6822
A003898,Microempresa,Metropolitana,2191739,912,0,2389192,0.4,0.00254,0.007736,0.5053
A014213,Automotriz,Valparaíso,2631806,889,0,0,0.0,0.003463,0.008523,0.4747
A005728,Consumo,Otras,1624584,905,0,0,0.0,0.002792,0.008291,0.6252
A014018,Consumo,Otras,2822338,781,0,0,0.0,0.014735,0.044808,0.5672
A011386,Consumo,Otras,1186137,800,0,0,0.0,0.011436,0.033642,0.6505
A009227,Consumo,Metropolitana,1074438,918,0,0,0.0,0.002343,0.005156,0.6657
A002310,Tarjeta,Otras,1242322,796,69,1229124,0.4,0.012064,0.025496,0.677
A002296,Microempresa,Biobío,2695243,583,183,2064612,0.4,0.178429,0.587069,0.5475
A006464,Consumo,Metropolitana,955155,878,0,0,0.0,0.004016,0.008811,0.6071
A008393,Consumo,Otras,793676,899,0,0,0.0,0.003027,0.010109,0.6352
A001624,Consumo,Biobío,326215,716,0,0,0.0,0.034746,0.116229,0.6235
A006351,Tarjeta,Metropolitana,570095,945,0,631102,0.4,0.001628,0.003977,0.7506
A003415,Consumo,Otras,748683,934,0,0,0.0,0.001888,0.005794,0.5531
A011067,Consumo,Valparaíso,440261,840,0,0,0.0,0.006693,0.020306,0.6798
A013997,Consumo,Biobío,499952,756,0,0,0.0,0.020535,0.054174,0.6814
A003926,Automotriz,Valparaíso,848038,873,0,0,0.0,0.004295,0.012688,0.2888
A014805,Consumo,Metropolitana,190698,820,0,0,0.0,0.008752,0.022761,0.6761
A014537,Automotriz,Otras,1781946,784,0,0,0.0,0.014158,0.033926,0.4428
A003273,Consumo,Metropolitana,4407793,924,0,0,0.0,0.002161,0.005685,0.5755
A013403,Tarjeta,Valparaíso,2625422,504,90,2665164,0.4,0.387114,0.97,0.7581
A014811,Tarjeta,Metropolitana,1799409,741,0,2460078,0.4,0.025034,0.076502,0.7587
A014435,Automotriz,Metropolitana,1228675,794,38,0,0.0,0.01239,0.039383,0.481
A002302,Consumo,Metropolitana,471419,835,0,0,0.0,0.007157,0.020081,0.6392
A006316,Tarjeta,Valparaíso,1317189,697,406,1839378,0.4,0.044465,0.113219,0.7725
A000421,Automotriz,Otras,2188851,719,48,0,0.0,0.033412,0.110126,0.4015
A010812,Consumo,Valparaíso,307548,788,0,0,0.0,0.013423,0.031658,0.6127
A010607,Tarjeta,Otras,1464011,809,0,809427,0.4,0.01014,0.027893,0.6884
A002986,Tarjeta,Valparaíso,690215,922,0,817169,0.4,0.00222,0.007005,0.6678
A006009,Automotriz,Metropolitana,3194319,844,0,0,0.0,0.006343,0.016328,0.4279
A011745,Consumo,Valparaíso,667926,842,0,0,0.0,0.006516,0.021607,0.5939
A013301,Consumo,Metropolitana,1634959,891,150,0,0.0,0.003371,0.010205,0.5986
A010637,Consumo,Metropolitana,390209,763,0,0,0.0,0.018716,0.057246,0.6023
A006606,Automotriz,Otras,2655074,843,0,0,0.0,0.006429,0.015579,0.4023
A007147,Consumo,Biobío,651545,848,42,0,0.0,0.006011,0.018346,0.5819
A007933,Consumo,Valparaíso,5519799,906,0,0,0.0,0.002754,0.006914,0.6431
A003529,Consumo,Metropolitana,709053,774,0,0,0.0,0.016173,0.037343,0.5624
A009835,Tarjeta,Metropolitana,1740124,819,0,3338272,0.4,0.00887,0.018947,0.7211
A002778,Tarjeta,Otras,1451426,839,0,1483932,0.4,0.006783,0.021968,0.7129
A006166,Tarjeta,Otras,327379,867,65,520083,0.4,0.004656,0.010541,0.6693
A008935,Tarjeta,Metropolitana,836123,916,0,1504649,0.4,0.002407,0.00787,0.6779
A009764,Tarjeta,Biobío,713826,819,0,1028559,0.4,0.00887,0.025553,0.7535
A004540,Automotriz,Metropolitana,1744527,690,48,0,0.0,0.048662,0.108381,0.4105
A004300,Consumo,Metropolitana,2540505,783,0,0,0.0,0.014347,0.034956,0.6609
A002991,Automotriz,Metropolitana,582856,895,79,0,0.0,0.003194,0.006927,0.4193
A013780,Consumo,Metropolitana,3096482,779,0,0,0.0,0.015132,0.035916,0.5527
A002571,Consumo,Biobío,1763683,936,0,0,0.0,0.001838,0.004931,0.5903
A014258,Consumo,Metropolitana,736408,787,0,0,0.0,0.013603,0.037892,0.5917
A009269,Automotriz,Metropolitana,1795922,928,0,0,0.0,0.002047,0.006098,0.406
A002666,Consumo,Metropolitana,3976843,870,95,0,0.0,0.004472,0.012947,0.5927
A005461,Consumo,Metropolitana,913654,706,0,0,0.0,0.039575,0.126821,0.7105
A000170,Tarjeta,Metropolitana,465644,913,0,928480,0.4,0.002506,0.008341,0.7021
A003491,Consumo,Otras,2762939,896,0,0,0.0,0.003151,0.01007,0.6055
A012682,Automotriz,Metropolitana,957995,675,0,0,0.0,0.058952,0.153199,0.3304
A014857,Consumo,Otras,3748175,940,0,0,0.0,0.001741,0.003953,0.6723
A006032,Consumo,Otras,1194573,879,0,0,0.0,0.003962,0.011509,0.5943
A002656,Consumo,Valparaíso,3741382,877,0,0,0.0,0.00407,0.012188,0.6138
A006934,Consumo,Metropolitana,457600,863,0,0,0.0,0.004914,0.012325,0.6298
A005271,Consumo,Otras,2643216,646,0,0,0.0,0.084836,0.209003,0.5355
A009237,Automotriz,Biobío,1800918,748,0,0,0.0,0.022826,0.072582,0.3222
A002006,Automotriz,Otras,1241448,560,0,0,0.0,0.228603,0.600261,0.4583
A008391,Consumo,Otras,386108,900,0,0,0.0,0.002986,0.010013,0.6282
A010110,Microempresa,Valparaíso,1842701,808,0,659528,0.4,0.010276,0.021725,0.5628
A013410,Consumo,Metropolitana,1426912,884,0,0,0.0,0.003704,0.008961,0.6238
A009795,Consumo,Biobío,694884,852,0,0,0.0,0.005697,0.012835,0.6111
A007898,Tarjeta,Otras,322089,771,0,411437,0.4,0.016831,0.043903,0.6417
A011327,Tarjeta,Otras,8115640,822,36,10229904,0.4,0.00852,0.017981,0.7126
A003994,Consumo,Metropolitana,321743,857,0,0,0.0,0.005326,0.012615,0.5496
A005048,Tarjeta,Biobío,653671,872,52,867856,0.4,0.004353,0.014759,0.7201
A011737,Consumo,Metropolitana,283344,823,0,0,0.0,0.008407,0.025112,0.6541
A004285,Consumo,Otras,2111032,717,0,0,0.0,0.034296,0.111635,0.6524
A009162,Automotriz,Otras,1219871,816,0,0,0.0,0.009233,0.02164,0.3038
A010407,Tarjeta,Valparaíso,2727178,630,0,5406309,0.4,0.1032,0.335519,0.7579
A000853,Consumo,Otras,541582,842,0,0,0.0,0.006516,0.013698,0.6731
A011292,Consumo,Otras,3962994,889,0,0,0.0,0.003463,0.010003,0.6174
A004564,Tarjeta,Metropolitana,3351054,794,0,5761926,0.4,0.01239,0.038803,0.6798
A010758,Tarjeta,Biobío,2228972,896,90,3791775,0.4,0.003151,0.008113,0.7033
A007628,Consumo,Metropolitana,858131,854,74,0,0.0,0.005546,0.015646,0.6281
A006184,Automotriz,Metropolitana,673174,774,0,0,0.0,0.016173,0.042139,0.4573
A003636,Automotriz,Metropolitana,5772397,859,0,0,0.0,0.005185,0.012432,0.4331
A012715,Consumo,Valparaíso,3085676,896,0,0,0.0,0.003151,0.007332,0.5797
A001780,Consumo,Metropolitana,1102187,914,0,0,0.0,0.002473,0.005517,0.5613
A000831,Consumo,Otras,254586,846,0,0,0.0,0.006175,0.014118,0.5923
A000202,Consumo,Biobío,2200921,830,0,0,0.0,0.007654,0.018516,0.5963
A007307,Tarjeta,Metropolitana,8977030,895,17,8847832,0.4,0.003194,0.008723,0.5971
A009394,Consumo,Valparaíso,1636646,806,0,0,0.0,0.010555,0.034263,0.56
A010325,Tarjeta,Otras,1469598,803,286,2694833,0.4,0.010987,0.028451,0.7115
A012532,Microempresa,Metropolitana,956609,950,0,1307980,0.4,0.001522,0.004159,0.5
A001727,Consumo,Metropolitana,508392,911,127,0,0.0,0.002575,0.008567,0.6186
A006378,Consumo,Biobío,888261,840,69,0,0.0,0.006693,0.021002,0.5263
A005044,Automotriz,Metropolitana,294132,774,0,0,0.0,0.016173,0.05029,0.3862
A006499,Consumo,Valparaíso,1735256,872,0,0,0.0,0.004353,0.010574,0.596
A013268,Consumo,Metropolitana,1778318,858,0,0,0.0,0.005255,0.012025,0.6292
A003225,Microempresa,Valparaíso,1000948,871,0,672201,0.4,0.004412,0.014588,0.53
A013772,Consumo,Valparaíso,1091147,833,0,0,0.0,0.007352,0.019727,0.5779
A006377,Tarjeta,Biobío,927265,832,0,1376887,0.4,0.007451,0.022442,0.6619
A014040,Tarjeta,Metropolitana,1894086,792,0,1897383,0.4,0.012725,0.033375,0.6328
A008642,Tarjeta,Biobío,2058961,903,0,2466306,0.4,0.002868,0.006362,0.6911
A003495,Automotriz,Otras,702459,907,0,0,0.0,0.002717,0.006663,0.3972
A005250,Consumo,Otras,4159404,925,51,0,0.0,0.002132,0.004542,0.6205
A001653,Tarjeta,Valparaíso,2432596,716,0,5218710,0.4,0.034746,0.087798,0.7596
A010786,Tarjeta,Metropolitana,828323,784,0,1321826,0.4,0.014158,0.04729,0.6254
A003442,Tarjeta,Metropolitana,308907,885,0,667025,0.4,0.003655,0.011042,0.7781
A010968,Consumo,Otras,3055641,858,0,0,0.0,0.005255,0.014521,0.6667
A014080,Tarjeta,Metropolitana,2416841,784,92,2631020,0.4,0.014158,0.040235,0.7016
A009324,Consumo,Biobío,1101201,665,0,0,0.0,0.066911,0.19685,0.6094
A006657,Tarjeta,Otras,1147772,823,0,1845925,0.4,0.008407,0.020669,0.7283
A012390,Automotriz,Valparaíso,1444601,878,0,0,0.0,0.004016,0.012781,0.3685
A014252,Consumo,Metropolitana,2299197,763,0,0,0.0,0.018716,0.043704,0.603
A012713,Microempresa,Valparaíso,1584005,920,73,2567772,0.4,0.00228,0.00685,0.4807
A007616,Consumo,Metropolitana,1460966,729,0,0,0.0,0.029312,0.095896,0.6059
A004067,Consumo,Metropolitana,3161656,848,0,0,0.0,0.006011,0.015133,0.5441
A013394,Consumo,Metropolitana,5646161,607,0,0,0.0,0.135714,0.417772,0.6474
A006820,Automotriz,Metropolitana,2231088,871,0,0,0.0,0.004412,0.010856,0.4231
A009526,Tarjeta,Metropolitana,1179938,719,0,1055676,0.4,0.033412,0.082629,0.7522
A006699,Consumo,Metropolitana,980826,861,0,0,0.0,0.005048,0.016386,0.7494
A010155,Tarjeta,Metropolitana,179825,853,0,355231,0.4,0.005621,0.013719,0.7971
A010146,Automotriz,Otras,279105,785,0,0,0.0,0.01397,0.045937,0.4203
A009539,Tarjeta,Otras,3189029,686,0,6773810,0.4,0.051226,0.121578,0.7555
A002836,Tarjeta,Valparaíso,1789985,773,0,2604005,0.4,0.016389,0.05378,0.6885
A010760,Tarjeta,Metropolitana,1050925,625,27,1415159,0.4,0.109623,0.247065,0.6658
A001593,Automotriz,Biobío,753030,859,0,0,0.0,0.005185,0.013691,0.5045
A005880,Automotriz,Metropolitana,199393,870,0,0,0.0,0.004472,0.011813,0.4117
A000130,Automotriz,Otras,933947,930,0,0,0.0,0.001993,0.005971,0.4129
A007949,Consumo,Otras,1499447,887,0,0,0.0,0.003557,0.007777,0.6557
A003428,Automotriz,Metropolitana,2015550,827,0,0,0.0,0.007968,0.021685,0.3415
A006520,Tarjeta,Metropolitana,4019233,809,314,3392399,0.4,0.01014,0.032778,0.6346
A014227,Tarjeta,Metropolitana,494304,891,0,320457,0.4,0.003371,0.009176,0.6559
A003582,Consumo,Metropolitana,388581,870,0,0,0.0,0.004472,0.014574,0.6824
A009052,Consumo,Biobío,5955574,931,0,0,0.0,0.001966,0.004784,0.7798
A001820,Tarjeta,Valparaíso,1721914,730,0,3691601,0.4,0.02893,0.073804,0.7741
A002202,Tarjeta,Otras,667439,814,0,1404401,0.4,0.009484,0.030893,0.7471
A004693,Consumo,Metropolitana,1421658,903,0,0,0.0,0.002868,0.009237,0.5793
A005204,Tarjeta,Metropolitana,1374429,930,0,2281283,0.4,0.001993,0.006724,0.6953
A010762,Consumo,Otras,3547523,869,0,0,0.0,0.004533,0.011917,0.6362
A013605,Microempresa,Otras,1832712,866,0,2271047,0.4,0.004719,0.01385,0.4549
A006296,Microempresa,Metropolitana,3827000,841,0,4666098,0.4,0.006604,0.014094,0.5586
A007610,Automotriz,Biobío,492810,836,0,0,0.0,0.007062,0.01567,0.3856
A008361,Consumo,Metropolitana,1243976,884,0,0,0.0,0.003704,0.011802,0.6178
A010802,Automotriz,Metropolitana,2049592,795,0,0,0.0,0.012226,0.026054,0.4748
A010557,Tarjeta,Metropolitana,3170694,809,0,3287045,0.4,0.01014,0.026074,0.7919
A012635,Tarjeta,Valparaíso,4219473,694,90,8262326,0.4,0.04622,0.139721,0.767
A003731,Consumo,Valparaíso,933086,836,60,0,0.0,0.007062,0.021344,0.5554
A002232,Consumo,Metropolitana,489260,807,0,0,0.0,0.010415,0.022712,0.5991
A000422,Tarjeta,Metropolitana,1206529,950,0,1822334,0.4,0.001522,0.003558,0.7656
A013490,Automotriz,Metropolitana,683367,950,0,0,0.0,0.001522,0.003224,0.2585
A010258,Consumo,Metropolitana,5094035,728,0,0,0.0,0.029699,0.085136,0.6898
A014185,Consumo,Otras,3986991,874,0,0,0.0,0.004238,0.009431,0.5303
A003637,Consumo,Metropolitana,3610669,860,0,0,0.0,0.005116,0.012338,0.5971
A002039,Microempresa,Metropolitana,373572,889,0,155519,0.4,0.003463,0.009946,0.59
A008015,Tarjeta,Otras,2832735,508,90,3937682,0.4,0.37437,0.97,0.6712
A006501,Consumo,Otras,916049,934,0,0,0.0,0.001888,0.004926,0.6251
A010153,Microempresa,Otras,2774334,752,49,5379971,0.4,0.021651,0.055068,0.5877
A001510,Consumo,Biobío,1479025,929,0,0,0.0,0.00202,0.004398,0.5736
A000197,Consumo,Valparaíso,262729,795,0,0,0.0,0.012226,0.03592,0.6656
A008359,Consumo,Metropolitana,807559,916,0,0,0.0,0.002407,0.007836,0.5299
A013493,Consumo,Valparaíso,2721171,919,0,0,0.0,0.002311,0.005296,0.6405
A012791,Consumo,Metropolitana,3043645,726,90,0,0.0,0.030488,0.06895,0.6234
A004396,Consumo,Otras,2440519,926,0,0,0.0,0.002103,0.005594,0.6364
A010679,Automotriz,Metropolitana,821687,950,0,0,0.0,0.001522,0.003629,0.3678
A012960,Tarjeta,Biobío,4542253,869,0,3975195,0.4,0.004533,0.011718,0.6381
A002192,Consumo,Metropolitana,1558646,831,0,0,0.0,0.007552,0.016831,0.605
A000417,Tarjeta,Metropolitana,1658050,857,0,2704109,0.4,0.005326,0.013066,0.7249
A001489,Consumo,Valparaíso,769759,885,0,0,0.0,0.003655,0.007733,0.5111
A014953,Consumo,Valparaíso,514677,830,0,0,0.0,0.007654,0.021743,0.6469
A013739,Tarjeta,Otras,2402487,828,90,3418659,0.4,0.007862,0.0236,0.6414
A003530,Automotriz,Valparaíso,1255182,851,0,0,0.0,0.005774,0.012423,0.435
A005505,Microempresa,Otras,2310739,938,0,4544233,0.4,0.001789,0.00425,0.4358
A010069,Tarjeta,Metropolitana,1675210,840,0,2382939,0.4,0.006693,0.01992,0.6234
A001978,Consumo,Biobío,556566,861,0,0,0.0,0.005048,0.015954,0.6679
A008462,Automotriz,Valparaíso,2252295,689,0,0,0.0,0.049291,0.161002,0.3263
A002339,Microempresa,Biobío,268644,841,20,261814,0.4,0.006604,0.014186,0.5894
A002558,Consumo,Metropolitana,635669,855,0,0,0.0,0.005472,0.018535,0.5671
A013872,Tarjeta,Metropolitana,403305,950,0,153587,0.4,0.001522,0.005067,0.6105
A005445,Consumo,Valparaíso,8257995,812,92,0,0.0,0.009741,0.026256,0.7012
A004942,Automotriz,Metropolitana,912614,831,64,0,0.0,0.007552,0.021377,0.3739
A001256,Microempresa,Metropolitana,3218130,749,90,7058179,0.4,0.022527,0.050026,0.5583
A013786,Automotriz,Otras,1894629,823,83,0,0.0,0.008407,0.024847,0.3852
A014375,Automotriz,Otras,3489384,949,71,0,0.0,0.001542,0.004341,0.427
A002483,Consumo,Otras,1022775,797,0,0,0.0,0.011904,0.027419,0.6467
A010040,Consumo,Biobío,584173,652,0,0,0.0,0.07875,0.182598,0.6606
A002681,Consumo,Metropolitana,6506888,900,0,0,0.0,0.002986,0.009054,0.6356
A000412,Tarjeta,Metropolitana,2936721,794,0,2320406,0.4,0.01239,0.031062,0.6785
A000004,Consumo,Valparaíso,1871134,877,0,0,0.0,0.00407,0.009476,0.6036
A008796,Automotriz,Valparaíso,8150872,933,0,0,0.0,0.001914,0.00492,0.2686
A009130,Automotriz,Valparaíso,4042562,701,0,0,0.0,0.042224,0.095066,0.4312
A011228,Consumo,Metropolitana,471588,921,0,0,0.0,0.00225,0.007631,0.6202
A011774,Microempresa,Metropolitana,3228965,824,0,6250633,0.4,0.008295,0.020421,0.5995
A001333,Consumo,Metropolitana,1120223,796,0,0,0.0,0.012064,0.033029,0.5613
A008102,Tarjeta,Metropolitana,2328585,680,0,2545835,0.4,0.055313,0.145968,0.7288
A010060,Microempresa,Metropolitana,399862,839,4,208885,0.4,0.006783,0.016489,0.5456
A005711,Automotriz,Biobío,1068868,776,0,0,0.0,0.015749,0.050125,0.3926
A004648,Consumo,Biobío,4761291,760,0,0,0.0,0.019476,0.059621,0.6672
A005860,Microempresa,Otras,3721069,712,90,3094957,0.4,0.036605,0.089453,0.6307
A011558,Consumo,Metropolitana,2902071,805,0,0,0.0,0.010697,0.034695,0.5828
A002252,Automotriz,Otras,3653911,777,0,0,0.0,0.01554,0.033041,0.3339
A002994,Consumo,Otras,782647,751,0,0,0.0,0.021939,0.060148,0.609
A006780,Tarjeta,Valparaíso,3187616,884,0,6007665,0.4,0.003704,0.012092,0.76
A005765,Automotriz,Metropolitana,453515,833,0,0,0.0,0.007352,0.016598,0.4368
A013489,Automotriz,Biobío,1761961,836,0,0,0.0,0.007062,0.020855,0.2264
A005248,Automotriz,Metropolitana,119568,825,0,0,0.0,0.008184,0.02559,0.3369
A013085,Consumo,Metropolitana,1208404,825,0,0,0.0,0.008184,0.017583,0.623
A013322,Consumo,Metropolitana,7952887,862,0,0,0.0,0.00498,0.012064,0.5999
A011777,Tarjeta,Metropolitana,416992,808,0,420771,0.4,0.010276,0.024598,0.6772
A012338,Consumo,Metropolitana,552934,882,0,0,0.0,0.003805,0.009116,0.6146
A014453,Automotriz,Metropolitana,1113624,705,0,0,0.0,0.040091,0.13223,0.4457
A008316,Automotriz,Otras,301587,850,0,0,0.0,0.005852,0.018341,0.3443
A003436,Automotriz,Otras,461492,786,0,0,0.0,0.013785,0.046558,0.3066
A006758,Tarjeta,Valparaíso,898456,845,0,1925863,0.4,0.006258,0.013254,0.7404
A002319,Consumo,Biobío,3950777,810,0,0,0.0,0.010005,0.029053,0.5931
A002544,Consumo,Metropolitana,869597,795,0,0,0.0,0.012226,0.027659,0.6163
A002630,Tarjeta,Valparaíso,385471,855,0,506305,0.4,0.005472,0.014358,0.7281
A011930,Consumo,Metropolitana,5567341,750,250,0,0.0,0.022231,0.05911,0.641
A008884,Consumo,Biobío,974981,796,0,0,0.0,0.012064,0.026906,0.6327
A009300,Consumo,Metropolitana,1670670,858,55,0,0.0,0.005255,0.012335,0.6861
A002364,Tarjeta,Metropolitana,808666,896,0,828936,0.4,0.003151,0.00862,0.6822
A012254,Tarjeta,Metropolitana,12511701,874,0,7808526,0.4,0.004238,0.009582,0.7203
A007000,Consumo,Otras,2716327,845,0,0,0.0,0.006258,0.013169,0.6311
A006962,Tarjeta,Otras,1053083,788,0,2075482,0.4,0.013423,0.031375,0.6913
A000195,Tarjeta,Valparaíso,494208,805,0,505061,0.4,0.010697,0.032405,0.7507
A009772,Consumo,Metropolitana,195672,873,0,0,0.0,0.004295,0.010724,0.5369
A012450,Consumo,Metropolitana,475863,825,0,0,0.0,0.008184,0.022665,0.6729
A011530,Consumo,Otras,909809,833,46,0,0.0,0.007352,0.020017,0.5814
A011492,Automotriz,Otras,4582954,814,0,0,0.0,0.009484,0.028248,0.4871
A008671,Microempresa,Otras,964143,944,0,740898,0.4,0.00165,0.005538,0.5182
A006640,Automotriz,Metropolitana,1127280,883,0,0,0.0,0.003754,0.01199,0.4027
A005310,Consumo,Valparaíso,105958,732,0,0,0.0,0.02818,0.095577,0.5985
A005643,Tarjeta,Metropolitana,257293,874,0,253676,0.4,0.004238,0.011762,0.7126
A002583,Consumo,Valparaíso,2957521,694,0,0,0.0,0.04622,0.129608,0.6285
A001991,Automotriz,Otras,2200181,835,0,0,0.0,0.007157,0.015488,0.4066
A008576,Microempresa,Valparaíso,3069441,874,153,6177665,0.4,0.004238,0.012431,0.5721
A006276,Tarjeta,Otras,1441779,808,0,1104101,0.4,0.010276,0.02428,0.8214
A004375,Consumo,Biobío,288931,908,0,0,0.0,0.002681,0.008172,0.6423
A003558,Automotriz,Metropolitana,1689635,950,0,0,0.0,0.001522,0.003239,0.4158
A006713,Consumo,Metropolitana,254763,923,0,0,0.0,0.00219,0.006391,0.7734
A003531,Consumo,Otras,921493,806,0,0,0.0,0.010555,0.023981,0.6507
A010952,Tarjeta,Otras,790899,840,0,936062,0.4,0.006693,0.014452,0.7363
A003680,Tarjeta,Valparaíso,1291967,808,0,508645,0.4,0.010276,0.028055,0.7126
A008739,Consumo,Metropolitana,2323757,791,111,0,0.0,0.012896,0.031362,0.5878
A009222,Tarjeta,Valparaíso,6294752,890,157,3252062,0.4,0.003417,0.008059,0.722
A003919,Automotriz,Otras,542064,717,0,0,0.0,0.034296,0.095204,0.4001
A007152,Tarjeta,Otras,865861,773,0,1332202,0.4,0.016389,0.035577,0.743
A007800,Microempresa,Valparaíso,1280673,877,0,2189283,0.4,0.00407,0.009848,0.5384
A008003,Tarjeta,Valparaíso,1314530,815,0,2655701,0.4,0.009358,0.030586,0.7795
A000466,Tarjeta,Metropolitana,2733709,932,57,2823403,0.4,0.00194,0.004242,0.6452
A007211,Automotriz,Otras,2488874,713,0,0,0.0,0.036132,0.101717,0.3212
A011589,Consumo,Metropolitana,4168937,889,0,0,0.0,0.003463,0.011632,0.6671
A012062,Tarjeta,Valparaíso,1911615,827,0,1090251,0.4,0.007968,0.021458,0.6278
A009349,Automotriz,Metropolitana,1859276,782,0,0,0.0,0.01454,0.038654,0.4258
A012389,Consumo,Valparaíso,1358876,835,0,0,0.0,0.007157,0.020307,0.5702
A001924,Tarjeta,Metropolitana,2135558,862,0,3378113,0.4,0.00498,0.011004,0.6564
A012184,Automotriz,Metropolitana,2299209,930,0,0,0.0,0.001993,0.006163,0.3875
A005564,Consumo,Metropolitana,652090,845,0,0,0.0,0.006258,0.019066,0.6079
A004218,Automotriz,Metropolitana,951322,889,0,0,0.0,0.003463,0.009337,0.4577
A006747,Consumo,Otras,2414629,796,0,0,0.0,0.012064,0.04082,0.5651
A010041,Tarjeta,Valparaíso,929393,864,0,821658,0.4,0.004848,0.012261,0.7308
A012487,Automotriz,Metropolitana,1895563,779,0,0,0.0,0.015132,0.031933,0.3128
A014872,Consumo,Metropolitana,744058,820,68,0,0.0,0.008752,0.022583,0.6103
A004442,Consumo,Metropolitana,478880,790,0,0,0.0,0.013069,0.038848,0.674
A010306,Tarjeta,Biobío,1285023,893,0,1998269,0.4,0.003281,0.009011,0.7267
A005390,Microempresa,Otras,771604,680,0,243829,0.4,0.055313,0.1692,0.5281
A003996,Microempresa,Valparaíso,1181435,769,0,1715336,0.4,0.017284,0.049288,0.557
A014346,Tarjeta,Metropolitana,2807062,796,0,3816386,0.4,0.012064,0.027786,0.6242
A004215,Microempresa,Metropolitana,1078836,859,0,1727024,0.4,0.005185,0.016122,0.5622
A008131,Consumo,Metropolitana,2322244,716,0,0,0.0,0.034746,0.087866,0.5959
A013667,Consumo,Otras,525695,806,0,0,0.0,0.010555,0.029893,0.616
A007377,Tarjeta,Metropolitana,631164,799,0,410644,0.4,0.01159,0.034964,0.694
A001538,Automotriz,Metropolitana,1188970,870,0,0,0.0,0.004472,0.013347,0.3539
A008369,Automotriz,Metropolitana,1086431,827,0,0,0.0,0.007968,0.020475,0.3338
A013384,Consumo,Valparaíso,3798225,757,0,0,0.0,0.020265,0.063331,0.6615
A009566,Consumo,Metropolitana,652108,915,0,0,0.0,0.00244,0.007561,0.6109
A009923,Microempresa,Metropolitana,2137251,852,0,3199767,0.4,0.005697,0.015467,0.6188
A014500,Consumo,Valparaíso,1234313,842,0,0,0.0,0.006516,0.014148,0.6824
A009426,Tarjeta,Metropolitana,3389674,917,0,2651133,0.4,0.002375,0.007353,0.7495
A002242,Automotriz,Metropolitana,2072799,897,0,0,0.0,0.003109,0.009428,0.357
A004109,Automotriz,Valparaíso,1955583,808,0,0,0.0,0.010276,0.023286,0.4184
A009584,Consumo,Valparaíso,2629791,811,0,0,0.0,0.009872,0.032355,0.6118
A000719,Consumo,Otras,258539,852,0,0,0.0,0.005697,0.013075,0.7453
A010942,Consumo,Otras,351900,859,64,0,0.0,0.005185,0.011901,0.6612
A013207,Consumo,Metropolitana,621025,793,0,0,0.0,0.012557,0.028121,0.6085
A000477,Tarjeta,Metropolitana,1160980,929,48,1995929,0.4,0.00202,0.004361,0.6315
A010598,Consumo,Valparaíso,951614,830,0,0,0.0,0.007654,0.024743,0.6298
A008613,Consumo,Metropolitana,1111015,860,0,0,0.0,0.005116,0.017244,0.6645
A005675,Automotriz,Otras,1362675,877,0,0,0.0,0.00407,0.010547,0.4485
A008446,Tarjeta,Metropolitana,536537,881,0,1170894,0.4,0.003857,0.012191,0.6674
A004542,Tarjeta,Metropolitana,677278,842,0,237152,0.4,0.006516,0.017572,0.7109
A007218,Tarjeta,Biobío,4778083,912,0,2300128,0.4,0.00254,0.006881,0.6776
A007943,Tarjeta,Metropolitana,1791640,770,0,917934,0.4,0.017056,0.055827,0.7261
A009769,Tarjeta,Otras,1076736,780,0,1444592,0.4,0.014932,0.044688,0.6801
A007961,Consumo,Metropolitana,3224475,784,0,0,0.0,0.014158,0.041472,0.641
A006268,Consumo,Metropolitana,657155,901,0,0,0.0,0.002946,0.008969,0.5657
A002165,Tarjeta,Metropolitana,1424088,810,35,1751815,0.4,0.010005,0.032794,0.6862
A004224,Tarjeta,Metropolitana,2036835,802,90,4015300,0.4,0.011135,0.027362,0.7556
A011280,Consumo,Otras,687635,863,0,0,0.0,0.004914,0.014419,0.6904
A002533,Consumo,Metropolitana,4060352,870,0,0,0.0,0.004472,0.012204,0.571
A004225,Consumo,Metropolitana,1745314,865,0,0,0.0,0.004783,0.011304,0.6256
A009073,Tarjeta,Metropolitana,4565258,870,0,1516166,0.4,0.004472,0.012393,0.6701
A003229,Microempresa,Biobío,1300676,753,0,1445655,0.4,0.021367,0.053246,0.5606
A001002,Tarjeta,Metropolitana,1532850,901,0,501117,0.4,0.002946,0.009114,0.6498
A001657,Tarjeta,Valparaíso,1228673,906,0,2302672,0.4,0.002754,0.006532,0.7687
A004594,Automotriz,Biobío,6135327,752,199,0,0.0,0.021651,0.049951,0.2729
A002736,Microempresa,Otras,751967,866,0,508685,0.4,0.004719,0.013259,0.5008
A014609,Consumo,Metropolitana,1484689,869,0,0,0.0,0.004533,0.011726,0.6733
A001061,Automotriz,Otras,770635,776,0,0,0.0,0.015749,0.043174,0.4538
A006662,Automotriz,Metropolitana,3572921,862,0,0,0.0,0.00498,0.014828,0.398
A012544,Tarjeta,Metropolitana,3755825,933,0,7245576,0.4,0.001914,0.004679,0.7302
A010290,Tarjeta,Valparaíso,2562158,802,0,2014716,0.4,0.011135,0.028965,0.7135
A007567,Tarjeta,Metropolitana,2820041,681,90,2768398,0.4,0.054612,0.17789,0.7467
A014672,Tarjeta,Otras,643420,766,0,366509,0.4,0.017986,0.051368,0.6773
A005687,Consumo,Valparaíso,1359455,724,0,0,0.0,0.031297,0.085384,0.6034
A006702,Consumo,Biobío,453150,866,0,0,0.0,0.004719,0.013557,0.5361
A005491,Automotriz,Otras,1444557,909,0,0,0.0,0.002645,0.006106,0.3263
A014233,Consumo,Valparaíso,4128488,652,90,0,0.0,0.07875,0.203997,0.6306
A011990,Consumo,Metropolitana,2578711,814,0,0,0.0,0.009484,0.0318,0.6641
A014246,Tarjeta,Otras,343942,924,5,667395,0.4,0.002161,0.004709,0.6965
A009861,Automotriz,Metropolitana,1928015,922,0,0,0.0,0.00222,0.006505,0.4095
A007804,Microempresa,Otras,300622,763,0,197808,0.4,0.018716,0.050502,0.6268
A013219,Consumo,Metropolitana,684161,923,0,0,0.0,0.00219,0.006358,0.6974
A004496,Tarjeta,Metropolitana,527446,814,0,388214,0.4,0.009484,0.028013,0.6584
A014520,Consumo,Metropolitana,877419,857,0,0,0.0,0.005326,0.014362,0.6351
A000789,Consumo,Metropolitana,919750,906,0,0,0.0,0.002754,0.007645,0.5932
A000058,Consumo,Otras,1010555,795,0,0,0.0,0.012226,0.026696,0.6199
A010979,Microempresa,Otras,2176884,838,0,2986972,0.4,0.006875,0.018957,0.4959
A003616,Automotriz,Metropolitana,2843573,812,0,0,0.0,0.009741,0.025533,0.4677
A007865,Consumo,Valparaíso,5071396,911,10,0,0.0,0.002575,0.005415,0.5986
A006677,Tarjeta,Otras,2319075,720,90,1506404,0.4,0.032978,0.080187,0.8167
A011935,Consumo,Metropolitana,2350581,842,0,0,0.0,0.006516,0.019879,0.6127
A006594,Tarjeta,Biobío,2429596,830,0,2741683,0.4,0.007654,0.024338,0.6792
A007749,Microempresa,Valparaíso,1774461,931,0,2531964,0.4,0.001966,0.004864,0.606
A009667,Automotriz,Valparaíso,2258976,878,0,0,0.0,0.004016,0.013472,0.4272
A007556,Automotriz,Metropolitana,9391993,817,0,0,0.0,0.00911,0.021606,0.3495
A008279,Consumo,Metropolitana,436745,801,0,0,0.0,0.011285,0.02794,0.5374
A007525,Tarjeta,Biobío,1846006,723,90,1744723,0.4,0.031709,0.072751,0.8044
A005557,Consumo,Metropolitana,1794245,950,0,0,0.0,0.001522,0.003666,0.6324
A011452,Tarjeta,Valparaíso,386653,826,0,322594,0.4,0.008076,0.019865,0.6592
A005496,Consumo,Biobío,723910,786,53,0,0.0,0.013785,0.03248,0.6046
A010213,Tarjeta,Valparaíso,1030057,815,0,1100679,0.4,0.009358,0.030041,0.8311
A009314,Consumo,Valparaíso,3231214,652,173,0,0.0,0.07875,0.214991,0.6504
A003141,Consumo,Otras,1652751,904,0,0,0.0,0.002829,0.009242,0.6514
A010219,Automotriz,Metropolitana,271043,947,0,0,0.0,0.001584,0.00397,0.3926
A003138,Consumo,Otras,815742,915,85,0,0.0,0.00244,0.00555,0.5904
A014621,Tarjeta,Biobío,705119,934,0,738180,0.4,0.001888,0.005921,0.698
A006855,Consumo,Metropolitana,1682815,950,0,0,0.0,0.001522,0.004257,0.6312
A009254,Consumo,Valparaíso,520511,915,0,0,0.0,0.00244,0.00543,0.693
A000326,Consumo,Metropolitana,294937,919,0,0,0.0,0.002311,0.005636,0.6192
A012457,Tarjeta,Otras,861403,821,0,1561122,0.4,0.008635,0.02368,0.679
A010771,Consumo,Valparaíso,5202359,744,70,0,0.0,0.024063,0.065389,0.5686
A008103,Consumo,Metropolitana,1892083,830,0,0,0.0,0.007654,0.02163,0.6601
A013892,Tarjeta,Valparaíso,5321803,851,0,2378444,0.4,0.005774,0.0131,0.7733
A000322,Automotriz,Valparaíso,2257695,768,41,0,0.0,0.017515,0.049903,0.4002
A013531,Automotriz,Metropolitana,1708194,786,0,0,0.0,0.013785,0.038759,0.4016
A008110,Tarjeta,Metropolitana,1036191,931,0,1506224,0.4,0.001966,0.004385,0.7481
A000591,Consumo,Biobío,837485,817,13,0,0.0,0.00911,0.029378,0.6287
A008240,Tarjeta,Metropolitana,4029180,770,0,8216648,0.4,0.017056,0.051768,0.6936
A000801,Tarjeta,Otras,5867527,879,0,6060698,0.4,0.003962,0.010418,0.7225
A004437,Consumo,Metropolitana,1079468,950,0,0,0.0,0.001522,0.004741,0.6112
A010726,Tarjeta,Metropolitana,931877,808,0,1353954,0.4,0.010276,0.032654,0.655
A003230,Consumo,Otras,897571,751,0,0,0.0,0.021939,0.050003,0.6283
A012796,Consumo,Biobío,786174,938,0,0,0.0,0.001789,0.003894,0.6321
A007247,Automotriz,Metropolitana,282589,820,0,0,0.0,0.008752,0.021266,0.4811
A009171,Consumo,Metropolitana,2374518,897,0,0,0.0,0.003109,0.007304,0.6681
A006262,Tarjeta,Biobío,737982,789,90,248369,0.4,0.013245,0.039117,0.726
A006777,Consumo,Metropolitana,1901110,875,0,0,0.0,0.004181,0.010282,0.6534
A009104,Automotriz,Metropolitana,2508490,776,90,0,0.0,0.015749,0.036163,0.3443
A007767,Microempresa,Biobío,2676591,892,0,5326153,0.4,0.003326,0.007057,0.4893
A010364,Consumo,Metropolitana,1817570,673,0,0,0.0,0.060469,0.194253,0.6582
A005527,Consumo,Valparaíso,2057718,750,0,0,0.0,0.022231,0.074169,0.6119
A003591,Automotriz,Otras,2094068,776,0,0,0.0,0.015749,0.043982,0.3199
A004283,Consumo,Otras,974057,788,95,0,0.0,0.013423,0.040815,0.6959
A004720,Consumo,Metropolitana,280374,913,0,0,0.0,0.002506,0.00638,0.6552
A012897,Consumo,Metropolitana,3174317,803,0,0,0.0,0.010987,0.027137,0.6228
A004296,Microempresa,Valparaíso,4360430,919,0,6103754,0.4,0.002311,0.006919,0.5357
A012904,Consumo,Otras,2208504,690,0,0,0.0,0.048662,0.118605,0.6866
A003514,Automotriz,Metropolitana,961045,784,0,0,0.0,0.014158,0.040585,0.352
A006902,Consumo,Valparaíso,3059764,950,0,0,0.0,0.001522,0.004502,0.6736
A004647,Microempresa,Metropolitana,990763,929,0,306087,0.4,0.00202,0.005142,0.5288
A007593,Consumo,Metropolitana,6411244,917,0,0,0.0,0.002375,0.005799,0.6916
A012292,Consumo,Metropolitana,1764788,816,0,0,0.0,0.009233,0.027164,0.6419
A001722,Consumo,Valparaíso,1103656,818,0,0,0.0,0.008989,0.023869,0.592
A012315,Automotriz,Metropolitana,2353815,751,80,0,0.0,0.021939,0.060091,0.3639
A000352,Consumo,Otras,529422,758,0,0,0.0,0.019999,0.06707,0.4943
A014603,Tarjeta,Metropolitana,1649486,904,0,3058807,0.4,0.002829,0.007354,0.7381
A001175,Consumo,Valparaíso,1371004,739,0,0,0.0,0.025702,0.086669,0.6385
A012830,Consumo,Metropolitana,1483805,805,0,0,0.0,0.010697,0.036187,0.5757
A000031,Automotriz,Valparaíso,403522,535,0,0,0.0,0.293514,0.97,0.397
A004854,Tarjeta,Biobío,1094191,900,0,1262624,0.4,0.002986,0.0091,0.7243
A006074,Consumo,Otras,541286,932,0,0,0.0,0.00194,0.004782,0.649
A005715,Consumo,Biobío,546026,623,0,0,0.0,0.112289,0.255038,0.5868
A000558,Tarjeta,Valparaíso,743936,791,0,1020447,0.4,0.012896,0.037423,0.6891
A013550,Automotriz,Valparaíso,1247222,783,0,0,0.0,0.014347,0.044546,0.415
A011035,Consumo,Metropolitana,1096877,793,0,0,0.0,0.012557,0.035591,0.6104
A010088,Consumo,Otras,550823,837,0,0,0.0,0.006968,0.016683,0.6911
A010404,Tarjeta,Metropolitana,2835959,704,0,3110698,0.4,0.040615,0.089008,0.6944
A013180,Consumo,Otras,494136,859,0,0,0.0,0.005185,0.01241,0.5954
A010243,Consumo,Valparaíso,2573051,909,0,0,0.0,0.002645,0.007861,0.5349
A008366,Tarjeta,Biobío,912021,783,0,1229910,0.4,0.014347,0.046944,0.7366
A006886,Consumo,Metropolitana,3121318,720,0,0,0.0,0.032978,0.101522,0.5688
A013525,Automotriz,Metropolitana,694149,917,0,0,0.0,0.002375,0.006981,0.3612
A000366,Consumo,Metropolitana,2947609,842,0,0,0.0,0.006516,0.017768,0.6039
A003267,Consumo,Metropolitana,2037794,729,0,0,0.0,0.029312,0.071485,0.5966
A009656,Consumo,Metropolitana,279368,931,0,0,0.0,0.001966,0.006146,0.6554
A011250,Consumo,Metropolitana,1909393,736,90,0,0.0,0.026737,0.090123,0.584
A009051,Consumo,Metropolitana,1826853,916,0,0,0.0,0.002407,0.007095,0.6312
A009463,Tarjeta,Metropolitana,2504070,870,0,1843470,0.4,0.004472,0.014378,0.719
A012556,Consumo,Metropolitana,1305674,797,0,0,0.0,0.011904,0.029456,0.6929
A014151,Automotriz,Metropolitana,735223,880,0,0,0.0,0.003909,0.010617,0.34
A014315,Consumo,Metropolitana,1019658,847,0,0,0.0,0.006092,0.017772,0.7522
A013356,Consumo,Otras,3257559,885,0,0,0.0,0.003655,0.007686,0.6274
A014784,Consumo,Metropolitana,2592732,847,0,0,0.0,0.006092,0.013789,0.5946
A011086,Automotriz,Biobío,3202426,814,0,0,0.0,0.009484,0.031371,0.2753
A004993,Tarjeta,Otras,3080358,799,0,2250651,0.4,0.01159,0.030363,0.5876
A000216,Microempresa,Metropolitana,1721567,898,0,2260735,0.4,0.003068,0.009888,0.4905
A001119,Consumo,Biobío,1396699,840,8,0,0.0,0.006693,0.019435,0.582
A009323,Consumo,Otras,703406,859,74,0,0.0,0.005185,0.011548,0.5956
A000941,Automotriz,Metropolitana,3862220,840,0,0,0.0,0.006693,0.022177,0.3443
A005051,Consumo,Metropolitana,3167127,823,0,0,0.0,0.008407,0.025588,0.6239
A002294,Automotriz,Metropolitana,1916480,776,0,0,0.0,0.015749,0.043162,0.3702
A000109,Consumo,Otras,616726,791,0,0,0.0,0.012896,0.029086,0.6387
A007558,Automotriz,Otras,3467411,810,0,0,0.0,0.010005,0.027848,0.3666
A010201,Consumo,Metropolitana,1809663,801,0,0,0.0,0.011285,0.031113,0.6257
A006620,Tarjeta,Otras,187045,852,0,386813,0.4,0.005697,0.018626,0.6573
A010282,Consumo,Biobío,1464833,896,0,0,0.0,0.003151,0.009634,0.5664
A003377,Automotriz,Metropolitana,9407115,866,0,0,0.0,0.004719,0.010936,0.3528
A008998,Consumo,Valparaíso,2922410,745,63,0,0.0,0.023748,0.056291,0.6263
A005099,Consumo,Biobío,450784,861,0,0,0.0,0.005048,0.011154,0.6393
A013495,Tarjeta,Metropolitana,1312857,700,73,877344,0.4,0.042774,0.141152,0.7405
A002314,Consumo,Metropolitana,587693,821,0,0,0.0,0.008635,0.023398,0.6501
A003192,Tarjeta,Valparaíso,555375,904,0,574563,0.4,0.002829,0.007425,0.734
A014766,Automotriz,Metropolitana,394970,826,0,0,0.0,0.008076,0.026326,0.3566
A001094,Automotriz,Biobío,930522,840,0,0,0.0,0.006693,0.02025,0.4718
A004613,Consumo,Biobío,3377838,852,0,0,0.0,0.005697,0.014301,0.6033
A014114,Microempresa,Otras,377836,873,66,297052,0.4,0.004295,0.009094,0.572
A013319,Tarjeta,Otras,697272,744,0,493161,0.4,0.024063,0.076903,0.7013
A008573,Tarjeta,Metropolitana,180459,856,0,324683,0.4,0.005399,0.012544,0.7173
A006929,Consumo,Metropolitana,1018769,866,0,0,0.0,0.004719,0.014675,0.5781
A012120,Consumo,Otras,1638373,798,0,0,0.0,0.011746,0.025441,0.6271
A010965,Automotriz,Otras,442971,818,0,0,0.0,0.008989,0.019119,0.367
A004141,Tarjeta,Valparaíso,3113953,486,173,1289402,0.4,0.446156,0.97,0.6914
A005134,Consumo,Metropolitana,1064452,864,0,0,0.0,0.004848,0.011154,0.5208
A008649,Tarjeta,Metropolitana,762283,816,0,1481972,0.4,0.009233,0.019812,0.7527
A001731,Consumo,Biobío,10387013,830,0,0,0.0,0.007654,0.019216,0.5673
A012226,Automotriz,Metropolitana,942247,919,0,0,0.0,0.002311,0.006763,0.3507
A009386,Consumo,Otras,1739556,832,0,0,0.0,0.007451,0.017701,0.64
A004799,Tarjeta,Metropolitana,448288,923,15,933255,0.4,0.00219,0.007345,0.7445
A013959,Consumo,Biobío,2872467,813,81,0,0.0,0.009612,0.023491,0.5412
A007895,Consumo,Metropolitana,7854833,722,0,0,0.0,0.032127,0.099854,0.6173
A004393,Tarjeta,Valparaíso,2571926,750,248,2337551,0.4,0.022231,0.06641,0.6553
A014339,Consumo,Otras,1586499,825,0,0,0.0,0.008184,0.027682,0.649
A007421,Microempresa,Otras,4357348,839,0,4319193,0.4,0.006783,0.018992,0.5823
A014920,Consumo,Otras,1069558,871,0,0,0.0,0.004412,0.013367,0.5859
A009128,Automotriz,Biobío,1317711,905,0,0,0.0,0.002792,0.007951,0.3658
A012842,Automotriz,Biobío,1272889,750,0,0,0.0,0.022231,0.06404,0.418
A013673,Tarjeta,Metropolitana,259523,841,0,449554,0.4,0.006604,0.015086,0.6212
A010994,Automotriz,Otras,1741955,735,0,0,0.0,0.027091,0.078083,0.2897
A007424,Microempresa,Biobío,4808797,908,0,8313791,0.4,0.002681,0.006806,0.5062
A006300,Tarjeta,Metropolitana,6385113,809,0,7559058,0.4,0.01014,0.025809,0.6207
A006960,Automotriz,Metropolitana,2549737,787,0,0,0.0,0.013603,0.030058,0.3627
A003749,Consumo,Metropolitana,1303544,793,3,0,0.0,0.012557,0.027005,0.6175
A002675,Consumo,Metropolitana,3366592,764,0,0,0.0,0.01847,0.044668,0.7014
A006930,Microempresa,Valparaíso,3448510,701,171,7313427,0.4,0.042224,0.098526,0.4893
A010717,Consumo,Metropolitana,2241049,895,0,0,0.0,0.003194,0.007885,0.6215
A002562,Automotriz,Metropolitana,963461,801,0,0,0.0,0.011285,0.037245,0.3414
A012651,Consumo,Metropolitana,2368088,945,0,0,0.0,0.001628,0.00544,0.5652
A010483,Consumo,Valparaíso,1049689,806,0,0,0.0,0.010555,0.029155,0.6658
A011079,Microempresa,Otras,2341979,929,0,3487355,0.4,0.00202,0.00447,0.6139
A003933,Microempresa,Metropolitana,2462519,844,0,887029,0.4,0.006343,0.020824,0.5425
A010929,Consumo,Metropolitana,955476,855,0,0,0.0,0.005472,0.01697,0.646
A000694,Consumo,Otras,4086394,629,196,0,0.0,0.104458,0.335408,0.5792
A008748,Automotriz,Metropolitana,2813332,806,0,0,0.0,0.010555,0.034683,0.3426
A010303,Tarjeta,Metropolitana,5547702,878,0,5679998,0.4,0.004016,0.010387,0.6707
A010059,Microempresa,Otras,932849,843,0,529473,0.4,0.006429,0.016091,0.6278
A012630,Consumo,Metropolitana,1259301,793,0,0,0.0,0.012557,0.038443,0.6169
A002626,Tarjeta,Biobío,7380602,905,0,16116410,0.4,0.002792,0.008562,0.6544
A005145,Tarjeta,Valparaíso,1956082,858,0,1844749,0.4,0.005255,0.013811,0.7568
A014118,Tarjeta,Biobío,1479962,873,0,2906398,0.4,0.004295,0.011915,0.7196
A003216,Consumo,Otras,2110912,788,0,0,0.0,0.013423,0.032329,0.6087
A000903,Automotriz,Metropolitana,3394885,894,0,0,0.0,0.003237,0.009126,0.3679
A000738,Microempresa,Otras,2126791,701,132,4285788,0.4,0.042224,0.094043,0.5852
A010274,Automotriz,Metropolitana,100036,848,0,0,0.0,0.006011,0.018775,0.3733
A008991,Consumo,Metropolitana,554349,950,0,0,0.0,0.001522,0.003208,0.6199
A004220,Tarjeta,Metropolitana,908792,824,0,1355864,0.4,0.008295,0.024629,0.719
A006912,Consumo,Valparaíso,480629,888,0,0,0.0,0.00351,0.01057,0.609
A001939,Microempresa,Biobío,375075,675,70,765557,0.4,0.058952,0.148398,0.6081
A002622,Automotriz,Otras,4229940,852,0,0,0.0,0.005697,0.017973,0.3506
A002481,Consumo,Valparaíso,2173115,789,18,0,0.0,0.013245,0.033852,0.6167
A002114,Tarjeta,Otras,2137626,733,54,870412,0.4,0.027813,0.090589,0.7187
A010385,Consumo,Metropolitana,1072792,730,0,0,0.0,0.02893,0.066668,0.67
A010077,Microempresa,Otras,3410823,824,0,1352283,0.4,0.008295,0.024227,0.571
A002353,Tarjeta,Metropolitana,1532388,735,0,1279311,0.4,0.027091,0.059559,0.6616
A014934,Tarjeta,Otras,475906,761,0,513056,0.4,0.019219,0.051491,0.7481
A008575,Automotriz,Otras,1327615,893,0,0,0.0,0.003281,0.009513,0.3761
A013754,Consumo,Metropolitana,757914,815,0,0,0.0,0.009358,0.024825,0.5437
A007636,Microempresa,Metropolitana,274389,774,0,556311,0.4,0.016173,0.042988,0.6742
A001867,Automotriz,Metropolitana,2842654,950,0,0,0.0,0.001522,0.004918,0.3622
A013598,Consumo,Metropolitana,294612,950,80,0,0.0,0.001522,0.003829,0.638
A010410,Consumo,Valparaíso,3823498,723,60,0,0.0,0.031709,0.070306,0.6491
A003845,Consumo,Otras,309635,811,0,0,0.0,0.009872,0.032466,0.5989
A006261,Microempresa,Metropolitana,7105502,889,5,8655111,0.4,0.003463,0.010039,0.574
A003433,Tarjeta,Otras,3854593,900,0,3677377,0.4,0.002986,0.008136,0.6501
A007040,Tarjeta,Metropolitana,2167093,931,0,1100366,0.4,0.001966,0.004381,0.7381
A010276,Automotriz,Metropolitana,3390471,505,90,0,0.0,0.383913,0.886327,0.3741
A002284,Consumo,Otras,1098151,929,45,0,0.0,0.00202,0.004856,0.5787
A011525,Automotriz,Otras,1981583,795,61,0,0.0,0.012226,0.041294,0.4517
A008236,Consumo,Metropolitana,907218,862,0,0,0.0,0.00498,0.011138,0.6646
A000460,Consumo,Metropolitana,2371397,919,0,0,0.0,0.002311,0.006567,0.5738
A002916,Tarjeta,Otras,491824,950,0,213198,0.4,0.001522,0.004093,0.7184
A001703,Consumo,Metropolitana,2288281,838,0,0,0.0,0.006875,0.017473,0.6381
A011803,Tarjeta,Otras,1891125,816,0,2495619,0.4,0.009233,0.022962,0.677
A003894,Consumo,Metropolitana,1801943,702,0,0,0.0,0.041681,0.105392,0.5922
A010298,Automotriz,Metropolitana,1422576,739,0,0,0.0,0.025702,0.071807,0.4221
A013794,Consumo,Metropolitana,503014,809,0,0,0.0,0.01014,0.032484,0.6326
A013877,Microempresa,Biobío,664508,786,0,1370622,0.4,0.013785,0.035283,0.5873
A010996,Consumo,Otras,3678236,730,222,0,0.0,0.02893,0.087952,0.5864
A010708,Tarjeta,Metropolitana,2606119,800,0,4998206,0.4,0.011436,0.035076,0.7699
A003657,Consumo,Metropolitana,4655492,603,90,0,0.0,0.14218,0.404446,0.6833
A009091,Tarjeta,Valparaíso,130334,950,0,220872,0.4,0.001522,0.003384,0.6546
A007853,Consumo,Biobío,191536,909,0,0,0.0,0.002645,0.00665,0.6014
A002612,Automotriz,Metropolitana,1607537,906,0,0,0.0,0.002754,0.008918,0.3792
A004425,Tarjeta,Metropolitana,3864584,825,2,2980646,0.4,0.008184,0.025507,0.6082
A009774,Automotriz,Valparaíso,1351528,861,0,0,0.0,0.005048,0.010838,0.3951
A009899,Tarjeta,Valparaíso,1507908,812,38,3163402,0.4,0.009741,0.027079,0.7099
A005484,Microempresa,Otras,2845117,930,0,5920251,0.4,0.001993,0.004935,0.5
A008256,Consumo,Valparaíso,1307709,794,0,0,0.0,0.01239,0.035024,0.6337
A002662,Consumo,Biobío,2108930,694,0,0,0.0,0.04622,0.101246,0.6926
A009140,Automotriz,Biobío,975023,836,0,0,0.0,0.007062,0.02361,0.3823
A009634,Consumo,Metropolitana,819632,779,0,0,0.0,0.015132,0.041138,0.584
A009343,Consumo,Metropolitana,1183911,867,0,0,0.0,0.004656,0.015563,0.5681
A002166,Tarjeta,Valparaíso,2284028,818,151,2677244,0.4,0.008989,0.030406,0.6869
A003233,Consumo,Biobío,4669898,828,0,0,0.0,0.007862,0.026707,0.6407
A005433,Automotriz,Metropolitana,339928,950,0,0,0.0,0.001522,0.003604,0.4992
A006765,Consumo,Metropolitana,1217029,907,32,0,0.0,0.002717,0.008635,0.5802
A000819,Tarjeta,Metropolitana,129863,791,0,173649,0.4,0.012896,0.031621,0.7782
A005746,Tarjeta,Otras,2330726,945,0,3247160,0.4,0.001628,0.005368,0.7162
A001379,Consumo,Biobío,1687763,771,0,0,0.0,0.016831,0.051262,0.5748
A000787,Automotriz,Metropolitana,3603109,911,141,0,0.0,0.002575,0.006399,0.3969
A003151,Microempresa,Otras,1992550,813,0,972380,0.4,0.009612,0.023322,0.4456
A004299,Tarjeta,Metropolitana,2640532,814,0,2384079,0.4,0.009484,0.031182,0.7159
A000915,Microempresa,Otras,1155714,838,0,1432286,0.4,0.006875,0.020569,0.5841
A008699,Tarjeta,Otras,320203,738,0,656406,0.4,0.026043,0.076837,0.6203
A014654,Consumo,Metropolitana,295214,909,0,0,0.0,0.002645,0.006582,0.6322
A001448,Automotriz,Metropolitana,334426,808,0,0,0.0,0.010276,0.028285,0.2219
A012091,Tarjeta,Biobío,240144,918,0,507252,0.4,0.002343,0.005603,0.6971
A006591,Consumo,Otras,908792,760,0,0,0.0,0.019476,0.053572,0.6438
A001052,Tarjeta,Otras,3378649,932,0,1853925,0.4,0.00194,0.005695,0.758
A002913,Consumo,Otras,1509004,927,182,0,0.0,0.002075,0.006296,0.673
A011045,Automotriz,Metropolitana,3128501,912,37,0,0.0,0.00254,0.006941,0.3388
A014657,Tarjeta,Metropolitana,681368,883,0,1457948,0.4,0.003754,0.011021,0.6404
A005673,Microempresa,Valparaíso,1336477,933,0,2486153,0.4,0.001914,0.005521,0.6108
A013334,Consumo,Metropolitana,2942873,793,0,0,0.0,0.012557,0.034328,0.5789
A011725,Tarjeta,Metropolitana,934804,830,0,458515,0.4,0.007654,0.02177,0.7458
A009061,Consumo,Biobío,5640898,734,0,0,0.0,0.02745,0.069472,0.5827
A013310,Consumo,Otras,1781726,731,0,0,0.0,0.028553,0.091353,0.601
A001109,Automotriz,Otras,2058614,877,0,0,0.0,0.00407,0.013581,0.3325
A002861,Tarjeta,Metropolitana,786471,887,0,1022927,0.4,0.003557,0.011098,0.7374
A004246,Automotriz,Otras,1670997,889,0,0,0.0,0.003463,0.011512,0.4412
A004236,Microempresa,Biobío,3143248,838,186,5293442,0.4,0.006875,0.017519,0.5698
A002080,Consumo,Metropolitana,887676,829,0,0,0.0,0.007757,0.023965,0.702
A001931,Microempresa,Metropolitana,988941,800,0,1816498,0.4,0.011436,0.0342,0.4872
A011491,Automotriz,Metropolitana,3030213,891,0,0,0.0,0.003371,0.010113,0.3393
A012358,Tarjeta,Metropolitana,2182298,816,0,4238974,0.4,0.009233,0.025618,0.7122
A012765,Microempresa,Metropolitana,765513,901,0,1393140,0.4,0.002946,0.007243,0.606
A010487,Consumo,Metropolitana,504315,825,0,0,0.0,0.008184,0.018824,0.6378
A007263,Tarjeta,Otras,3451913,776,0,2913154,0.4,0.015749,0.03879,0.8047
A000431,Consumo,Otras,222049,888,0,0,0.0,0.00351,0.010832,0.639
A001549,Consumo,Metropolitana,467764,941,0,0,0.0,0.001718,0.005772,0.6159
A012223,Tarjeta,Metropolitana,1422571,726,97,2167206,0.4,0.030488,0.085325,0.6976
A001804,Consumo,Metropolitana,4869920,679,90,0,0.0,0.056024,0.119184,0.6045
A011735,Consumo,Metropolitana,7156520,950,0,0,0.0,0.001522,0.005036,0.6726
A014804,Tarjeta,Biobío,1050343,884,0,2199650,0.4,0.003704,0.008557,0.7348
A011018,Tarjeta,Otras,780769,703,0,705636,0.4,0.041145,0.137323,0.7376
A006924,Microempresa,Metropolitana,1545426,847,0,695659,0.4,0.006092,0.013236,0.5315
A005456,Consumo,Metropolitana,4523586,563,90,0,0.0,0.221533,0.498373,0.6288
A002801,Tarjeta,Biobío,5440739,905,212,5261464,0.4,0.002792,0.008686,0.6927
A009585,Tarjeta,Biobío,165539,831,55,334000,0.4,0.007552,0.018053,0.8955
A000633,Consumo,Valparaíso,1910002,737,61,0,0.0,0.026388,0.078822,0.5876
A009486,Tarjeta,Valparaíso,640501,945,66,398589,0.4,0.001628,0.004429,0.6364
A005725,Consumo,Valparaíso,608577,928,0,0,0.0,0.002047,0.006197,0.5688
A011968,Consumo,Otras,264865,914,0,0,0.0,0.002473,0.006427,0.5798
A010535,Consumo,Metropolitana,7153305,718,90,0,0.0,0.033851,0.079485,0.6325
A002954,Tarjeta,Otras,3508441,819,0,6433630,0.4,0.00887,0.018638,0.7371
A011859,Consumo,Biobío,1591719,755,0,0,0.0,0.020809,0.065692,0.6414
A007220,Consumo,Otras,1805254,950,0,0,0.0,0.001522,0.004717,0.6106
A006225,Consumo,Metropolitana,2605155,933,0,0,0.0,0.001914,0.004949,0.5562
A004826,Microempresa,Otras,7311102,830,120,4192757,0.4,0.007654,0.02248,0.573
A005660,Consumo,Valparaíso,673761,850,90,0,0.0,0.005852,0.014554,0.6804
A009183,Automotriz,Valparaíso,232583,848,0,0,0.0,0.006011,0.020347,0.4172
A011507,Microempresa,Valparaíso,967864,778,0,2056334,0.4,0.015335,0.039978,0.5718
A005990,Consumo,Metropolitana,3329481,779,0,0,0.0,0.015132,0.033738,0.6231
A002486,Consumo,Valparaíso,757717,887,0,0,0.0,0.003557,0.008805,0.6578
A012895,Automotriz,Valparaíso,1306543,869,0,0,0.0,0.004533,0.014527,0.3828
A010912,Automotriz,Metropolitana,453311,950,86,0,0.0,0.001522,0.003302,0.2816
A007957,Consumo,Otras,1935031,714,104,0,0.0,0.035664,0.114141,0.6319
A000487,Consumo,Metropolitana,2303511,848,0,0,0.0,0.006011,0.018263,0.6372
A014587,Consumo,Metropolitana,1434213,783,0,0,0.0,0.014347,0.038838,0.6936
A002559,Consumo,Biobío,554183,945,17,0,0.0,0.001628,0.003667,0.6634
A001356,Consumo,Otras,462704,858,0,0,0.0,0.005255,0.015747,0.5822
A004850,Automotriz,Metropolitana,1125319,902,0,0,0.0,0.002907,0.006861,0.4554
A013595,Microempresa,Biobío,687606,844,69,239096,0.4,0.006343,0.014191,0.4734
A009443,Microempresa,Valparaíso,2077972,584,305,4365835,0.4,0.176457,0.565805,0.6103
A005530,Tarjeta,Metropolitana,3728573,892,0,2600659,0.4,0.003326,0.00902,0.7944
A011798,Consumo,Valparaíso,1972980,803,0,0,0.0,0.010987,0.029188,0.5261
A005474,Consumo,Otras,552967,703,0,0,0.0,0.041145,0.116666,0.5363
A003050,Microempresa,Otras,1634940,882,0,1299800,0.4,0.003805,0.012124,0.5462
A006676,Microempresa,Metropolitana,2150375,950,0,4178909,0.4,0.001522,0.005146,0.569
A014123,Automotriz,Otras,538063,788,0,0,0.0,0.013423,0.035115,0.3357
A002011,Consumo,Metropolitana,184033,950,0,0,0.0,0.001522,0.003428,0.5049
A000860,Consumo,Otras,3099115,727,133,0,0.0,0.030091,0.077841,0.5844
A009681,Tarjeta,Metropolitana,6611222,848,0,6982545,0.4,0.006011,0.01339,0.6452
A012182,Microempresa,Metropolitana,769080,775,0,513928,0.4,0.015959,0.042846,0.518
A010824,Automotriz,Otras,2388564,819,58,0,0.0,0.00887,0.019201,0.4086
A007243,Tarjeta,Valparaíso,2055211,949,0,1774139,0.4,0.001542,0.004588,0.7243
A013188,Tarjeta,Metropolitana,2422256,759,0,2424971,0.4,0.019735,0.063398,0.7582
A005726,Consumo,Otras,350774,850,0,0,0.0,0.005852,0.019882,0.6343
A014295,Consumo,Metropolitana,745554,915,0,0,0.0,0.00244,0.006866,0.6754
A014941,Consumo,Metropolitana,321736,867,42,0,0.0,0.004656,0.010344,0.636
A010350,Consumo,Metropolitana,1421328,763,0,0,0.0,0.018716,0.044822,0.66
A011815,Tarjeta,Otras,1082673,910,0,1527234,0.4,0.00261,0.00886,0.6771
A008389,Automotriz,Metropolitana,168550,766,0,0,0.0,0.017986,0.039132,0.3771
A002636,Tarjeta,Otras,4092512,874,10,5331923,0.4,0.004238,0.008936,0.7196
A009383,Consumo,Metropolitana,181611,835,61,0,0.0,0.007157,0.021781,0.5299
A004919,Tarjeta,Metropolitana,2262925,919,0,4609106,0.4,0.002311,0.005402,0.6873
A012971,Automotriz,Metropolitana,5573392,781,128,0,0.0,0.014735,0.032578,0.3976
A000754,Automotriz,Otras,1943823,944,0,0,0.0,0.00165,0.005261,0.5082
A009154,Tarjeta,Otras,715574,851,0,1112548,0.4,0.005774,0.019242,0.6794
A005654,Tarjeta,Otras,5497319,845,0,5727287,0.4,0.006258,0.01404,0.6642
A003036,Tarjeta,Biobío,295866,814,0,429609,0.4,0.009484,0.024973,0.668
A002402,Tarjeta,Valparaíso,3634952,800,109,1312964,0.4,0.011436,0.034494,0.8122
A011615,Tarjeta,Metropolitana,941575,821,164,407160,0.4,0.008635,0.025514,0.6576
A005464,Consumo,Metropolitana,1693124,740,0,0,0.0,0.025366,0.083245,0.5369
A012375,Tarjeta,Metropolitana,1285108,862,0,1906162,0.4,0.00498,0.013233,0.6857
A008335,Automotriz,Otras,470939,859,0,0,0.0,0.005185,0.014811,0.3413
A004755,Consumo,Metropolitana,1984590,748,0,0,0.0,0.022826,0.058588,0.566
A000367,Microempresa,Otras,863689,555,0,1803566,0.4,0.240736,0.777645,0.5675
A009659,Consumo,Metropolitana,3983225,700,0,0,0.0,0.042774,0.13098,0.5777
A001241,Consumo,Biobío,847267,833,0,0,0.0,0.007352,0.02296,0.532
A006453,Automotriz,Metropolitana,2932021,805,107,0,0.0,0.010697,0.023942,0.4368
A002971,Consumo,Valparaíso,624783,762,0,0,0.0,0.018966,0.054534,0.6156
A008469,Consumo,Otras,455198,890,0,0,0.0,0.003417,0.009458,0.6662
A008414,Consumo,Otras,5574238,702,0,0,0.0,0.041681,0.130696,0.5918
A003993,Tarjeta,Otras,2500121,790,0,2666420,0.4,0.013069,0.043505,0.7068
A005935,Automotriz,Metropolitana,2400405,573,135,0,0.0,0.199106,0.664863,0.2479
A008728,Consumo,Otras,2496921,831,138,0,0.0,0.007552,0.017259,0.6891
A011290,Tarjeta,Valparaíso,477892,950,0,915752,0.4,0.001522,0.00387,0.6127
A002189,Automotriz,Otras,994834,857,0,0,0.0,0.005326,0.014833,0.3988
A010678,Consumo,Valparaíso,316263,724,0,0,0.0,0.031297,0.08527,0.6353
A000607,Tarjeta,Otras,624628,835,84,1346421,0.4,0.007157,0.020455,0.7666
A002763,Consumo,Metropolitana,4090969,756,194,0,0.0,0.020535,0.066916,0.5719
A014156,Microempresa,Metropolitana,763130,745,0,467883,0.4,0.023748,0.066391,0.6211
A005255,Consumo,Otras,1918142,814,177,0,0.0,0.009484,0.031838,0.7421
A007422,Consumo,Otras,1864763,950,0,0,0.0,0.001522,0.003761,0.6277
A005492,Consumo,Biobío,2149339,928,0,0,0.0,0.002047,0.005742,0.686
A010731,Tarjeta,Metropolitana,935498,890,0,887256,0.4,0.003417,0.008192,0.7218
A012957,Consumo,Biobío,1797573,823,0,0,0.0,0.008407,0.022523,0.6507
A007015,Consumo,Metropolitana,1598519,853,0,0,0.0,0.005621,0.019029,0.5901
A011044,Consumo,Metropolitana,668374,898,70,0,0.0,0.003068,0.008388,0.5788
A003069,Automotriz,Metropolitana,1125798,907,0,0,0.0,0.002717,0.0068,0.4188
A003447,Consumo,Metropolitana,2048157,863,0,0,0.0,0.004914,0.016045,0.6499
A001611,Tarjeta,Otras,2281748,857,0,4175644,0.4,0.005326,0.012431,0.6954
A011825,Consumo,Valparaíso,1820428,843,0,0,0.0,0.006429,0.015738,0.5533
A004417,Tarjeta,Valparaíso,2997473,914,0,6195705,0.4,0.002473,0.008134,0.7219
A002894,Tarjeta,Metropolitana,1313565,728,0,1049840,0.4,0.029699,0.077764,0.7223
A000712,Tarjeta,Metropolitana,1643143,806,0,953955,0.4,0.010555,0.034782,0.7167
A003674,Consumo,Otras,308153,779,0,0,0.0,0.015132,0.047194,0.6819
A002315,Consumo,Metropolitana,1237234,926,55,0,0.0,0.002103,0.006218,0.6516
A003651,Tarjeta,Metropolitana,915555,829,0,1374582,0.4,0.007757,0.025207,0.7523
A000546,Consumo,Metropolitana,5273745,769,0,0,0.0,0.017284,0.056498,0.5566
A005111,Consumo,Metropolitana,1311804,736,0,0,0.0,0.026737,0.072924,0.6667
A012273,Consumo,Biobío,1628939,772,0,0,0.0,0.016609,0.042324,0.6496
A007308,Consumo,Biobío,2138647,824,0,0,0.0,0.008295,0.020184,0.6015
A012480,Consumo,Biobío,1209266,826,0,0,0.0,0.008076,0.025489,0.6457
A003093,Consumo,Otras,2153016,861,0,0,0.0,0.005048,0.013791,0.5591
A008356,Consumo,Metropolitana,558482,841,0,0,0.0,0.006604,0.015661,0.5865
A000137,Consumo,Valparaíso,2661301,950,0,0,0.0,0.001522,0.004146,0.6326
A006313,Automotriz,Valparaíso,1920039,841,0,0,0.0,0.006604,0.020253,0.3763
A002460,Tarjeta,Valparaíso,637107,674,0,390140,0.4,0.059706,0.200391,0.7376
A013691,Consumo,Metropolitana,912681,805,0,0,0.0,0.010697,0.023182,0.6677
A008680,Consumo,Metropolitana,782466,936,0,0,0.0,0.001838,0.005725,0.6179
A002888,Automotriz,Metropolitana,791433,778,0,0,0.0,0.015335,0.039497,0.4367
A005224,Tarjeta,Metropolitana,1550144,892,0,2562582,0.4,0.003326,0.007088,0.6405
A005540,Consumo,Metropolitana,1733459,869,0,0,0.0,0.004533,0.010503,0.5878
A009748,Automotriz,Otras,592629,833,0,0,0.0,0.007352,0.018222,0.3436
A010939,Automotriz,Metropolitana,5990928,854,0,0,0.0,0.005546,0.012701,0.4069
A002087,Automotriz,Valparaíso,3768746,863,0,0,0.0,0.004914,0.016341,0.3578
A013006,Tarjeta,Metropolitana,508658,716,42,1036117,0.4,0.034746,0.086868,0.7058
A000447,Microempresa,Metropolitana,724854,875,0,1052184,0.4,0.004181,0.010975,0.5481
A007647,Microempresa,Metropolitana,2639229,868,0,1794180,0.4,0.004594,0.013751,0.5461
A004702,Automotriz,Metropolitana,996436,840,0,0,0.0,0.006693,0.016694,0.4288
A008993,Consumo,Biobío,1963968,877,0,0,0.0,0.00407,0.010128,0.6224
A012476,Consumo,Valparaíso,988464,792,0,0,0.0,0.012725,0.029239,0.6124
A011531,Microempresa,Valparaíso,1121494,791,36,1850861,0.4,0.012896,0.035261,0.4753
A004112,Tarjeta,Otras,1181284,802,0,1240840,0.4,0.011135,0.033981,0.7409
A012686,Tarjeta,Valparaíso,862393,729,0,1660743,0.4,0.029312,0.089634,0.6932
A011410,Automotriz,Otras,1341950,870,0,0,0.0,0.004472,0.01448,0.3908
A013417,Microempresa,Biobío,4631481,560,90,3312518,0.4,0.228603,0.66982,0.6654
A013290,Automotriz,Valparaíso,1440933,754,0,0,0.0,0.021086,0.048935,0.3856
A001143,Consumo,Metropolitana,1523333,788,0,0,0.0,0.013423,0.037084,0.6016
A013053,Consumo,Valparaíso,2808694,728,221,0,0.0,0.029699,0.09419,0.4809
A014011,Consumo,Otras,1181644,926,0,0,0.0,0.002103,0.004613,0.629
A014534,Tarjeta,Metropolitana,1138779,861,0,674213,0.4,0.005048,0.015918,0.7766
A010392,Consumo,Otras,702085,904,0,0,0.0,0.002829,0.007242,0.5433
A000048,Tarjeta,Metropolitana,918467,812,0,1880789,0.4,0.009741,0.030223,0.7044
A009815,Consumo,Otras,461757,898,0,0,0.0,0.003068,0.008511,0.6725
A010342,Tarjeta,Metropolitana,1961096,890,0,1274640,0.4,0.003417,0.009545,0.6111
A014669,Consumo,Metropolitana,1209706,833,0,0,0.0,0.007352,0.021198,0.6899
A008252,Tarjeta,Metropolitana,1793833,848,0,2846506,0.4,0.006011,0.014546,0.7117
A010021,Automotriz,Metropolitana,261339,857,0,0,0.0,0.005326,0.018087,0.3775
A011861,Consumo,Valparaíso,1163221,822,0,0,0.0,0.00852,0.019844,0.5556
A002786,Consumo,Metropolitana,2195675,790,0,0,0.0,0.013069,0.037034,0.6274
A001770,Automotriz,Metropolitana,847769,709,0,0,0.0,0.038062,0.083142,0.3687
A014328,Consumo,Metropolitana,4046466,950,0,0,0.0,0.001522,0.003394,0.68
A011867,Consumo,Biobío,1065124,885,0,0,0.0,0.003655,0.010785,0.6462
A011148,Consumo,Valparaíso,2509328,752,189,0,0.0,0.021651,0.06345,0.5574
A009991,Microempresa,Metropolitana,1224359,809,178,869750,0.4,0.01014,0.029344,0.5209
A003822,Tarjeta,Metropolitana,3450592,518,182,6703652,0.4,0.343294,0.873139,0.7098
A010360,Consumo,Biobío,507603,950,0,0,0.0,0.001522,0.004376,0.5194
A007196,Tarjeta,Otras,1208013,867,0,2372305,0.4,0.004656,0.014095,0.7036
A005375,Tarjeta,Biobío,1304203,747,0,1482346,0.4,0.02313,0.057943,0.727
A010657,Consumo,Metropolitana,821271,883,0,0,0.0,0.003754,0.010151,0.6493
A011334,Tarjeta,Biobío,2363159,844,0,1486166,0.4,0.006343,0.021406,0.8105
A012343,Tarjeta,Metropolitana,447701,816,0,786021,0.4,0.009233,0.022629,0.681
A006619,Automotriz,Biobío,1457102,920,10,0,0.0,0.00228,0.006668,0.4034
A002058,Automotriz,Valparaíso,542434,808,0,0,0.0,0.010276,0.02411,0.3693
A001122,Microempresa,Metropolitana,1859322,615,0,3697443,0.4,0.123526,0.361083,0.594
A003554,Consumo,Metropolitana,846965,888,0,0,0.0,0.00351,0.007975,0.6238
A009639,Tarjeta,Otras,2331067,650,0,2242595,0.4,0.080733,0.27374,0.7655
A001452,Microempresa,Biobío,3983018,950,0,6208378,0.4,0.001522,0.00363,0.5181
A013276,Automotriz,Biobío,2611126,802,0,0,0.0,0.011135,0.034929,0.3677
A001072,Tarjeta,Biobío,2328353,906,16,3097735,0.4,0.002754,0.007688,0.6398
A011521,Automotriz,Metropolitana,602975,774,25,0,0.0,0.016173,0.047761,0.3249
A000332,Consumo,Valparaíso,711461,838,0,0,0.0,0.006875,0.01568,0.5423
A011944,Automotriz,Otras,1152970,833,0,0,0.0,0.007352,0.0239,0.3268
A004788,Tarjeta,Otras,3492243,781,0,3224861,0.4,0.014735,0.033537,0.7317
A006029,Tarjeta,Metropolitana,3418067,832,0,4701424,0.4,0.007451,0.024102,0.7175
A011210,Consumo,Otras,1944267,672,0,0,0.0,0.061242,0.146254,0.6118
A003201,Consumo,Metropolitana,1686714,744,172,0,0.0,0.024063,0.062217,0.61
A008490,Tarjeta,Valparaíso,1272603,711,0,2014960,0.4,0.037085,0.078439,0.6708
A014731,Automotriz,Metropolitana,8235429,764,0,0,0.0,0.01847,0.048572,0.3607
A014025,Microempresa,Otras,598833,897,0,958396,0.4,0.003109,0.007247,0.5777
A000083,Tarjeta,Biobío,1277969,754,0,1078665,0.4,0.021086,0.069062,0.7131
A009614,Consumo,Metropolitana,512411,878,0,0,0.0,0.004016,0.010629,0.6313
A014568,Automotriz,Metropolitana,1761759,818,0,0,0.0,0.008989,0.022336,0.4035
A014892,Tarjeta,Metropolitana,738268,883,0,649103,0.4,0.003754,0.011263,0.6828
A011419,Consumo,Metropolitana,1374520,815,0,0,0.0,0.009358,0.025751,0.6567
A004515,Automotriz,Metropolitana,474695,885,0,0,0.0,0.003655,0.011271,0.3919
A008695,Automotriz,Metropolitana,963038,849,0,0,0.0,0.005931,0.017228,0.3708
A007374,Automotriz,Metropolitana,1186442,759,0,0,0.0,0.019735,0.05242,0.4076
A013504,Tarjeta,Otras,61324,861,0,77382,0.4,0.005048,0.011779,0.725
A000018,Tarjeta,Otras,1249428,950,0,1761564,0.4,0.001522,0.004567,0.6782
A014759,Tarjeta,Biobío,1173346,941,0,1360215,0.4,0.001718,0.005652,0.6506
A006012,Microempresa,Metropolitana,1098924,893,0,735656,0.4,0.003281,0.010284,0.5557
A009354,Automotriz,Metropolitana,1319007,664,0,0,0.0,0.06776,0.145337,0.4078
A009551,Consumo,Metropolitana,466527,903,0,0,0.0,0.002868,0.00724,0.662
A003626,Tarjeta,Metropolitana,746663,886,0,507146,0.4,0.003606,0.009361,0.7661
A006076,Automotriz,Metropolitana,557523,943,0,0,0.0,0.001672,0.005597,0.2838
A008606,Consumo,Biobío,2011934,839,0,0,0.0,0.006783,0.014483,0.6595
A004261,Consumo,Metropolitana,477218,817,0,0,0.0,0.00911,0.025415,0.6382
A005878,Consumo,Metropolitana,2523134,845,0,0,0.0,0.006258,0.017024,0.6495
A004504,Consumo,Metropolitana,1205763,950,0,0,0.0,0.001522,0.003343,0.6399
A006764,Consumo,Valparaíso,512456,799,0,0,0.0,0.01159,0.029218,0.5897
A004335,Consumo,Metropolitana,1226168,855,0,0,0.0,0.005472,0.015692,0.5524
A002912,Microempresa,Metropolitana,442475,820,0,340626,0.4,0.008752,0.02494,0.5431
A008307,Tarjeta,Otras,127498,827,0,265492,0.4,0.007968,0.017412,0.7554
A011873,Automotriz,Valparaíso,180091,929,0,0,0.0,0.00202,0.004749,0.4188
A014167,Automotriz,Biobío,341496,922,0,0,0.0,0.00222,0.006405,0.3786
A011190,Consumo,Valparaíso,2083773,863,0,0,0.0,0.004914,0.015665,0.6549
A005303,Consumo,Biobío,1491109,853,0,0,0.0,0.005621,0.016905,0.6692
A011366,Tarjeta,Metropolitana,432338,734,0,364322,0.4,0.02745,0.062772,0.7073
A014748,Automotriz,Metropolitana,3613290,950,0,0,0.0,0.001522,0.003301,0.3965
A007605,Tarjeta,Metropolitana,3256753,679,0,1514437,0.4,0.056024,0.154394,0.7554
A008556,Automotriz,Metropolitana,2752542,619,95,0,0.0,0.117791,0.357863,0.3966
A013811,Consumo,Metropolitana,1105803,839,0,0,0.0,0.006783,0.016325,0.6008
A007634,Consumo,Metropolitana,3174470,871,0,0,0.0,0.004412,0.010584,0.6831
A008375,Microempresa,Metropolitana,3646772,839,129,2813353,0.4,0.006783,0.017716,0.4925
A005968,Consumo,Otras,4428069,877,0,0,0.0,0.00407,0.013792,0.6401
A000074,Consumo,Metropolitana,499386,909,0,0,0.0,0.002645,0.005969,0.5999
A001476,Tarjeta,Otras,6967093,767,0,7611909,0.4,0.017749,0.04548,0.7676
A006850,Consumo,Metropolitana,1319086,705,0,0,0.0,0.040091,0.113017,0.595
A006684,Consumo,Metropolitana,836724,771,0,0,0.0,0.016831,0.055642,0.6201
A003394,Tarjeta,Otras,677757,923,0,1238650,0.4,0.00219,0.00691,0.6533
A009540,Consumo,Metropolitana,82746,950,0,0,0.0,0.001522,0.004014,0.6515
A004992,Automotriz,Otras,880779,850,0,0,0.0,0.005852,0.017527,0.3586
A005616,Automotriz,Valparaíso,1311263,835,0,0,0.0,0.007157,0.017094,0.4425
A010451,Tarjeta,Otras,2469417,810,0,3424745,0.4,0.010005,0.02426,0.6872
A004435,Consumo,Otras,787635,783,0,0,0.0,0.014347,0.035806,0.6942
A006121,Consumo,Valparaíso,652215,785,0,0,0.0,0.01397,0.031721,0.5681
A004744,Consumo,Biobío,478650,722,0,0,0.0,0.032127,0.09231,0.6287
A010676,Consumo,Metropolitana,995771,817,0,0,0.0,0.00911,0.023479,0.6421
A005381,Consumo,Metropolitana,3127198,840,0,0,0.0,0.006693,0.014372,0.7081
A004320,Automotriz,Metropolitana,1509183,871,0,0,0.0,0.004412,0.014613,0.3981
A010736,Consumo,Metropolitana,4793902,786,0,0,0.0,0.013785,0.046092,0.7008
A000308,Automotriz,Valparaíso,3903231,925,100,0,0.0,0.002132,0.006664,0.4075
A000923,Microempresa,Metropolitana,1547782,806,0,2206245,0.4,0.010555,0.023093,0.617
A006023,Consumo,Otras,900090,730,57,0,0.0,0.02893,0.080111,0.6652
A010783,Consumo,Metropolitana,2002358,829,31,0,0.0,0.007757,0.023537,0.7174
A000826,Automotriz,Metropolitana,1924353,847,0,0,0.0,0.006092,0.01777,0.4318
A014614,Tarjeta,Biobío,4321113,900,0,6641856,0.4,0.002986,0.009659,0.7614
A012879,Tarjeta,Metropolitana,708562,865,0,1193991,0.4,0.004783,0.015622,0.7619
A003696,Consumo,Metropolitana,1008849,864,0,0,0.0,0.004848,0.011494,0.5666
A011204,Tarjeta,Metropolitana,3124839,838,0,1165672,0.4,0.006875,0.015064,0.6979
A012249,Automotriz,Metropolitana,618511,920,0,0,0.0,0.00228,0.007152,0.3377
A007910,Consumo,Metropolitana,942331,913,0,0,0.0,0.002506,0.008034,0.6364
A002762,Consumo,Metropolitana,1978447,713,97,0,0.0,0.036132,0.101079,0.5918
A009332,Tarjeta,Valparaíso,3999556,722,0,8461489,0.4,0.032127,0.104158,0.7685
A013900,Consumo,Otras,1383011,647,0,0,0.0,0.083793,0.261371,0.5999
A004022,Consumo,Metropolitana,1616324,725,58,0,0.0,0.03089,0.087341,0.5462
A000189,Microempresa,Otras,4097920,859,73,7504863,0.4,0.005185,0.017101,0.6012
A003219,Tarjeta,Otras,5910770,873,0,10137896,0.4,0.004295,0.012793,0.6758
A007150,Consumo,Otras,1012556,869,0,0,0.0,0.004533,0.014488,0.6202
A014467,Automotriz,Biobío,1722871,785,0,0,0.0,0.01397,0.041666,0.3901
A003913,Automotriz,Valparaíso,2081607,816,0,0,0.0,0.009233,0.028428,0.3229
A007746,Consumo,Metropolitana,688808,880,0,0,0.0,0.003909,0.011103,0.5962
A007770,Consumo,Metropolitana,1692434,720,239,0,0.0,0.032978,0.078847,0.603
A007376,Consumo,Metropolitana,17009362,911,0,0,0.0,0.002575,0.005523,0.6661
A012166,Automotriz,Metropolitana,758155,879,0,0,0.0,0.003962,0.013412,0.2756
A006555,Consumo,Otras,2911929,882,0,0,0.0,0.003805,0.008068,0.6336
A008104,Tarjeta,Valparaíso,4966193,740,0,7586125,0.4,0.025366,0.068939,0.6523
A012137,Consumo,Metropolitana,1266778,910,0,0,0.0,0.00261,0.008382,0.6374
A001859,Consumo,Otras,9991605,950,0,0,0.0,0.001522,0.004481,0.5758
A013714,Microempresa,Biobío,1183793,816,0,1545574,0.4,0.009233,0.027988,0.4545
A001383,Tarjeta,Metropolitana,891805,812,0,1052495,0.4,0.009741,0.027625,0.7257
A004493,Consumo,Otras,586733,897,0,0,0.0,0.003109,0.010071,0.5307
A001527,Consumo,Otras,1221668,790,44,0,0.0,0.013069,0.043347,0.6117
A014462,Automotriz,Biobío,1727927,791,0,0,0.0,0.012896,0.037627,0.4171
A003756,Automotriz,Metropolitana,814670,756,0,0,0.0,0.020535,0.044344,0.321
A007847,Consumo,Otras,5168362,719,0,0,0.0,0.033412,0.078585,0.665
A005246,Consumo,Valparaíso,1106094,945,0,0,0.0,0.001628,0.004932,0.624
A001541,Automotriz,Otras,8601874,803,0,0,0.0,0.010987,0.031335,0.3919
A003396,Automotriz,Valparaíso,790984,770,0,0,0.0,0.017056,0.043195,0.4679
A003618,Consumo,Metropolitana,161736,871,0,0,0.0,0.004412,0.013709,0.6436
A006889,Consumo,Metropolitana,263670,854,0,0,0.0,0.005546,0.012568,0.588
A007793,Consumo,Otras,2489574,733,90,0,0.0,0.027813,0.086999,0.7089
A011907,Tarjeta,Valparaíso,497327,621,0,641179,0.4,0.115012,0.316899,0.6828
A008882,Tarjeta,Valparaíso,2286852,821,73,2446064,0.4,0.008635,0.019571,0.7847
A012337,Consumo,Metropolitana,2065470,918,0,0,0.0,0.002343,0.005738,0.6511
A007340,Tarjeta,Valparaíso,541026,863,0,554471,0.4,0.004914,0.015497,0.8198
A006442,Microempresa,Valparaíso,2128775,840,0,4132723,0.4,0.006693,0.021329,0.463
A006461,Consumo,Valparaíso,3825888,950,0,0,0.0,0.001522,0.004175,0.6107
A001993,Microempresa,Biobío,650645,892,18,550551,0.4,0.003326,0.007814,0.5173
A005652,Automotriz,Metropolitana,575707,808,0,0,0.0,0.010276,0.031006,0.3151
A011647,Consumo,Metropolitana,2439873,843,0,0,0.0,0.006429,0.013843,0.5863
A004035,Tarjeta,Otras,523226,844,0,435722,0.4,0.006343,0.017398,0.7768
A001682,Tarjeta,Metropolitana,663249,787,43,556366,0.4,0.013603,0.030873,0.7209
A011730,Tarjeta,Metropolitana,3309996,805,0,6788954,0.4,0.010697,0.033935,0.7344
A013278,Tarjeta,Metropolitana,489992,775,0,997129,0.4,0.015959,0.053644,0.6413
A013548,Consumo,Metropolitana,2479560,839,0,0,0.0,0.006783,0.014387,0.6155
A012700,Consumo,Otras,680123,874,0,0,0.0,0.004238,0.012317,0.6237
A014738,Tarjeta,Metropolitana,3826787,815,0,2391719,0.4,0.009358,0.025264,0.7687
A013768,Consumo,Valparaíso,3744764,869,0,0,0.0,0.004533,0.012254,0.6186
A008285,Consumo,Metropolitana,747009,828,39,0,0.0,0.007862,0.019999,0.6335
A014405,Tarjeta,Otras,1514903,881,0,484019,0.4,0.003857,0.010022,0.8361
A009357,Microempresa,Metropolitana,1049124,816,0,886703,0.4,0.009233,0.019924,0.5117
A008113,Consumo,Otras,3676766,845,0,0,0.0,0.006258,0.019096,0.579
A005004,Consumo,Biobío,432792,870,45,0,0.0,0.004472,0.013293,0.5398
A011438,Tarjeta,Otras,3121464,798,0,6798599,0.4,0.011746,0.024966,0.6907
A008319,Microempresa,Valparaíso,627163,900,0,603084,0.4,0.002986,0.008415,0.6074
A012968,Consumo,Otras,763736,922,0,0,0.0,0.00222,0.005747,0.6118
A004627,Consumo,Metropolitana,2020414,919,0,0,0.0,0.002311,0.007249,0.6358
A007124,Microempresa,Metropolitana,3660404,722,122,4369741,0.4,0.032127,0.089811,0.6327
A003753,Tarjeta,Metropolitana,6866818,720,0,10311779,0.4,0.032978,0.107938,0.689
A001368,Automotriz,Metropolitana,1271867,810,3,0,0.0,0.010005,0.025354,0.4068
A002047,Consumo,Biobío,241258,912,0,0,0.0,0.00254,0.007129,0.7383
A012425,Consumo,Metropolitana,812652,886,0,0,0.0,0.003606,0.012235,0.5862
A007753,Automotriz,Biobío,1265741,794,0,0,0.0,0.01239,0.027824,0.3728
A011685,Tarjeta,Otras,229768,786,0,133120,0.4,0.013785,0.043492,0.7757
A001232,Consumo,Valparaíso,1505229,924,0,0,0.0,0.002161,0.006353,0.6588
A004573,Tarjeta,Otras,255636,717,0,450798,0.4,0.034296,0.096866,0.6674
A008305,Consumo,Biobío,386317,869,0,0,0.0,0.004533,0.014276,0.5534
A004297,Consumo,Biobío,1063500,868,0,0,0.0,0.004594,0.014517,0.6636
A012474,Microempresa,Metropolitana,1698306,795,0,1274340,0.4,0.012226,0.028849,0.4912
A006767,Tarjeta,Metropolitana,5048794,871,47,8888237,0.4,0.004412,0.014098,0.6818
A007763,Microempresa,Otras,201909,899,0,353589,0.4,0.003027,0.009292,0.5925
A000702,Automotriz,Biobío,2061226,885,0,0,0.0,0.003655,0.010112,0.3814
A009573,Consumo,Valparaíso,1092158,804,0,0,0.0,0.010841,0.03484,0.5876
A002060,Automotriz,Metropolitana,3654840,819,0,0,0.0,0.00887,0.020644,0.3894
A009977,Consumo,Metropolitana,6231443,807,0,0,0.0,0.010415,0.025493,0.5951
A007963,Tarjeta,Otras,300070,798,0,274495,0.4,0.011746,0.035701,0.6784
A001981,Consumo,Metropolitana,664491,785,0,0,0.0,0.01397,0.03761,0.5204
A014189,Microempresa,Valparaíso,625092,795,0,395679,0.4,0.012226,0.032095,0.4976
A006632,Tarjeta,Metropolitana,1347044,751,0,1322802,0.4,0.021939,0.053968,0.6825
A011522,Automotriz,Metropolitana,236821,864,0,0,0.0,0.004848,0.015578,0.3659
A009937,Consumo,Valparaíso,310220,905,0,0,0.0,0.002792,0.009241,0.6292
A012320,Automotriz,Metropolitana,2035631,736,0,0,0.0,0.026737,0.084437,0.3913
A004563,Tarjeta,Metropolitana,1998090,871,0,2716188,0.4,0.004412,0.011837,0.791
A000934,Tarjeta,Metropolitana,5954610,925,0,13074595,0.4,0.002132,0.006169,0.7373
A012608,Consumo,Metropolitana,858748,815,0,0,0.0,0.009358,0.031087,0.6519
A010534,Consumo,Metropolitana,479825,696,0,0,0.0,0.045043,0.136367,0.5808
A011416,Consumo,Metropolitana,654253,862,0,0,0.0,0.00498,0.016132,0.6554
A013251,Consumo,Biobío,841052,948,0,0,0.0,0.001563,0.004126,0.6218
A014232,Automotriz,Metropolitana,428322,817,0,0,0.0,0.00911,0.029395,0.2989
A006179,Consumo,Metropolitana,3337011,803,0,0,0.0,0.010987,0.027601,0.623
A001685,Consumo,Metropolitana,1601910,866,0,0,0.0,0.004719,0.012546,0.6205
A004576,Automotriz,Otras,241080,901,0,0,0.0,0.002946,0.0072,0.3535
A001103,Tarjeta,Metropolitana,2103680,910,0,3217633,0.4,0.00261,0.007002,0.7594
A009719,Consumo,Otras,6419047,790,0,0,0.0,0.013069,0.038214,0.6985
A007405,Tarjeta,Metropolitana,1432939,781,0,489547,0.4,0.014735,0.036836,0.7586
A001429,Consumo,Otras,1113522,875,0,0,0.0,0.004181,0.008837,0.5718
A001504,Consumo,Metropolitana,504477,800,0,0,0.0,0.011436,0.038642,0.6124
A014377,Consumo,Valparaíso,1782916,717,0,0,0.0,0.034296,0.111053,0.5793
A003899,Tarjeta,Biobío,4244776,850,0,2611460,0.4,0.005852,0.012604,0.707
A005036,Consumo,Valparaíso,5041666,825,0,0,0.0,0.008184,0.018702,0.6008
A014281,Tarjeta,Biobío,929889,901,28,1887195,0.4,0.002946,0.008294,0.7607
A003645,Consumo,Metropolitana,1339888,791,515,0,0.0,0.012896,0.030962,0.6329
A011406,Tarjeta,Otras,1590715,758,0,946083,0.4,0.019999,0.058026,0.719
A013839,Tarjeta,Valparaíso,573469,779,68,904060,0.4,0.015132,0.047682,0.6637
A013771,Automotriz,Valparaíso,349962,858,0,0,0.0,0.005255,0.016107,0.4354
A001011,Consumo,Metropolitana,2679662,789,0,0,0.0,0.013245,0.037583,0.6076
A010611,Tarjeta,Metropolitana,2176001,735,76,2441007,0.4,0.027091,0.072865,0.6906
A008513,Automotriz,Metropolitana,4255629,767,0,0,0.0,0.017749,0.04968,0.3574
A009930,Automotriz,Valparaíso,2012360,841,0,0,0.0,0.006604,0.014118,0.3944
A000691,Consumo,Valparaíso,402985,772,0,0,0.0,0.016609,0.043799,0.5912
A014818,Consumo,Valparaíso,4716339,950,0,0,0.0,0.001522,0.003863,0.6238
A001644,Tarjeta,Metropolitana,2444560,765,0,872764,0.4,0.018226,0.044696,0.6302
A000799,Automotriz,Metropolitana,1098650,817,0,0,0.0,0.00911,0.026997,0.4366
A000103,Automotriz,Otras,579457,860,0,0,0.0,0.005116,0.014114,0.4613
A012728,Consumo,Metropolitana,1905555,848,0,0,0.0,0.006011,0.014584,0.6966
A012998,Consumo,Otras,1154071,809,464,0,0.0,0.01014,0.031725,0.586
A010754,Automotriz,Biobío,1140227,903,0,0,0.0,0.002868,0.008399,0.3546
A013854,Tarjeta,Valparaíso,658082,810,29,1038704,0.4,0.010005,0.025236,0.7669
A010250,Tarjeta,Otras,1540467,907,0,2245653,0.4,0.002717,0.006271,0.8504
A006742,Automotriz,Metropolitana,1849168,868,0,0,0.0,0.004594,0.01335,0.3601
A004978,Microempresa,Otras,3992832,836,0,8765190,0.4,0.007062,0.022519,0.5455
A009632,Consumo,Metropolitana,1434608,841,0,0,0.0,0.006604,0.014582,0.547
A004110,Consumo,Metropolitana,3268725,933,0,0,0.0,0.001914,0.004942,0.6357
A000823,Consumo,Metropolitana,819974,932,0,0,0.0,0.00194,0.005045,0.5862
A009234,Tarjeta,Biobío,3407801,784,0,4344421,0.4,0.014158,0.046966,0.6949
A005478,Consumo,Metropolitana,1360299,832,0,0,0.0,0.007451,0.022862,0.7332
A012210,Consumo,Metropolitana,393914,841,0,0,0.0,0.006604,0.015104,0.5925
A006711,Consumo,Metropolitana,1666665,806,0,0,0.0,0.010555,0.025229,0.6061
A013573,Consumo,Otras,500033,879,49,0,0.0,0.003962,0.009929,0.6335
A004967,Consumo,Valparaíso,3133692,632,90,0,0.0,0.100726,0.311729,0.6535
A008387,Microempresa,Metropolitana,376313,845,0,528839,0.4,0.006258,0.016018,0.5884
A011879,Consumo,Metropolitana,1635595,929,0,0,0.0,0.00202,0.005619,0.6134
A003641,Automotriz,Metropolitana,1517294,788,96,0,0.0,0.013423,0.029123,0.3366
A006030,Consumo,Metropolitana,4167373,579,0,0,0.0,0.186491,0.420933,0.6312
A008400,Consumo,Otras,2739043,744,12,0,0.0,0.024063,0.057742,0.5928
A006493,Tarjeta,Valparaíso,1416032,677,0,1696263,0.4,0.05747,0.154341,0.6701
A002468,Tarjeta,Metropolitana,2099920,871,0,2743881,0.4,0.004412,0.011193,0.7724
A001846,Consumo,Metropolitana,1220990,911,0,0,0.0,0.002575,0.008386,0.6048
A013042,Consumo,Valparaíso,139917,831,0,0,0.0,0.007552,0.022713,0.636
A014999,Tarjeta,Metropolitana,1462637,791,0,2563214,0.4,0.012896,0.033341,0.717
A002822,Consumo,Metropolitana,5816745,824,0,0,0.0,0.008295,0.018928,0.5276
A007655,Consumo,Otras,247466,772,0,0,0.0,0.016609,0.043752,0.6728
A006949,Consumo,Biobío,7790380,783,0,0,0.0,0.014347,0.043761,0.6049
A006515,Consumo,Metropolitana,5223347,885,0,0,0.0,0.003655,0.010575,0.5786
A014316,Tarjeta,Otras,3612243,733,90,4011793,0.4,0.027813,0.083902,0.7971
A008457,Automotriz,Otras,5243018,766,0,0,0.0,0.017986,0.059618,0.4852
A001865,Consumo,Metropolitana,1125431,750,0,0,0.0,0.022231,0.046926,0.5565
A013566,Consumo,Metropolitana,1686963,921,0,0,0.0,0.00225,0.006148,0.5205
A001817,Tarjeta,Metropolitana,1739878,726,90,3805189,0.4,0.030488,0.102641,0.822
A008760,Automotriz,Valparaíso,428838,876,1,0,0.0,0.004125,0.008804,0.3661
A004605,Microempresa,Valparaíso,755537,808,0,855677,0.4,0.010276,0.02601,0.5874
A006430,Consumo,Biobío,852417,735,0,0,0.0,0.027091,0.084,0.6905
A002271,Automotriz,Otras,2002349,744,0,0,0.0,0.024063,0.073905,0.4197
A000568,Tarjeta,Metropolitana,1456146,891,0,644289,0.4,0.003371,0.008504,0.7489
A003443,Automotriz,Biobío,5332228,941,0,0,0.0,0.001718,0.004672,0.3355
A013342,Consumo,Otras,6680929,856,0,0,0.0,0.005399,0.017415,0.5795
A007952,Tarjeta,Metropolitana,515873,950,0,973876,0.4,0.001522,0.004842,0.7498
A008259,Microempresa,Otras,563782,865,0,1117316,0.4,0.004783,0.010703,0.6218
A012258,Consumo,Otras,1468542,653,50,0,0.0,0.077775,0.216157,0.5663
A013316,Tarjeta,Metropolitana,2416717,839,0,3734274,0.4,0.006783,0.019551,0.8017
A007464,Consumo,Otras,3498537,896,0,0,0.0,0.003151,0.007573,0.652
A002726,Tarjeta,Valparaíso,2473099,950,0,770752,0.4,0.001522,0.00489,0.5925
A014888,Tarjeta,Valparaíso,1667983,838,0,2384252,0.4,0.006875,0.016282,0.6392
A008543,Automotriz,Valparaíso,832955,791,0,0,0.0,0.012896,0.04158,0.4772
A011703,Tarjeta,Valparaíso,1337531,738,0,481726,0.4,0.026043,0.056582,0.7796
A001761,Tarjeta,Valparaíso,279510,793,0,397063,0.4,0.012557,0.035988,0.7254
A005056,Tarjeta,Valparaíso,473712,862,0,465627,0.4,0.00498,0.01428,0.7306
A006870,Consumo,Biobío,2910224,744,90,0,0.0,0.024063,0.077286,0.6095
A011701,Consumo,Biobío,3964825,942,0,0,0.0,0.001695,0.005548,0.6701
A012241,Microempresa,Metropolitana,4972939,884,0,9128201,0.4,0.003704,0.010073,0.5782
A012703,Automotriz,Valparaíso,2856969,760,0,0,0.0,0.019476,0.044238,0.3769
A008398,Consumo,Metropolitana,170645,808,7,0,0.0,0.010276,0.024178,0.7202
A000593,Automotriz,Valparaíso,1397984,936,0,0,0.0,0.001838,0.004995,0.3948
A012370,Tarjeta,Biobío,408889,800,0,494060,0.4,0.011436,0.030915,0.7375
A014175,Tarjeta,Metropolitana,578348,833,0,522070,0.4,0.007352,0.019557,0.6494
A001272,Consumo,Metropolitana,4808456,844,0,0,0.0,0.006343,0.019916,0.6336
A006750,Consumo,Metropolitana,841303,835,0,0,0.0,0.007157,0.020798,0.707
A010907,Consumo,Valparaíso,1471361,671,0,0,0.0,0.062023,0.195581,0.6538
A003769,Tarjeta,Otras,6623615,790,90,13364064,0.4,0.013069,0.028543,0.6885
A001159,Consumo,Valparaíso,342591,945,0,0,0.0,0.001628,0.003523,0.6034
A012133,Tarjeta,Otras,1378849,805,0,584684,0.4,0.010697,0.023494,0.7859
A003543,Consumo,Metropolitana,822347,806,0,0,0.0,0.010555,0.022816,0.6513
A012158,Tarjeta,Metropolitana,675181,906,14,1007529,0.4,0.002754,0.007365,0.6814
A006885,Microempresa,Otras,927895,838,162,1275647,0.4,0.006875,0.017556,0.5433
A000886,Consumo,Metropolitana,553416,838,0,0,0.0,0.006875,0.015022,0.6612
A005531,Automotriz,Metropolitana,87660,836,78,0,0.0,0.007062,0.018409,0.3703
A010874,Consumo,Metropolitana,3361382,771,0,0,0.0,0.016831,0.056167,0.5667
A013596,Consumo,Otras,1495558,887,0,0,0.0,0.003557,0.011969,0.5719
A000821,Tarjeta,Metropolitana,848915,838,0,443036,0.4,0.006875,0.017432,0.6963
A000892,Microempresa,Metropolitana,227180,889,0,294508,0.4,0.003463,0.010644,0.6909
A011377,Consumo,Valparaíso,1320585,766,0,0,0.0,0.017986,0.055848,0.561
A013999,Tarjeta,Otras,685688,778,78,705771,0.4,0.015335,0.035134,0.7328
A011169,Consumo,Metropolitana,216488,895,0,0,0.0,0.003194,0.010075,0.6937
A008261,Microempresa,Valparaíso,1461559,812,0,2502475,0.4,0.009741,0.028309,0.5668
A013616,Consumo,Biobío,1808390,949,0,0,0.0,0.001542,0.003288,0.5908
A005138,Consumo,Otras,936178,821,0,0,0.0,0.008635,0.01866,0.5871
A005324,Microempresa,Metropolitana,736473,777,0,1487292,0.4,0.01554,0.037513,0.4784
A010849,Automotriz,Metropolitana,300503,911,0,0,0.0,0.002575,0.006015,0.4083
A003975,Consumo,Metropolitana,1202902,940,0,0,0.0,0.001741,0.004367,0.6331
A011488,Consumo,Metropolitana,497055,941,0,0,0.0,0.001718,0.005324,0.5695
A009246,Tarjeta,Metropolitana,588532,719,0,957919,0.4,0.033412,0.11175,0.696
A010963,Consumo,Metropolitana,369602,943,0,0,0.0,0.001672,0.005032,0.6041
A012622,Consumo,Otras,2502612,862,32,0,0.0,0.00498,0.011581,0.6931
A009232,Microempresa,Metropolitana,1564823,791,0,2186283,0.4,0.012896,0.03601,0.582
A002819,Consumo,Otras,334342,927,0,0,0.0,0.002075,0.005984,0.5704
A010113,Consumo,Metropolitana,4458609,793,0,0,0.0,0.012557,0.029283,0.6218
A007216,Tarjeta,Otras,437407,866,0,205641,0.4,0.004719,0.014619,0.7306
A008315,Tarjeta,Biobío,1124490,862,0,1466705,0.4,0.00498,0.011378,0.6401
A010867,Tarjeta,Metropolitana,1948870,784,0,1586928,0.4,0.014158,0.043016,0.7018
A002056,Tarjeta,Metropolitana,869608,949,0,1594255,0.4,0.001542,0.003856,0.8016
A005747,Automotriz,Otras,944300,826,0,0,0.0,0.008076,0.019027,0.432
A011178,Microempresa,Biobío,3366007,831,64,3319667,0.4,0.007552,0.021921,0.6196
A005500,Tarjeta,Metropolitana,3670564,644,98,4771564,0.4,0.086958,0.184141,0.7692
A001332,Consumo,Metropolitana,391432,891,0,0,0.0,0.003371,0.010903,0.5458
A011239,Tarjeta,Metropolitana,1119702,776,0,1902045,0.4,0.015749,0.046424,0.7471
A004173,Tarjeta,Otras,438708,835,0,948005,0.4,0.007157,0.023774,0.7345
A004649,Tarjeta,Metropolitana,1341466,727,0,2910484,0.4,0.030091,0.09135,0.7402
A005441,Consumo,Metropolitana,427676,817,0,0,0.0,0.00911,0.030595,0.5647
A008158,Automotriz,Metropolitana,2640957,770,0,0,0.0,0.017056,0.045451,0.3761
A011176,Tarjeta,Metropolitana,156936,750,19,327705,0.4,0.022231,0.068398,0.6863
A011582,Automotriz,Metropolitana,2752767,763,0,0,0.0,0.018716,0.052094,0.3708
A010225,Consumo,Biobío,432118,864,79,0,0.0,0.004848,0.01535,0.738
A006513,Automotriz,Valparaíso,10173992,876,0,0,0.0,0.004125,0.010731,0.3758
A003879,Consumo,Metropolitana,193966,884,0,0,0.0,0.003704,0.010273,0.5518
A003026,Automotriz,Metropolitana,3141183,815,0,0,0.0,0.009358,0.025922,0.4019
A012355,Consumo,Metropolitana,885263,840,71,0,0.0,0.006693,0.02005,0.6602
A001317,Consumo,Otras,1531179,938,0,0,0.0,0.001789,0.004548,0.7566
A006335,Consumo,Metropolitana,2738244,830,0,0,0.0,0.007654,0.020236,0.6653
A001783,Consumo,Valparaíso,1550015,755,0,0,0.0,0.020809,0.054752,0.6602
A005599,Automotriz,Otras,3712174,712,405,0,0.0,0.036605,0.116281,0.4477
A001524,Consumo,Metropolitana,2273268,747,0,0,0.0,0.02313,0.050193,0.6142
A000292,Microempresa,Metropolitana,1850773,848,0,2913362,0.4,0.006011,0.019701,0.6034
A009812,Consumo,Biobío,2168616,855,0,0,0.0,0.005472,0.011888,0.6896
A013927,Consumo,Metropolitana,566466,950,0,0,0.0,0.001522,0.003969,0.6657
A006417,Consumo,Otras,810461,758,0,0,0.0,0.019999,0.048638,0.6449
A002266,Tarjeta,Metropolitana,3046297,950,0,1111372,0.4,0.001522,0.003373,0.7195
A009291,Tarjeta,Biobío,1761933,872,0,826727,0.4,0.004353,0.012188,0.692
A012864,Tarjeta,Valparaíso,2871526,792,0,5626295,0.4,0.012725,0.028992,0.686
A006136,Tarjeta,Valparaíso,864203,950,0,1606057,0.4,0.001522,0.004681,0.6587
A010763,Consumo,Metropolitana,4017234,712,0,0,0.0,0.036605,0.100072,0.6101
A000144,Consumo,Metropolitana,1594216,884,0,0,0.0,0.003704,0.012479,0.6235
A002961,Consumo,Biobío,1529413,899,0,0,0.0,0.003027,0.007172,0.5601
A011040,Consumo,Valparaíso,1235837,812,0,0,0.0,0.009741,0.032538,0.6148
A013471,Microempresa,Metropolitana,9871175,874,0,4495074,0.4,0.004238,0.010676,0.509
A006448,Tarjeta,Metropolitana,437696,856,0,250768,0.4,0.005399,0.017564,0.6601
A004040,Consumo,Metropolitana,1914852,732,75,0,0.0,0.02818,0.092095,0.6983
A012141,Consumo,Metropolitana,2267825,942,0,0,0.0,0.001695,0.003684,0.5679
A009970,Consumo,Metropolitana,1073815,950,0,0,0.0,0.001522,0.003651,0.6269
A000820,Tarjeta,Otras,1396448,753,0,1718026,0.4,0.021367,0.072183,0.6474
A000358,Microempresa,Metropolitana,1420526,918,0,672980,0.4,0.002343,0.007095,0.5468
A003973,Tarjeta,Biobío,2872204,850,46,1804198,0.4,0.005852,0.014716,0.7634
A012479,Tarjeta,Metropolitana,3363955,686,90,4452168,0.4,0.051226,0.158174,0.6793
A009432,Microempresa,Biobío,340277,872,0,510876,0.4,0.004353,0.00946,0.5518
A013884,Tarjeta,Otras,499463,827,0,720820,0.4,0.007968,0.019595,0.6882
A013552,Microempresa,Otras,524725,771,27,268880,0.4,0.016831,0.049526,0.5348
A008450,Microempresa,Metropolitana,10239803,898,0,9417736,0.4,0.003068,0.008179,0.4616
A003209,Automotriz,Otras,434067,840,0,0,0.0,0.006693,0.01658,0.2886
A002976,Consumo,Otras,543924,840,0,0,0.0,0.006693,0.018852,0.6066
A001502,Consumo,Biobío,2063277,808,0,0,0.0,0.010276,0.034374,0.6276
A000057,Tarjeta,Biobío,2146128,824,0,3275464,0.4,0.008295,0.020341,0.6259
A003005,Consumo,Metropolitana,965219,793,0,0,0.0,0.012557,0.029442,0.6485
A004357,Tarjeta,Metropolitana,498102,874,0,506111,0.4,0.004238,0.009918,0.7667
A006983,Tarjeta,Valparaíso,978907,753,0,1230502,0.4,0.021367,0.050727,0.6202
A013856,Consumo,Otras,1177084,847,0,0,0.0,0.006092,0.014431,0.6994
A009842,Automotriz,Metropolitana,2395353,761,0,0,0.0,0.019219,0.049096,0.2875
A000589,Microempresa,Metropolitana,1370672,745,0,2240087,0.4,0.023748,0.064836,0.571
A010288,Consumo,Biobío,974697,719,0,0,0.0,0.033412,0.078345,0.636
A000580,Tarjeta,Valparaíso,1164307,815,0,1456861,0.4,0.009358,0.020458,0.6474
A000803,Tarjeta,Otras,1668045,848,0,1166801,0.4,0.006011,0.017136,0.7429
A009447,Consumo,Metropolitana,2778861,747,32,0,0.0,0.02313,0.070549,0.5893
A011751,Automotriz,Metropolitana,288656,902,0,0,0.0,0.002907,0.006105,0.3564
A010914,Consumo,Otras,2726105,861,10,0,0.0,0.005048,0.016673,0.6175
A007757,Microempresa,Biobío,379745,841,0,155609,0.4,0.006604,0.014543,0.5283
A000193,Microempresa,Metropolitana,3033724,737,171,6460050,0.4,0.026388,0.065185,0.5984
A004705,Tarjeta,Metropolitana,256364,874,0,474299,0.4,0.004238,0.010484,0.7142
A008979,Consumo,Biobío,1507923,948,0,0,0.0,0.001563,0.004414,0.596
A002833,Automotriz,Metropolitana,12119236,587,146,0,0.0,0.170642,0.537228,0.3438
A000661,Tarjeta,Biobío,2155767,835,0,2840169,0.4,0.007157,0.021761,0.6791
A013271,Tarjeta,Valparaíso,896999,869,0,1735360,0.4,0.004533,0.011902,0.7271
A010860,Automotriz,Biobío,1600929,824,0,0,0.0,0.008295,0.020877,0.3599
A014585,Tarjeta,Metropolitana,398795,854,0,837243,0.4,0.005546,0.017692,0.6672
A000648,Tarjeta,Metropolitana,2549545,897,0,3783279,0.4,0.003109,0.009072,0.617
A014604,Consumo,Valparaíso,3197818,770,0,0,0.0,0.017056,0.051025,0.5903
A013372,Consumo,Metropolitana,2482688,735,0,0,0.0,0.027091,0.059582,0.5918
A000646,Tarjeta,Otras,2605403,880,0,5216848,0.4,0.003909,0.008518,0.7779
A007861,Microempresa,Otras,752267,887,0,370533,0.4,0.003557,0.008451,0.5558
A010790,Automotriz,Valparaíso,1759544,844,0,0,0.0,0.006343,0.014179,0.3477
A004099,Consumo,Metropolitana,577072,890,0,0,0.0,0.003417,0.008219,0.6458
A000590,Microempresa,Metropolitana,1258995,769,74,923793,0.4,0.017284,0.053929,0.6075
A010508,Microempresa,Valparaíso,5034601,808,0,10182370,0.4,0.010276,0.034558,0.5504
A002012,Consumo,Otras,3735692,844,0,0,0.0,0.006343,0.018026,0.5799
A011275,Consumo,Metropolitana,179216,796,0,0,0.0,0.012064,0.026123,0.6696
A013736,Consumo,Biobío,2740880,950,0,0,0.0,0.001522,0.004608,0.5802
A001392,Consumo,Otras,988947,789,0,0,0.0,0.013245,0.034632,0.5223
A004999,Consumo,Metropolitana,5504063,822,0,0,0.0,0.00852,0.018658,0.6671
A007389,Consumo,Valparaíso,750337,842,0,0,0.0,0.006516,0.016977,0.5722
A007456,Tarjeta,Otras,341302,740,54,348087,0.4,0.025366,0.075612,0.7895
A004776,Consumo,Metropolitana,1407530,859,0,0,0.0,0.005185,0.012319,0.5321
A010499,Tarjeta,Metropolitana,1484169,828,0,2561772,0.4,0.007862,0.020869,0.6401
A003321,Automotriz,Metropolitana,5821765,945,0,0,0.0,0.001628,0.004749,0.4279
A013924,Microempresa,Biobío,413324,739,0,540637,0.4,0.025702,0.058742,0.6292
A001755,Tarjeta,Metropolitana,1914347,727,0,630616,0.4,0.030091,0.073287,0.6602
A006234,Tarjeta,Biobío,2159481,799,0,4130897,0.4,0.01159,0.028588,0.7165
A010863,Automotriz,Otras,3020184,936,0,0,0.0,0.001838,0.004936,0.4053
A008733,Automotriz,Otras,355372,927,0,0,0.0,0.002075,0.004803,0.3311
A005895,Tarjeta,Metropolitana,1293920,789,0,1521532,0.4,0.013245,0.036976,0.656
A012089,Consumo,Valparaíso,1889793,701,0,0,0.0,0.042224,0.090301,0.5863
A009424,Microempresa,Valparaíso,3656656,772,0,4090557,0.4,0.016609,0.055248,0.5314
A002729,Consumo,Valparaíso,1130682,843,0,0,0.0,0.006429,0.021464,0.613
A007111,Consumo,Metropolitana,575678,950,0,0,0.0,0.001522,0.003589,0.6798
A005465,Automotriz,Metropolitana,252830,782,0,0,0.0,0.01454,0.033972,0.3827
A011197,Microempresa,Metropolitana,2703636,950,0,3082918,0.4,0.001522,0.004162,0.4765
A010615,Consumo,Valparaíso,3566439,656,0,0,0.0,0.074916,0.23147,0.5919
A014817,Consumo,Otras,3569962,856,0,0,0.0,0.005399,0.014554,0.5992
A004523,Tarjeta,Otras,2320063,765,0,1677009,0.4,0.018226,0.05079,0.6509
A008146,Automotriz,Valparaíso,975120,867,0,0,0.0,0.004656,0.011695,0.4324
A014180,Consumo,Valparaíso,650311,890,0,0,0.0,0.003417,0.010548,0.5173
A004483,Tarjeta,Biobío,2428516,815,0,3424872,0.4,0.009358,0.024509,0.7908
A011570,Tarjeta,Otras,800060,927,0,918781,0.4,0.002075,0.004861,0.7423
A005214,Tarjeta,Biobío,2586818,814,0,985588,0.4,0.009484,0.025941,0.7929
A002378,Tarjeta,Metropolitana,3718963,738,0,8132148,0.4,0.026043,0.07953,0.6467
A007645,Tarjeta,Valparaíso,4655992,924,90,10056731,0.4,0.002161,0.004755,0.7241
A005571,Automotriz,Valparaíso,1229390,908,0,0,0.0,0.002681,0.00653,0.4691
A013584,Automotriz,Otras,260133,927,56,0,0.0,0.002075,0.005266,0.3743
A006581,Tarjeta,Metropolitana,367120,704,0,746762,0.4,0.040615,0.105253,0.6816
A010666,Consumo,Otras,4512824,841,0,0,0.0,0.006604,0.015999,0.6613
A012647,Tarjeta,Metropolitana,311847,778,0,209038,0.4,0.015335,0.039256,0.8214
A014348,Automotriz,Biobío,914401,773,0,0,0.0,0.016389,0.045146,0.2914
A012858,Consumo,Metropolitana,1904639,799,0,0,0.0,0.01159,0.035181,0.7314
A009092,Consumo,Valparaíso,4650110,935,0,0,0.0,0.001863,0.005112,0.5895
A005190,Tarjeta,Biobío,1134975,950,47,1694715,0.4,0.001522,0.003809,0.7404
A012946,Tarjeta,Otras,2480232,795,0,1447732,0.4,0.012226,0.027767,0.7496
A008072,Consumo,Biobío,2681159,811,0,0,0.0,0.009872,0.026764,0.6177
A002160,Automotriz,Metropolitana,759980,858,0,0,0.0,0.005255,0.012332,0.4434
A002419,Consumo,Otras,510190,857,0,0,0.0,0.005326,0.016128,0.5871
A014355,Consumo,Metropolitana,2320083,927,0,0,0.0,0.002075,0.00604,0.6705
A008108,Tarjeta,Otras,1560932,754,0,2947745,0.4,0.021086,0.062917,0.7086
A009558,Consumo,Metropolitana,306419,859,0,0,0.0,0.005185,0.01254,0.5781
A012639,Consumo,Valparaíso,2559522,868,0,0,0.0,0.004594,0.014027,0.6846
A006612,Automotriz,Otras,385066,799,0,0,0.0,0.01159,0.028993,0.466
A005262,Tarjeta,Metropolitana,4532462,857,0,1359760,0.4,0.005326,0.015747,0.6706
A008792,Tarjeta,Metropolitana,3716761,773,0,4064869,0.4,0.016389,0.054715,0.7115
A007010,Consumo,Metropolitana,3774108,950,0,0,0.0,0.001522,0.004589,0.5618
A006824,Consumo,Biobío,563924,818,0,0,0.0,0.008989,0.024403,0.5651
A011673,Consumo,Otras,532668,853,0,0,0.0,0.005621,0.012931,0.5685
A000187,Microempresa,Otras,2029956,830,0,2092146,0.4,0.007654,0.021479,0.5269
A003686,Consumo,Metropolitana,412497,850,70,0,0.0,0.005852,0.012886,0.6277
A008321,Consumo,Otras,206869,723,0,0,0.0,0.031709,0.083765,0.6175
A006343,Tarjeta,Biobío,662618,662,0,385380,0.4,0.069487,0.172278,0.7694
A014406,Tarjeta,Otras,757656,852,0,1161764,0.4,0.005697,0.013121,0.6878
A002568,Consumo,Metropolitana,3164020,743,0,0,0.0,0.024383,0.076156,0.579
A008154,Tarjeta,Metropolitana,3024639,738,90,1468925,0.4,0.026043,0.06196,0.7011
A010131,Tarjeta,Otras,625687,896,0,488148,0.4,0.003151,0.010299,0.7061
A002236,Consumo,Metropolitana,2558399,905,0,0,0.0,0.002792,0.006064,0.6326
A008921,Microempresa,Valparaíso,660570,820,0,526580,0.4,0.008752,0.029544,0.5578
A014037,Consumo,Otras,265656,875,0,0,0.0,0.004181,0.010351,0.63
A010496,Tarjeta,Metropolitana,940930,790,0,1866239,0.4,0.013069,0.031853,0.7041
A008829,Automotriz,Metropolitana,2978931,726,0,0,0.0,0.030488,0.082723,0.3902
A013452,Consumo,Metropolitana,2656574,805,0,0,0.0,0.010697,0.03076,0.6846
A006736,Automotriz,Metropolitana,537925,796,0,0,0.0,0.012064,0.031309,0.4031
A014899,Tarjeta,Otras,121938,950,0,99470,0.4,0.001522,0.004354,0.6412
A001081,Automotriz,Metropolitana,552798,863,0,0,0.0,0.004914,0.010771,0.4138
A002032,Consumo,Metropolitana,10060997,874,70,0,0.0,0.004238,0.013198,0.6148
A008276,Tarjeta,Valparaíso,1139535,778,0,473242,0.4,0.015335,0.043967,0.7241
A003228,Automotriz,Metropolitana,1178685,934,14,0,0.0,0.001888,0.004504,0.3464
A013620,Consumo,Biobío,944782,926,0,0,0.0,0.002103,0.005652,0.5955
A012199,Consumo,Biobío,3405946,905,0,0,0.0,0.002792,0.006971,0.606
A011163,Automotriz,Metropolitana,965360,777,0,0,0.0,0.01554,0.034564,0.3946
A005919,Microempresa,Otras,806818,842,0,1090042,0.4,0.006516,0.014868,0.5921
A003783,Consumo,Valparaíso,758502,822,0,0,0.0,0.00852,0.027154,0.6817
A000559,Consumo,Otras,899987,798,0,0,0.0,0.011746,0.037629,0.6209
A004138,Consumo,Metropolitana,2882531,751,0,0,0.0,0.021939,0.071346,0.5682
A005529,Consumo,Metropolitana,650992,790,0,0,0.0,0.013069,0.029346,0.7069
A014465,Consumo,Metropolitana,1083667,829,0,0,0.0,0.007757,0.017387,0.6125
A013889,Tarjeta,Valparaíso,680970,827,0,1268805,0.4,0.007968,0.018447,0.67
A000016,Microempresa,Metropolitana,1257876,836,90,1935883,0.4,0.007062,0.016514,0.4672
A011513,Consumo,Valparaíso,933713,950,0,0,0.0,0.001522,0.003823,0.6261
A006762,Consumo,Metropolitana,634093,612,0,0,0.0,0.127982,0.34225,0.6927
A010351,Microempresa,Metropolitana,1097287,881,0,1641935,0.4,0.003857,0.013102,0.522
A000772,Microempresa,Metropolitana,749294,782,0,716179,0.4,0.01454,0.047436,0.548
A009262,Consumo,Metropolitana,5717322,791,0,0,0.0,0.012896,0.03519,0.6142
A012928,Microempresa,Valparaíso,390468,935,84,686156,0.4,0.001863,0.004485,0.6193
A013664,Tarjeta,Metropolitana,2466668,751,0,1931028,0.4,0.021939,0.05258,0.7142
A012073,Microempresa,Biobío,1646659,790,0,2675197,0.4,0.013069,0.044126,0.6064
A013079,Automotriz,Valparaíso,661886,853,0,0,0.0,0.005621,0.011835,0.4033
A008918,Microempresa,Metropolitana,552047,914,0,897113,0.4,0.002473,0.008141,0.4638
A010580,Consumo,Metropolitana,957596,848,144,0,0.0,0.006011,0.013636,0.5944
A011058,Consumo,Biobío,699966,790,5,0,0.0,0.013069,0.039682,0.6106
A004922,Consumo,Valparaíso,1716491,847,0,0,0.0,0.006092,0.020083,0.6258
A011780,Automotriz,Metropolitana,1148876,903,0,0,0.0,0.002868,0.007527,0.3918
A005692,Consumo,Metropolitana,593122,805,0,0,0.0,0.010697,0.033897,0.6457
A009444,Consumo,Otras,2431251,750,54,0,0.0,0.022231,0.050145,0.6341
A011473,Automotriz,Otras,2758922,906,0,0,0.0,0.002754,0.00665,0.371
A011379,Microempresa,Valparaíso,1218195,842,0,1080680,0.4,0.006516,0.017093,0.5042
A013036,Microempresa,Metropolitana,2603976,855,0,4796274,0.4,0.005472,0.017582,0.5859
A009264,Tarjeta,Otras,936363,840,0,630688,0.4,0.006693,0.01459,0.7379
A013579,Consumo,Metropolitana,1315927,831,0,0,0.0,0.007552,0.016798,0.5598
A004001,Consumo,Valparaíso,4267342,558,90,0,0.0,0.233404,0.504321,0.7683
A009635,Consumo,Biobío,2126396,830,113,0,0.0,0.007654,0.01936,0.5849
A010304,Tarjeta,Otras,1438850,845,0,2486675,0.4,0.006258,0.019291,0.6828
A013654,Microempresa,Metropolitana,532320,852,0,802481,0.4,0.005697,0.013051,0.5497
A007145,Tarjeta,Otras,1051637,812,0,955269,0.4,0.009741,0.025212,0.655
A006753,Tarjeta,Otras,1517336,846,0,2677361,0.4,0.006175,0.020514,0.811
A013568,Consumo,Otras,1288905,917,0,0,0.0,0.002375,0.00689,0.68
A005901,Automotriz,Otras,2298937,674,157,0,0.0,0.059706,0.1995,0.3829
A001462,Consumo,Otras,2567759,874,118,0,0.0,0.004238,0.012884,0.6554
A009209,Tarjeta,Valparaíso,7521562,502,250,6794863,0.4,0.393546,0.933065,0.7276
A003774,Consumo,Metropolitana,321610,906,0,0,0.0,0.002754,0.005878,0.6039
A009467,Tarjeta,Metropolitana,3558185,737,0,1920961,0.4,0.026388,0.060149,0.7169
A007149,Tarjeta,Metropolitana,1894330,831,0,1566825,0.4,0.007552,0.021259,0.7488
A009739,Consumo,Otras,876571,781,0,0,0.0,0.014735,0.037668,0.6529
A001646,Consumo,Valparaíso,1440480,844,0,0,0.0,0.006343,0.016444,0.6255
A002096,Consumo,Otras,1702809,833,0,0,0.0,0.007352,0.024205,0.556
A007722,Consumo,Metropolitana,1357738,770,0,0,0.0,0.017056,0.039353,0.6341
A013497,Consumo,Otras,1208248,741,0,0,0.0,0.025034,0.061956,0.6174
A009897,Consumo,Metropolitana,1222989,871,0,0,0.0,0.004412,0.014678,0.6011
A007810,Tarjeta,Metropolitana,1425218,835,0,595419,0.4,0.007157,0.023607,0.6828
A004713,Automotriz,Biobío,540540,900,0,0,0.0,0.002986,0.00744,0.4294
A006757,Automotriz,Valparaíso,2474110,789,13,0,0.0,0.013245,0.029471,0.3689
A010795,Microempresa,Biobío,1745261,817,0,1602703,0.4,0.00911,0.022146,0.5467
A011057,Consumo,Otras,288550,863,0,0,0.0,0.004914,0.013866,0.624
A001178,Automotriz,Otras,1575639,923,0,0,0.0,0.00219,0.006088,0.3635
A014241,Microempresa,Metropolitana,2202456,806,0,1354359,0.4,0.010555,0.029806,0.6592
A011101,Tarjeta,Metropolitana,73729,904,0,143262,0.4,0.002829,0.006098,0.6976
A014385,Consumo,Biobío,1178364,856,0,0,0.0,0.005399,0.01535,0.6214
A009133,Consumo,Metropolitana,811854,950,71,0,0.0,0.001522,0.004628,0.6694
A008814,Consumo,Metropolitana,3786443,920,0,0,0.0,0.00228,0.007399,0.5802
A000771,Microempresa,Valparaíso,1124102,887,0,1609910,0.4,0.003557,0.007635,0.5832
A014195,Tarjeta,Valparaíso,103801,863,0,143367,0.4,0.004914,0.014721,0.6932
A009811,Consumo,Otras,1078444,795,68,0,0.0,0.012226,0.029765,0.6342
A003275,Consumo,Valparaíso,1368176,909,0,0,0.0,0.002645,0.007009,0.5539
A012948,Consumo,Biobío,249688,705,0,0,0.0,0.040091,0.130685,0.6561
A007712,Tarjeta,Metropolitana,1104916,642,0,658967,0.4,0.089128,0.298752,0.6667
A008246,Consumo,Biobío,1741527,881,0,0,0.0,0.003857,0.008803,0.6281
A008745,Consumo,Metropolitana,249342,784,0,0,0.0,0.014158,0.044334,0.6241
A005423,Automotriz,Metropolitana,2238308,647,0,0,0.0,0.083793,0.282134,0.3894
A003413,Automotriz,Otras,1215776,850,0,0,0.0,0.005852,0.017339,0.4456
A013226,Tarjeta,Metropolitana,853212,680,0,1635737,0.4,0.055313,0.182495,0.7842
A012383,Consumo,Valparaíso,2134538,685,48,0,0.0,0.051887,0.156797,0.6078
A010470,Tarjeta,Metropolitana,545618,750,0,644316,0.4,0.022231,0.061389,0.7494
A006840,Consumo,Metropolitana,1164924,750,0,0,0.0,0.022231,0.055434,0.5951
A003621,Consumo,Otras,4130132,851,494,0,0.0,0.005774,0.019364,0.5926
A000925,Tarjeta,Otras,3970297,866,0,1369170,0.4,0.004719,0.013656,0.7818
A013325,Automotriz,Metropolitana,1675115,805,72,0,0.0,0.010697,0.033124,0.3715
A000883,Tarjeta,Metropolitana,2413758,710,0,3147552,0.4,0.03757,0.118662,0.6686
A005230,Consumo,Otras,1888130,880,362,0,0.0,0.003909,0.009739,0.5555
A004619,Consumo,Valparaíso,4068790,811,36,0,0.0,0.009872,0.029668,0.6162
A013506,Consumo,Valparaíso,1170309,777,0,0,0.0,0.01554,0.037768,0.6498
A014556,Consumo,Otras,459088,860,0,0,0.0,0.005116,0.014589,0.6864
A000465,Tarjeta,Biobío,6607942,853,0,6770218,0.4,0.005621,0.018424,0.6463
A000327,Consumo,Metropolitana,1520456,833,0,0,0.0,0.007352,0.019017,0.6331
A005052,Microempresa,Biobío,1117760,923,0,1132214,0.4,0.00219,0.005328,0.4462
A001014,Consumo,Metropolitana,3130901,830,0,0,0.0,0.007654,0.025853,0.5786
A012676,Tarjeta,Otras,509095,769,0,865053,0.4,0.017284,0.037748,0.8363
A013239,Tarjeta,Metropolitana,1264934,862,0,1194851,0.4,0.00498,0.011761,0.6899
A010380,Microempresa,Valparaíso,1333324,905,0,1284736,0.4,0.002792,0.008462,0.5686
A005157,Tarjeta,Otras,1805163,796,0,1125000,0.4,0.012064,0.035494,0.6675
A007264,Consumo,Metropolitana,3754009,859,0,0,0.0,0.005185,0.012494,0.5579
A001264,Microempresa,Biobío,2788576,770,0,3409063,0.4,0.017056,0.039023,0.6262
A008717,Consumo,Biobío,330997,774,0,0,0.0,0.016173,0.052529,0.597
A006651,Consumo,Valparaíso,675169,851,0,0,0.0,0.005774,0.018996,0.5577
A011543,Consumo,Biobío,241551,901,0,0,0.0,0.002946,0.008239,0.5712
A014257,Automotriz,Metropolitana,4134344,897,0,0,0.0,0.003109,0.007383,0.3742
A012483,Tarjeta,Metropolitana,620595,770,51,706941,0.4,0.017056,0.046485,0.7332
A010842,Consumo,Metropolitana,3687311,853,0,0,0.0,0.005621,0.018393,0.6753
A002001,Automotriz,Valparaíso,7280935,589,122,0,0.0,0.166851,0.541611,0.3379
A003020,Automotriz,Otras,3290007,921,0,0,0.0,0.00225,0.005466,0.4655
A014549,Microempresa,Biobío,67371,895,0,107638,0.4,0.003194,0.009532,0.4956
A013225,Consumo,Valparaíso,2192354,930,0,0,0.0,0.001993,0.005481,0.6214
A006487,Automotriz,Biobío,2280901,793,0,0,0.0,0.012557,0.034135,0.4321
A004406,Consumo,Biobío,1273104,761,53,0,0.0,0.019219,0.047135,0.6124
A011213,Consumo,Metropolitana,1081180,950,0,0,0.0,0.001522,0.004102,0.682
A006379,Tarjeta,Metropolitana,1839788,789,0,1968831,0.4,0.013245,0.02896,0.7127
A005235,Consumo,Otras,3154603,798,170,0,0.0,0.011746,0.035047,0.6853
A000708,Consumo,Otras,3865038,746,291,0,0.0,0.023437,0.071243,0.5977
A005858,Tarjeta,Metropolitana,1142426,888,0,1440437,0.4,0.00351,0.009592,0.6615
A012760,Consumo,Valparaíso,2104658,854,0,0,0.0,0.005546,0.012704,0.6683
A009356,Tarjeta,Valparaíso,3594218,813,0,4794391,0.4,0.009612,0.026072,0.7536
A011562,Consumo,Biobío,890606,739,0,0,0.0,0.025702,0.082962,0.6242
A000039,Tarjeta,Valparaíso,3910679,819,0,2323321,0.4,0.00887,0.023345,0.7134
A011821,Automotriz,Valparaíso,1815939,908,0,0,0.0,0.002681,0.006339,0.3743
A003251,Microempresa,Metropolitana,2940237,857,71,908911,0.4,0.005326,0.017534,0.5359
A000142,Tarjeta,Metropolitana,1858289,910,0,1626386,0.4,0.00261,0.006407,0.7146
A007212,Consumo,Valparaíso,798639,852,0,0,0.0,0.005697,0.016707,0.6699
A009706,Microempresa,Metropolitana,1953464,774,0,2641089,0.4,0.016173,0.042822,0.4739
A013329,Consumo,Metropolitana,411601,839,0,0,0.0,0.006783,0.020733,0.6106
A006193,Automotriz,Metropolitana,1486421,695,0,0,0.0,0.045628,0.097838,0.3398
A014622,Tarjeta,Metropolitana,1586024,767,0,1706833,0.4,0.017749,0.056582,0.6936
A014967,Tarjeta,Metropolitana,1590305,853,0,1546577,0.4,0.005621,0.012152,0.724
A005045,Microempresa,Valparaíso,551659,840,0,519121,0.4,0.006693,0.022403,0.5273
A005011,Automotriz,Metropolitana,1921148,787,0,0,0.0,0.013603,0.042698,0.3617
A005797,Consumo,Metropolitana,4466961,801,0,0,0.0,0.011285,0.037702,0.6136
A012803,Tarjeta,Valparaíso,514422,857,0,823878,0.4,0.005326,0.012119,0.7291
A002273,Consumo,Otras,1675294,916,58,0,0.0,0.002407,0.005168,0.5977
A003683,Consumo,Otras,1879277,646,0,0,0.0,0.084836,0.186308,0.5518
A011029,Consumo,Otras,1094807,766,0,0,0.0,0.017986,0.061032,0.6114
A013312,Consumo,Otras,1529490,887,0,0,0.0,0.003557,0.011403,0.5839
A002905,Consumo,Biobío,1154300,807,0,0,0.0,0.010415,0.021984,0.5488
A004834,Automotriz,Metropolitana,3088802,807,79,0,0.0,0.010415,0.025888,0.4195
A002866,Microempresa,Biobío,343101,865,0,274188,0.4,0.004783,0.015036,0.582
A014397,Microempresa,Biobío,360469,819,33,192348,0.4,0.00887,0.029328,0.586
A008780,Consumo,Metropolitana,3712373,708,0,0,0.0,0.03856,0.085977,0.6516
A003688,Consumo,Biobío,981728,685,0,0,0.0,0.051887,0.140332,0.6007
A004624,Automotriz,Metropolitana,691026,863,0,0,0.0,0.004914,0.013297,0.3223
A013162,Consumo,Otras,445294,772,83,0,0.0,0.016609,0.043401,0.6168
A002393,Consumo,Metropolitana,2680632,790,0,0,0.0,0.013069,0.031412,0.6548
A005065,Consumo,Valparaíso,2349160,882,0,0,0.0,0.003805,0.010228,0.6593
A004490,Automotriz,Biobío,1430119,836,0,0,0.0,0.007062,0.019686,0.3581
A006494,Consumo,Valparaíso,1759793,907,0,0,0.0,0.002717,0.007743,0.6943
A001525,Automotriz,Otras,314774,866,0,0,0.0,0.004719,0.014273,0.4725
A014319,Consumo,Valparaíso,6033577,764,0,0,0.0,0.01847,0.050429,0.6572
A006490,Tarjeta,Biobío,686883,862,0,231980,0.4,0.00498,0.014311,0.7595
A008898,Tarjeta,Valparaíso,2260258,879,0,2428796,0.4,0.003962,0.010091,0.6925
A013513,Automotriz,Metropolitana,4716727,804,0,0,0.0,0.010841,0.033463,0.3889
A012477,Consumo,Metropolitana,1166345,789,0,0,0.0,0.013245,0.044032,0.7773
A013562,Consumo,Biobío,6015919,745,0,0,0.0,0.023748,0.079409,0.6548
A001302,Automotriz,Otras,2167492,886,211,0,0.0,0.003606,0.011831,0.352
A000201,Consumo,Otras,1803411,939,0,0,0.0,0.001765,0.004162,0.6087
A008270,Tarjeta,Metropolitana,4675282,745,90,3233123,0.4,0.023748,0.07322,0.7576
A005451,Automotriz,Biobío,937678,855,0,0,0.0,0.005472,0.011994,0.3362
A002934,Automotriz,Valparaíso,4049900,846,0,0,0.0,0.006175,0.019603,0.456
A011046,Automotriz,Metropolitana,3142203,662,0,0,0.0,0.069487,0.172959,0.4108
A001633,Consumo,Valparaíso,1432876,820,0,0,0.0,0.008752,0.019243,0.5686
A006944,Tarjeta,Metropolitana,645794,836,0,944927,0.4,0.007062,0.020989,0.7594
A006852,Tarjeta,Biobío,5109927,737,0,5904171,0.4,0.026388,0.079983,0.6786
A010229,Tarjeta,Biobío,1376924,907,0,1333164,0.4,0.002717,0.006398,0.6951
A004925,Consumo,Metropolitana,2585162,848,7,0,0.0,0.006011,0.01297,0.5543
A007750,Automotriz,Otras,2469913,890,0,0,0.0,0.003417,0.011395,0.3622
A003828,Consumo,Metropolitana,323243,883,0,0,0.0,0.003754,0.00906,0.6793
A000397,Consumo,Metropolitana,1635094,794,138,0,0.0,0.01239,0.03615,0.7135
A002171,Tarjeta,Valparaíso,928327,860,0,1138745,0.4,0.005116,0.012927,0.7049
A013418,Tarjeta,Metropolitana,1453960,950,0,831637,0.4,0.001522,0.004659,0.674
A008977,Consumo,Metropolitana,277975,869,0,0,0.0,0.004533,0.011432,0.6386
A011312,Consumo,Biobío,1297609,845,0,0,0.0,0.006258,0.01429,0.6469
A012761,Consumo,Metropolitana,4104122,892,0,0,0.0,0.003326,0.008164,0.6048
A001712,Consumo,Metropolitana,1225265,695,119,0,0.0,0.045628,0.138133,0.6238
A003823,Consumo,Metropolitana,3817480,840,90,0,0.0,0.006693,0.015491,0.6901
A008333,Automotriz,Otras,1529490,855,0,0,0.0,0.005472,0.011831,0.4307
A009057,Tarjeta,Metropolitana,2925604,875,69,3112917,0.4,0.004181,0.013799,0.7178
A003115,Microempresa,Metropolitana,2845079,853,0,1740309,0.4,0.005621,0.015457,0.5078
A001547,Consumo,Metropolitana,2109303,950,0,0,0.0,0.001522,0.004763,0.6669
A007789,Tarjeta,Metropolitana,911799,826,0,1878331,0.4,0.008076,0.017583,0.6896
A008966,Consumo,Metropolitana,2184052,751,90,0,0.0,0.021939,0.058265,0.6111
A004315,Consumo,Metropolitana,707914,788,0,0,0.0,0.013423,0.042588,0.5963
A010743,Tarjeta,Otras,2249088,940,0,3887012,0.4,0.001741,0.004732,0.7061
A009138,Consumo,Otras,1818646,862,0,0,0.0,0.00498,0.016176,0.5587
A010665,Consumo,Biobío,670273,829,0,0,0.0,0.007757,0.01873,0.566
A011922,Microempresa,Otras,1795140,832,0,3039216,0.4,0.007451,0.022934,0.5944
A009294,Automotriz,Metropolitana,851562,781,65,0,0.0,0.014735,0.046019,0.4641
A014707,Consumo,Biobío,1328964,849,0,0,0.0,0.005931,0.019664,0.6538
A011106,Consumo,Otras,1008240,787,0,0,0.0,0.013603,0.042987,0.5493
A000205,Tarjeta,Valparaíso,1425777,751,0,1495810,0.4,0.021939,0.073359,0.7141
A000786,Microempresa,Metropolitana,2349341,882,0,1966755,0.4,0.003805,0.009535,0.6139
A004890,Automotriz,Valparaíso,2002080,849,0,0,0.0,0.005931,0.019731,0.4033
A014145,Consumo,Valparaíso,654825,801,0,0,0.0,0.011285,0.031948,0.6529
A011649,Automotriz,Otras,2131319,722,0,0,0.0,0.032127,0.095871,0.3218
A014540,Microempresa,Metropolitana,460655,950,0,1003436,0.4,0.001522,0.004069,0.4526
A004858,Automotriz,Metropolitana,822405,939,0,0,0.0,0.001765,0.003934,0.3145
A009474,Automotriz,Valparaíso,2435567,752,0,0,0.0,0.021651,0.063813,0.4387
A000190,Tarjeta,Biobío,2726463,691,60,5209303,0.4,0.04804,0.151517,0.6529
A008842,Automotriz,Otras,1007868,948,0,0,0.0,0.001563,0.003518,0.386
A004419,Tarjeta,Metropolitana,2457630,855,0,1998189,0.4,0.005472,0.016024,0.6485
A008198,Automotriz,Metropolitana,1678749,777,0,0,0.0,0.01554,0.038247,0.3721
A009893,Tarjeta,Biobío,544554,872,0,243195,0.4,0.004353,0.009459,0.7526
A003400,Microempresa,Valparaíso,352148,853,0,122922,0.4,0.005621,0.01564,0.6278
A002371,Tarjeta,Metropolitana,2262654,904,326,4599880,0.4,0.002829,0.008196,0.7157
A008001,Consumo,Metropolitana,455930,868,0,0,0.0,0.004594,0.01284,0.6171
A012714,Automotriz,Metropolitana,2118940,947,0,0,0.0,0.001584,0.003464,0.3237
A014555,Consumo,Metropolitana,2271441,845,0,0,0.0,0.006258,0.017064,0.6531
A013432,Consumo,Valparaíso,2430117,470,183,0,0.0,0.5,0.97,0.6129
A009688,Consumo,Metropolitana,4027288,905,0,0,0.0,0.002792,0.006971,0.6017
A002121,Tarjeta,Valparaíso,3775948,813,0,5894831,0.4,0.009612,0.023546,0.7246
A002980,Tarjeta,Metropolitana,1122824,877,0,817475,0.4,0.00407,0.011602,0.681
A005123,Microempresa,Metropolitana,1910632,878,0,1975976,0.4,0.004016,0.009773,0.5609
A005650,Tarjeta,Valparaíso,506055,803,0,568736,0.4,0.010987,0.035535,0.7921
A008085,Tarjeta,Valparaíso,1558969,781,323,1839461,0.4,0.014735,0.042425,0.6664
A005596,Tarjeta,Metropolitana,3638492,919,0,2152282,0.4,0.002311,0.007764,0.6662
A010179,Tarjeta,Otras,4434331,694,339,4444784,0.4,0.04622,0.150068,0.66
A011400,Consumo,Biobío,680103,879,0,0,0.0,0.003962,0.011603,0.6411
A006890,Tarjeta,Valparaíso,1306759,865,0,1656077,0.4,0.004783,0.012819,0.7252
A006544,Consumo,Metropolitana,3932613,913,0,0,0.0,0.002506,0.00604,0.6711
A010919,Consumo,Metropolitana,2310888,775,0,0,0.0,0.015959,0.054164,0.611
A002524,Consumo,Metropolitana,3062701,833,0,0,0.0,0.007352,0.019732,0.4817
A006106,Tarjeta,Metropolitana,1287541,862,0,1778170,0.4,0.00498,0.015661,0.6945
A011634,Consumo,Otras,2070987,884,0,0,0.0,0.003704,0.009124,0.6261
A005194,Automotriz,Metropolitana,549886,843,0,0,0.0,0.006429,0.017137,0.3404
A014424,Consumo,Valparaíso,2428907,792,0,0,0.0,0.012725,0.041023,0.709
A004932,Consumo,Valparaíso,133290,923,41,0,0.0,0.00219,0.005426,0.6212
A014009,Automotriz,Metropolitana,1378314,768,0,0,0.0,0.017515,0.044569,0.4118
A000622,Consumo,Biobío,790096,825,0,0,0.0,0.008184,0.025108,0.5688
A007007,Consumo,Metropolitana,984728,831,0,0,0.0,0.007552,0.023947,0.609
A001789,Automotriz,Metropolitana,964724,913,0,0,0.0,0.002506,0.00544,0.4594
A007305,Tarjeta,Otras,1501065,719,90,1638361,0.4,0.033412,0.072619,0.6988
A013825,Automotriz,Metropolitana,576960,774,11,0,0.0,0.016173,0.036413,0.5133
A009306,Tarjeta,Metropolitana,4952223,781,0,7723953,0.4,0.014735,0.039874,0.7104
A007003,Automotriz,Otras,1089254,812,4,0,0.0,0.009741,0.029542,0.337
A003943,Consumo,Metropolitana,5175436,833,0,0,0.0,0.007352,0.016479,0.6658
A007469,Consumo,Biobío,981500,891,0,0,0.0,0.003371,0.009616,0.6678
A013009,Tarjeta,Otras,2963892,857,90,3229560,0.4,0.005326,0.013316,0.621
A009144,Microempresa,Valparaíso,683411,801,0,228169,0.4,0.011285,0.029246,0.5304
A014652,Automotriz,Otras,1119054,876,32,0,0.0,0.004125,0.010233,0.3887
A012564,Consumo,Biobío,1282635,844,0,0,0.0,0.006343,0.016149,0.5976
A005787,Consumo,Metropolitana,2752155,759,90,0,0.0,0.019735,0.046821,0.6429
A007526,Automotriz,Valparaíso,3526763,876,0,0,0.0,0.004125,0.012768,0.418
A004975,Tarjeta,Metropolitana,1636706,812,0,2625334,0.4,0.009741,0.024074,0.6575
A005054,Tarjeta,Biobío,501137,875,0,190028,0.4,0.004181,0.009652,0.6594
A009606,Consumo,Otras,819833,839,0,0,0.0,0.006783,0.02158,0.6768
A010238,Consumo,Valparaíso,290149,834,0,0,0.0,0.007254,0.021622,0.5427
A009098,Tarjeta,Otras,1398276,826,0,3070927,0.4,0.008076,0.018095,0.6905
A000610,Tarjeta,Otras,4897826,914,185,1758339,0.4,0.002473,0.007435,0.5977
A009247,Consumo,Metropolitana,1028205,833,0,0,0.0,0.007352,0.02166,0.6492
A001265,Automotriz,Metropolitana,1358642,947,0,0,0.0,0.001584,0.003894,0.4368
A001009,Consumo,Otras,1991711,788,0,0,0.0,0.013423,0.045435,0.5868
A001000,Microempresa,Biobío,5020497,911,0,6631459,0.4,0.002575,0.006867,0.527
A001736,Consumo,Valparaíso,879539,868,0,0,0.0,0.004594,0.014007,0.5546
A005710,Consumo,Biobío,2971139,607,0,0,0.0,0.135714,0.325158,0.6707
A004502,Tarjeta,Otras,331539,831,0,453974,0.4,0.007552,0.018307,0.6642
A006422,Tarjeta,Metropolitana,3420209,813,0,1684518,0.4,0.009612,0.025999,0.609
A001971,Automotriz,Valparaíso,1658836,668,0,0,0.0,0.064424,0.194425,0.448
A013640,Consumo,Otras,2723870,833,0,0,0.0,0.007352,0.019708,0.6068
A007452,Microempresa,Otras,610593,813,0,593788,0.4,0.009612,0.031516,0.6169
A008380,Consumo,Metropolitana,677576,848,0,0,0.0,0.006011,0.019643,0.6389
A002313,Microempresa,Valparaíso,2531744,950,0,3099634,0.4,0.001522,0.003844,0.5613
A006108,Automotriz,Valparaíso,2168939,689,0,0,0.0,0.049291,0.157871,0.3625
A003597,Tarjeta,Metropolitana,2415228,932,0,4438523,0.4,0.00194,0.005136,0.6323
A011048,Consumo,Otras,2080885,878,0,0,0.0,0.004016,0.013486,0.5985
A003422,Consumo,Biobío,9641373,876,45,0,0.0,0.004125,0.012427,0.6305
A011788,Consumo,Otras,2392193,545,218,0,0.0,0.266293,0.669212,0.6203
A002631,Consumo,Metropolitana,1245893,950,0,0,0.0,0.001522,0.004236,0.6131
A007402,Tarjeta,Biobío,2116576,747,0,3774980,0.4,0.02313,0.070482,0.6417
A010759,Consumo,Metropolitana,1271120,882,67,0,0.0,0.003805,0.01092,0.7512
A000567,Microempresa,Biobío,1116752,887,0,1065334,0.4,0.003557,0.011304,0.5726
A002365,Tarjeta,Metropolitana,1176999,832,27,895819,0.4,0.007451,0.023519,0.7134
A006129,Tarjeta,Metropolitana,2670492,731,0,1187599,0.4,0.028553,0.08544,0.6784
A001773,Tarjeta,Metropolitana,239303,784,0,430212,0.4,0.014158,0.045847,0.7597
A011943,Tarjeta,Otras,999844,837,0,2096426,0.4,0.006968,0.01962,0.7421
A010775,Automotriz,Otras,1762090,924,55,0,0.0,0.002161,0.007174,0.3698
A010295,Consumo,Valparaíso,1755464,930,0,0,0.0,0.001993,0.006754,0.6758
A006435,Automotriz,Metropolitana,1168216,799,0,0,0.0,0.01159,0.033784,0.3865
A008121,Tarjeta,Biobío,3167151,729,0,3472598,0.4,0.029312,0.072046,0.7737
A007936,Automotriz,Metropolitana,1720274,825,0,0,0.0,0.008184,0.020501,0.3952
A007276,Consumo,Otras,1769459,858,0,0,0.0,0.005255,0.0167,0.637
A012176,Automotriz,Valparaíso,5267454,623,0,0,0.0,0.112289,0.24817,0.3871
A012604,Tarjeta,Metropolitana,1431032,848,0,2693294,0.4,0.006011,0.012997,0.7433
A006585,Consumo,Metropolitana,1522736,802,60,0,0.0,0.011135,0.02945,0.5958
A011279,Tarjeta,Metropolitana,2480597,752,0,2884041,0.4,0.021651,0.061987,0.664
A005881,Automotriz,Metropolitana,610359,820,0,0,0.0,0.008752,0.026618,0.2969
A003722,Tarjeta,Metropolitana,406677,713,0,358507,0.4,0.036132,0.100031,0.6263
A002050,Microempresa,Biobío,3139392,817,0,2104519,0.4,0.00911,0.023949,0.4976
A002769,Consumo,Metropolitana,316117,886,0,0,0.0,0.003606,0.007803,0.6438
A004420,Microempresa,Biobío,1830505,835,90,1192471,0.4,0.007157,0.016312,0.5368
A000086,Automotriz,Valparaíso,650436,811,0,0,0.0,0.009872,0.028894,0.4158
A014670,Tarjeta,Metropolitana,1916934,895,0,1803710,0.4,0.003194,0.010278,0.6275
A011687,Automotriz,Biobío,4427560,779,0,0,0.0,0.015132,0.034193,0.2912
A002842,Consumo,Metropolitana,1036575,820,0,0,0.0,0.008752,0.027161,0.5833
A005120,Microempresa,Metropolitana,1331933,751,0,2287995,0.4,0.021939,0.069283,0.5482
A004155,Consumo,Metropolitana,234887,848,31,0,0.0,0.006011,0.014305,0.5921
A008590,Tarjeta,Metropolitana,1789545,837,0,1368390,0.4,0.006968,0.020467,0.802
A011502,Microempresa,Biobío,3709860,824,0,7542011,0.4,0.008295,0.018671,0.6209
A012106,Consumo,Biobío,1828117,919,0,0,0.0,0.002311,0.006081,0.5592
A014159,Microempresa,Otras,5254115,823,0,9137554,0.4,0.008407,0.027323,0.5497
A005078,Automotriz,Metropolitana,1117827,862,0,0,0.0,0.00498,0.014478,0.2991
A002187,Consumo,Metropolitana,3454988,731,90,0,0.0,0.028553,0.080268,0.5728
A000456,Microempresa,Metropolitana,320212,820,0,287446,0.4,0.008752,0.020656,0.5027
A009569,Automotriz,Otras,665021,696,0,0,0.0,0.045043,0.110875,0.2993
A010998,Tarjeta,Biobío,1635679,838,0,2829075,0.4,0.006875,0.019563,0.6991
A008325,Tarjeta,Biobío,691606,789,0,215403,0.4,0.013245,0.031486,0.6782
A007890,Consumo,Valparaíso,533852,823,0,0,0.0,0.008407,0.026288,0.5974
A007851,Tarjeta,Metropolitana,1333212,831,9,772779,0.4,0.007552,0.022426,0.6847
A000861,Automotriz,Biobío,549236,760,0,0,0.0,0.019476,0.048953,0.3748
A009618,Automotriz,Otras,284093,855,0,0,0.0,0.005472,0.014139,0.349
A004549,Tarjeta,Otras,1302883,852,0,831197,0.4,0.005697,0.016033,0.6895
A004175,Microempresa,Metropolitana,583063,851,0,283794,0.4,0.005774,0.019365,0.5103
A012882,Automotriz,Otras,5377888,616,0,0,0.0,0.12207,0.368154,0.2719
A012297,Tarjeta,Metropolitana,1337534,950,0,466340,0.4,0.001522,0.004156,0.7264
A005825,Automotriz,Metropolitana,534775,927,84,0,0.0,0.002075,0.005022,0.4236
A011916,Automotriz,Biobío,3082481,867,34,0,0.0,0.004656,0.014569,0.3361
A005312,Microempresa,Valparaíso,1654598,814,0,2800614,0.4,0.009484,0.023255,0.5802
A004064,Consumo,Metropolitana,2379149,877,0,0,0.0,0.00407,0.012461,0.5812
A001740,Automotriz,Metropolitana,1826892,734,0,0,0.0,0.02745,0.076241,0.3873
A013378,Consumo,Metropolitana,2418349,808,0,0,0.0,0.010276,0.025194,0.6362
A000336,Consumo,Metropolitana,999346,871,0,0,0.0,0.004412,0.011356,0.5893
A002528,Microempresa,Otras,645187,950,64,993167,0.4,0.001522,0.004319,0.5152
A011762,Microempresa,Metropolitana,506612,870,0,891858,0.4,0.004472,0.01254,0.6169
A013040,Tarjeta,Otras,3648522,950,0,6999589,0.4,0.001522,0.004346,0.7815
A003144,Microempresa,Otras,5673992,758,0,8143598,0.4,0.019999,0.061502,0.6428
A014425,Tarjeta,Metropolitana,1252918,879,0,865033,0.4,0.003962,0.009311,0.7315
A006587,Tarjeta,Metropolitana,1892759,797,0,1804208,0.4,0.011904,0.037648,0.7628
A006748,Automotriz,Biobío,3364331,862,50,0,0.0,0.00498,0.015949,0.3022
A008340,Consumo,Metropolitana,1677028,891,0,0,0.0,0.003371,0.009155,0.6712
A003692,Automotriz,Valparaíso,1776651,733,0,0,0.0,0.027813,0.084762,0.4295
A013416,Consumo,Metropolitana,2958015,950,0,0,0.0,0.001522,0.003829,0.5414
A001559,Automotriz,Metropolitana,1016296,809,78,0,0.0,0.01014,0.029774,0.3493
A004683,Automotriz,Otras,690389,853,0,0,0.0,0.005621,0.013795,0.3799
A010567,Tarjeta,Biobío,1168830,741,0,2151876,0.4,0.025034,0.065668,0.7267
A014105,Automotriz,Otras,938989,758,0,0,0.0,0.019999,0.049971,0.3435
A010811,Tarjeta,Metropolitana,1642231,849,0,1339317,0.4,0.005931,0.017073,0.7608
A010436,Consumo,Otras,2873543,548,293,0,0.0,0.258447,0.811872,0.6139
A010835,Microempresa,Metropolitana,729602,817,0,228548,0.4,0.00911,0.023327,0.5344
A009976,Consumo,Valparaíso,2878460,893,0,0,0.0,0.003281,0.00925,0.6399
A008051,Consumo,Metropolitana,2301213,763,0,0,0.0,0.018716,0.053638,0.5415
A007294,Microempresa,Metropolitana,1687876,948,0,1613141,0.4,0.001563,0.003529,0.5581
A011122,Consumo,Metropolitana,1965598,763,0,0,0.0,0.018716,0.042565,0.6855
A010542,Consumo,Otras,5615345,914,0,0,0.0,0.002473,0.006839,0.646
A003734,Tarjeta,Otras,3065775,844,183,6171462,0.4,0.006343,0.021453,0.7018
A008273,Tarjeta,Otras,313032,809,0,546845,0.4,0.01014,0.02611,0.6309
A008428,Automotriz,Metropolitana,291958,950,0,0,0.0,0.001522,0.003532,0.3689
A001947,Tarjeta,Valparaíso,2057394,743,0,4375545,0.4,0.024383,0.074871,0.701
A010356,Consumo,Metropolitana,1397338,948,0,0,0.0,0.001563,0.003366,0.7331
A008653,Microempresa,Biobío,1127843,839,0,712771,0.4,0.006783,0.022255,0.4864
A004250,Automotriz,Metropolitana,498123,858,71,0,0.0,0.005255,0.011593,0.3691
A014049,Tarjeta,Valparaíso,3018529,575,90,3457934,0.4,0.194831,0.594919,0.7089
A001636,Consumo,Metropolitana,717322,950,0,0,0.0,0.001522,0.004617,0.5567
A010109,Consumo,Otras,5037249,783,0,0,0.0,0.014347,0.043362,0.612
A004926,Tarjeta,Valparaíso,796939,837,0,959492,0.4,0.006968,0.016518,0.5858
A005414,Consumo,Valparaíso,1247164,875,0,0,0.0,0.004181,0.009807,0.5643
A011690,Consumo,Valparaíso,3097979,829,90,0,0.0,0.007757,0.019602,0.6142
A001695,Tarjeta,Otras,302113,907,0,553719,0.4,0.002717,0.006479,0.6833
A005973,Tarjeta,Otras,2984864,728,0,6162047,0.4,0.029699,0.076259,0.6702
A012225,Consumo,Metropolitana,3089298,895,51,0,0.0,0.003194,0.008192,0.6264
A011577,Consumo,Biobío,1907023,787,0,0,0.0,0.013603,0.045237,0.6486
A001497,Tarjeta,Otras,2474088,893,0,4277184,0.4,0.003281,0.008093,0.6362
A014814,Consumo,Metropolitana,1418343,777,0,0,0.0,0.01554,0.036159,0.5624
A009362,Consumo,Biobío,675983,922,0,0,0.0,0.00222,0.006781,0.547
A005611,Consumo,Metropolitana,670651,853,0,0,0.0,0.005621,0.017693,0.6311
A005824,Automotriz,Metropolitana,3030838,852,90,0,0.0,0.005697,0.012902,0.3133
A014256,Consumo,Metropolitana,388470,826,0,0,0.0,0.008076,0.022152,0.6024
A014935,Tarjeta,Metropolitana,1811661,852,0,1938679,0.4,0.005697,0.018361,0.8064
A009763,Tarjeta,Metropolitana,4699874,857,0,5995210,0.4,0.005326,0.017672,0.7192
A014356,Tarjeta,Valparaíso,1703621,807,0,2206390,0.4,0.010415,0.022665,0.6748
A008867,Consumo,Otras,294735,842,0,0,0.0,0.006516,0.016737,0.6147
A004994,Consumo,Otras,1649930,796,84,0,0.0,0.012064,0.028179,0.652
A009877,Tarjeta,Otras,709581,802,0,1223820,0.4,0.011135,0.036009,0.7947
A000425,Consumo,Metropolitana,725325,824,0,0,0.0,0.008295,0.02188,0.6315
A011021,Automotriz,Valparaíso,1792370,684,68,0,0.0,0.052556,0.175529,0.3526
A009330,Consumo,Otras,441522,863,0,0,0.0,0.004914,0.016524,0.605
A003905,Consumo,Metropolitana,324991,873,0,0,0.0,0.004295,0.011084,0.6353
A003947,Consumo,Metropolitana,1340502,714,0,0,0.0,0.035664,0.097427,0.6748
A003347,Tarjeta,Metropolitana,5332528,817,304,10513460,0.4,0.00911,0.022006,0.675
A014952,Consumo,Biobío,903901,824,0,0,0.0,0.008295,0.023538,0.5905
A009570,Consumo,Valparaíso,1644127,944,0,0,0.0,0.00165,0.004454,0.6472
A012307,Consumo,Valparaíso,9999225,879,0,0,0.0,0.003962,0.010868,0.6368
A001219,Tarjeta,Valparaíso,502808,808,0,332280,0.4,0.010276,0.024762,0.7197
A007085,Automotriz,Otras,927612,799,0,0,0.0,0.01159,0.02657,0.355
A011297,Automotriz,Metropolitana,1039849,950,0,0,0.0,0.001522,0.003576,0.343
A014139,Tarjeta,Otras,2234630,902,0,2713803,0.4,0.002907,0.00922,0.687
A010902,Consumo,Metropolitana,2386104,486,112,0,0.0,0.446156,0.97,0.648
A004996,Consumo,Biobío,1614498,950,0,0,0.0,0.001522,0.004747,0.6402
A009924,Automotriz,Metropolitana,2281083,805,0,0,0.0,0.010697,0.030856,0.4196
A014166,Automotriz,Metropolitana,758908,820,0,0,0.0,0.008752,0.027096,0.3176
A006324,Consumo,Valparaíso,738110,787,0,0,0.0,0.013603,0.039223,0.6339
A009791,Consumo,Otras,902417,753,0,0,0.0,0.021367,0.055048,0.6344
A007261,Consumo,Metropolitana,1514043,650,0,0,0.0,0.080733,0.182751,0.5446
A003553,Automotriz,Biobío,686218,867,0,0,0.0,0.004656,0.010784,0.3414
A009787,Tarjeta,Metropolitana,4657369,845,0,7533653,0.4,0.006258,0.014709,0.724
A004500,Automotriz,Metropolitana,2350106,836,0,0,0.0,0.007062,0.020223,0.3831
A001400,Consumo,Metropolitana,3675956,831,6,0,0.0,0.007552,0.017326,0.6342
A012772,Consumo,Valparaíso,1059395,890,0,0,0.0,0.003417,0.007352,0.6458
A007146,Tarjeta,Metropolitana,889602,921,0,1865159,0.4,0.00225,0.006823,0.7252
A012654,Tarjeta,Metropolitana,4093503,790,0,5752795,0.4,0.013069,0.035566,0.7065
A004219,Consumo,Otras,401860,622,0,0,0.0,0.113643,0.290204,0.7025
A005280,Consumo,Otras,3646023,946,0,0,0.0,0.001606,0.003753,0.6495
A012956,Tarjeta,Metropolitana,68234,888,0,94944,0.4,0.00351,0.008913,0.8174
A002346,Automotriz,Otras,3040712,769,0,0,0.0,0.017284,0.054669,0.4667
A009134,Consumo,Metropolitana,1250705,807,44,0,0.0,0.010415,0.024028,0.5712
A014728,Tarjeta,Otras,104191,911,0,219410,0.4,0.002575,0.00767,0.7111
A008181,Tarjeta,Valparaíso,1555384,679,0,806637,0.4,0.056024,0.184731,0.6417
A013350,Tarjeta,Valparaíso,1211983,901,0,1773826,0.4,0.002946,0.007176,0.6502
A008868,Automotriz,Metropolitana,2987805,864,0,0,0.0,0.004848,0.013103,0.4506
A011147,Automotriz,Metropolitana,818140,845,0,0,0.0,0.006258,0.018,0.3785
A001434,Microempresa,Metropolitana,1728417,950,0,3409177,0.4,0.001522,0.004761,0.5747
A004742,Automotriz,Metropolitana,916823,747,0,0,0.0,0.02313,0.057204,0.3889
A005628,Automotriz,Biobío,618233,763,31,0,0.0,0.018716,0.061414,0.3085
A011143,Microempresa,Metropolitana,1942737,773,88,4135062,0.4,0.016389,0.040685,0.5186
A001082,Consumo,Otras,1400911,830,0,0,0.0,0.007654,0.022273,0.626
A009155,Automotriz,Metropolitana,2443268,764,0,0,0.0,0.01847,0.041672,0.3993
A009389,Consumo,Metropolitana,447561,806,0,0,0.0,0.010555,0.028487,0.5673
A006502,Consumo,Otras,431669,791,72,0,0.0,0.012896,0.035983,0.6494
A002868,Microempresa,Metropolitana,725090,851,0,1347458,0.4,0.005774,0.015696,0.5465
A009589,Consumo,Metropolitana,1501008,852,64,0,0.0,0.005697,0.01616,0.6333
A005704,Consumo,Otras,1136161,944,11,0,0.0,0.00165,0.004398,0.6241
A010500,Consumo,Biobío,5755604,882,0,0,0.0,0.003805,0.010741,0.6983
A013633,Consumo,Metropolitana,1476005,925,19,0,0.0,0.002132,0.00583,0.588
A013674,Consumo,Metropolitana,1362708,726,0,0,0.0,0.030488,0.08828,0.5764
A014637,Automotriz,Valparaíso,645531,904,0,0,0.0,0.002829,0.008107,0.3863
A003296,Consumo,Biobío,2734348,808,0,0,0.0,0.010276,0.023602,0.6272
A003699,Consumo,Metropolitana,218978,825,0,0,0.0,0.008184,0.019501,0.6451
A008550,Microempresa,Metropolitana,801393,780,0,1251961,0.4,0.014932,0.036132,0.5824
A008709,Consumo,Metropolitana,751010,852,0,0,0.0,0.005697,0.015185,0.6285
A012707,Consumo,Metropolitana,1282767,928,0,0,0.0,0.002047,0.004924,0.5307
A012873,Consumo,Metropolitana,1030491,879,0,0,0.0,0.003962,0.00881,0.677
A012930,Consumo,Valparaíso,1444867,661,0,0,0.0,0.070366,0.188444,0.5897
A007250,Automotriz,Valparaíso,3619517,849,0,0,0.0,0.005931,0.013395,0.2724
A008070,Tarjeta,Metropolitana,89396,749,0,178335,0.4,0.022527,0.050722,0.6924
A008570,Automotriz,Metropolitana,2202591,800,0,0,0.0,0.011436,0.037573,0.4047
A003484,Consumo,Metropolitana,2648505,695,0,0,0.0,0.045628,0.099273,0.5477
A006735,Automotriz,Biobío,649159,912,0,0,0.0,0.00254,0.005636,0.3546
A008701,Automotriz,Valparaíso,2067871,724,90,0,0.0,0.031297,0.092365,0.4267
A012792,Consumo,Biobío,820001,809,0,0,0.0,0.01014,0.034335,0.6549
A007443,Consumo,Valparaíso,2632443,739,0,0,0.0,0.025702,0.055604,0.5725
A003417,Automotriz,Otras,435792,769,0,0,0.0,0.017284,0.041804,0.4253
A013442,Microempresa,Valparaíso,793121,933,0,617006,0.4,0.001914,0.005884,0.5478
A004893,Automotriz,Otras,2382519,747,0,0,0.0,0.02313,0.058205,0.3782
A004809,Consumo,Otras,2202058,850,0,0,0.0,0.005852,0.019188,0.6014
A007815,Tarjeta,Metropolitana,4652230,930,0,9810976,0.4,0.001993,0.00487,0.691
A011535,Microempresa,Valparaíso,2920836,881,0,3132019,0.4,0.003857,0.010267,0.4937
A001829,Consumo,Otras,3350465,903,0,0,0.0,0.002868,0.006448,0.6785
A002889,Tarjeta,Metropolitana,1904132,824,90,3623009,0.4,0.008295,0.0235,0.6688
A002921,Consumo,Otras,573222,880,37,0,0.0,0.003909,0.012299,0.6041
A002374,Consumo,Metropolitana,2370610,883,0,0,0.0,0.003754,0.01072,0.6357
A005761,Microempresa,Biobío,181697,865,0,165710,0.4,0.004783,0.011133,0.5971
A009039,Consumo,Otras,666231,720,0,0,0.0,0.032978,0.096605,0.6798
A005231,Automotriz,Metropolitana,626880,880,0,0,0.0,0.003909,0.011926,0.4221
A010845,Tarjeta,Metropolitana,2880220,669,114,4602993,0.4,0.063614,0.215757,0.7516
A005582,Microempresa,Valparaíso,6039335,950,0,10414293,0.4,0.001522,0.004119,0.5303
A009285,Tarjeta,Metropolitana,2603064,792,75,4879010,0.4,0.012725,0.032296,0.8281
A006239,Tarjeta,Metropolitana,882493,950,0,1337139,0.4,0.001522,0.003648,0.7025
A013429,Consumo,Otras,1060719,859,0,0,0.0,0.005185,0.012829,0.5674
A011016,Automotriz,Metropolitana,4088618,722,0,0,0.0,0.032127,0.105604,0.375
A007201,Consumo,Metropolitana,1596990,904,0,0,0.0,0.002829,0.008072,0.6005
A014644,Tarjeta,Otras,308849,894,0,449352,0.4,0.003237,0.008494,0.7079
A005162,Automotriz,Otras,789906,899,0,0,0.0,0.003027,0.009716,0.4077
A012001,Microempresa,Biobío,3513360,847,0,4998435,0.4,0.006092,0.014852,0.6034
A012002,Microempresa,Metropolitana,4278827,821,0,9067907,0.4,0.008635,0.025589,0.5109
A000848,Tarjeta,Metropolitana,2313011,843,0,1699890,0.4,0.006429,0.014735,0.7635
A008422,Consumo,Otras,2987867,629,0,0,0.0,0.104458,0.348156,0.5435
A001967,Microempresa,Biobío,1589934,815,0,2425512,0.4,0.009358,0.027446,0.5757
A011697,Consumo,Metropolitana,5849823,808,0,0,0.0,0.010276,0.02349,0.6141
A000298,Tarjeta,Biobío,1801958,834,40,910117,0.4,0.007254,0.023484,0.8021
A007078,Consumo,Otras,915578,927,0,0,0.0,0.002075,0.004445,0.6256
A014736,Tarjeta,Valparaíso,311351,820,0,674824,0.4,0.008752,0.022065,0.7218
A003851,Tarjeta,Metropolitana,2593187,860,268,4530758,0.4,0.005116,0.016321,0.6865
A002560,Consumo,Biobío,4356180,909,0,0,0.0,0.002645,0.008308,0.5889
A014390,Tarjeta,Metropolitana,268306,875,0,293852,0.4,0.004181,0.013105,0.7141
A006832,Automotriz,Biobío,255445,858,0,0,0.0,0.005255,0.015248,0.4206
A011877,Tarjeta,Metropolitana,214169,920,46,191430,0.4,0.00228,0.007331,0.7366
A009410,Tarjeta,Otras,1583826,777,0,2616320,0.4,0.01554,0.039104,0.7232
A010309,Consumo,Valparaíso,791242,828,0,0,0.0,0.007862,0.019596,0.6227
A008668,Consumo,Metropolitana,591600,835,0,0,0.0,0.007157,0.01958,0.6921
A013738,Tarjeta,Metropolitana,2054713,712,0,978211,0.4,0.036605,0.090096,0.6982
A008067,Consumo,Biobío,638804,748,0,0,0.0,0.022826,0.074277,0.659
A010949,Consumo,Biobío,1194374,881,0,0,0.0,0.003857,0.012034,0.6457
A009260,Tarjeta,Biobío,1817829,753,0,3239294,0.4,0.021367,0.06687,0.7782
A006697,Consumo,Metropolitana,953270,919,0,0,0.0,0.002311,0.005343,0.6175
A014454,Tarjeta,Otras,1932796,888,24,2519643,0.4,0.00351,0.008345,0.6444
A008507,Tarjeta,Metropolitana,833376,827,0,1771083,0.4,0.007968,0.017472,0.712
A007102,Consumo,Otras,3016326,719,0,0,0.0,0.033412,0.082535,0.6649
A014564,Consumo,Metropolitana,2743418,831,0,0,0.0,0.007552,0.017566,0.5426
A011223,Consumo,Otras,2000785,845,0,0,0.0,0.006258,0.015288,0.5964
A010417,Consumo,Metropolitana,851840,915,0,0,0.0,0.00244,0.005278,0.5608
A005547,Consumo,Metropolitana,2081614,950,0,0,0.0,0.001522,0.004964,0.604
A006746,Consumo,Biobío,1692005,860,0,0,0.0,0.005116,0.014801,0.5112
A004963,Tarjeta,Metropolitana,510987,909,0,811804,0.4,0.002645,0.007179,0.6759
A004330,Consumo,Metropolitana,3310826,868,0,0,0.0,0.004594,0.012363,0.6528
A002658,Automotriz,Metropolitana,489363,798,0,0,0.0,0.011746,0.025364,0.3542
A010038,Consumo,Metropolitana,632989,876,0,0,0.0,0.004125,0.009585,0.6312
A012607,Tarjeta,Metropolitana,719459,796,0,491463,0.4,0.012064,0.03785,0.7188
A013845,Microempresa,Otras,7352674,721,231,2378857,0.4,0.03255,0.096376,0.5158
A001693,Consumo,Metropolitana,2089351,755,0,0,0.0,0.020809,0.057321,0.6458
A001022,Automotriz,Metropolitana,1036052,717,0,0,0.0,0.034296,0.090643,0.3866
A002373,Tarjeta,Otras,2558507,855,0,4977362,0.4,0.005472,0.01494,0.6824
A006069,Consumo,Biobío,495011,797,0,0,0.0,0.011904,0.029646,0.5724
A011062,Tarjeta,Metropolitana,2253750,930,0,4727824,0.4,0.001993,0.006626,0.8316
A010784,Consumo,Metropolitana,727157,703,0,0,0.0,0.041145,0.097334,0.5671
A004937,Consumo,Metropolitana,1848391,842,0,0,0.0,0.006516,0.016126,0.7002
A011319,Tarjeta,Otras,2597957,885,74,2278829,0.4,0.003655,0.011333,0.6141
A001956,Microempresa,Metropolitana,1507296,842,17,1405944,0.4,0.006516,0.016738,0.5432
A003950,Consumo,Metropolitana,2063756,870,53,0,0.0,0.004472,0.014087,0.6693
A012835,Automotriz,Valparaíso,6102883,809,0,0,0.0,0.01014,0.029017,0.4458
A002673,Consumo,Metropolitana,7367599,653,0,0,0.0,0.077775,0.19925,0.6225
A011340,Automotriz,Metropolitana,495901,726,0,0,0.0,0.030488,0.078373,0.4276
A002882,Consumo,Valparaíso,2604097,641,0,0,0.0,0.090232,0.231349,0.6232
A011532,Consumo,Biobío,3289550,854,90,0,0.0,0.005546,0.014993,0.6797
A008063,Consumo,Otras,557904,765,0,0,0.0,0.018226,0.04524,0.5428
A014678,Consumo,Otras,741412,790,0,0,0.0,0.013069,0.042542,0.6138
A009687,Automotriz,Otras,2414206,664,117,0,0.0,0.06776,0.199346,0.3664
A012935,Consumo,Metropolitana,5373217,601,0,0,0.0,0.145509,0.404809,0.6261
A009973,Consumo,Otras,6611106,803,144,0,0.0,0.010987,0.025856,0.6802
A007586,Microempresa,Otras,3115140,887,0,2975005,0.4,0.003557,0.010215,0.5235
A014275,Consumo,Metropolitana,616685,920,0,0,0.0,0.00228,0.006684,0.6193
A001663,Automotriz,Metropolitana,2873230,658,411,0,0.0,0.073065,0.231936,0.3379
A004804,Microempresa,Valparaíso,1059643,813,31,2229912,0.4,0.009612,0.027303,0.5662
A014936,Automotriz,Otras,2029872,878,0,0,0.0,0.004016,0.013365,0.3152
A006759,Automotriz,Metropolitana,1114036,774,0,0,0.0,0.016173,0.035259,0.3394
A005907,Consumo,Metropolitana,2646579,831,170,0,0.0,0.007552,0.022921,0.6991
A009700,Automotriz,Metropolitana,1360742,860,0,0,0.0,0.005116,0.017328,0.3391
A001847,Tarjeta,Metropolitana,1250535,941,0,1950670,0.4,0.001718,0.004014,0.6372
A003695,Consumo,Metropolitana,2138518,649,0,0,0.0,0.081741,0.253484,0.6586
A003709,Automotriz,Metropolitana,844618,937,0,0,0.0,0.001813,0.005757,0.3667
A005976,Microempresa,Metropolitana,4932010,744,0,10363695,0.4,0.024063,0.056333,0.6043
A009981,Consumo,Otras,2595952,941,0,0,0.0,0.001718,0.005788,0.6555
A005321,Consumo,Biobío,2526834,712,121,0,0.0,0.036605,0.084158,0.6543
A004295,Consumo,Metropolitana,232610,950,0,0,0.0,0.001522,0.003323,0.6601
A001136,Tarjeta,Valparaíso,508341,876,0,875922,0.4,0.004125,0.00993,0.7345
A006298,Automotriz,Metropolitana,2204685,835,0,0,0.0,0.007157,0.021195,0.3347
A007090,Consumo,Metropolitana,5129739,871,0,0,0.0,0.004412,0.00965,0.6271
A009507,Consumo,Otras,2928564,913,0,0,0.0,0.002506,0.006409,0.6311
A010359,Consumo,Valparaíso,1277670,807,0,0,0.0,0.010415,0.023348,0.5959
A011837,Tarjeta,Metropolitana,1420401,950,0,2625971,0.4,0.001522,0.004224,0.8367
A005483,Microempresa,Metropolitana,516355,764,0,435121,0.4,0.01847,0.059658,0.5286
A010381,Consumo,Metropolitana,2402471,762,144,0,0.0,0.018966,0.055539,0.5431
A011712,Automotriz,Metropolitana,2209445,755,0,0,0.0,0.020809,0.056742,0.361
A008786,Consumo,Metropolitana,2331782,676,120,0,0.0,0.058207,0.193514,0.6366
A008785,Microempresa,Valparaíso,891949,925,233,668017,0.4,0.002132,0.005829,0.5812
A002322,Consumo,Biobío,2019591,825,0,0,0.0,0.008184,0.022619,0.6367
A005232,Tarjeta,Metropolitana,535082,928,0,373927,0.4,0.002047,0.005569,0.7596
A009989,Tarjeta,Metropolitana,6860759,832,0,13247751,0.4,0.007451,0.016225,0.7106
A008175,Consumo,Metropolitana,1950457,816,0,0,0.0,0.009233,0.021847,0.5645
A002214,Tarjeta,Otras,6915855,720,242,9264010,0.4,0.032978,0.103643,0.7692
A009172,Microempresa,Valparaíso,2487380,745,69,2740383,0.4,0.023748,0.073686,0.5627
A002004,Tarjeta,Otras,1225404,854,40,1537195,0.4,0.005546,0.012141,0.7388
A012678,Consumo,Metropolitana,1618033,822,0,0,0.0,0.00852,0.024231,0.6522
A009064,Tarjeta,Metropolitana,1132423,831,76,2182121,0.4,0.007552,0.018309,0.6738
A005197,Automotriz,Metropolitana,2166143,904,0,0,0.0,0.002829,0.008204,0.3761
A011031,Consumo,Metropolitana,203039,900,0,0,0.0,0.002986,0.006786,0.6371
A011191,Automotriz,Metropolitana,2320461,833,0,0,0.0,0.007352,0.020741,0.4091
A006849,Tarjeta,Otras,606760,848,0,1246500,0.4,0.006011,0.020003,0.6878
A010297,Consumo,Otras,784030,844,0,0,0.0,0.006343,0.018459,0.6493
A012922,Consumo,Metropolitana,1542025,786,0,0,0.0,0.013785,0.036712,0.6461
A004971,Automotriz,Otras,1321826,756,0,0,0.0,0.020535,0.055128,0.4077
A000114,Automotriz,Otras,1309986,897,0,0,0.0,0.003109,0.009651,0.3075
A011851,Tarjeta,Valparaíso,589113,758,0,227523,0.4,0.019999,0.046279,0.6805
A003755,Consumo,Valparaíso,2010394,950,0,0,0.0,0.001522,0.00493,0.5786
A001705,Consumo,Metropolitana,1907308,812,0,0,0.0,0.009741,0.026094,0.6868
A005079,Consumo,Metropolitana,2036712,855,0,0,0.0,0.005472,0.016939,0.464
A005353,Tarjeta,Valparaíso,4045634,941,0,8495196,0.4,0.001718,0.005357,0.6593
A002292,Consumo,Metropolitana,1753339,790,0,0,0.0,0.013069,0.038606,0.6604
A001084,Microempresa,Metropolitana,2055431,863,0,2556696,0.4,0.004914,0.015806,0.5385
A006348,Tarjeta,Valparaíso,1393078,768,0,1342221,0.4,0.017515,0.048107,0.8283
A008923,Consumo,Biobío,2611711,800,0,0,0.0,0.011436,0.036481,0.5918
A007508,Consumo,Biobío,1246866,925,0,0,0.0,0.002132,0.005906,0.6294
A006443,Automotriz,Metropolitana,1509719,861,0,0,0.0,0.005048,0.011886,0.4303
A004668,Tarjeta,Valparaíso,4729868,752,0,1785655,0.4,0.021651,0.071273,0.7236
A010144,Automotriz,Otras,1440165,773,0,0,0.0,0.016389,0.05093,0.2963
A000070,Tarjeta,Metropolitana,3032130,896,0,3239175,0.4,0.003151,0.009456,0.7026
A001337,Consumo,Valparaíso,475586,782,0,0,0.0,0.01454,0.040309,0.6725
A008258,Consumo,Biobío,3003993,778,0,0,0.0,0.015335,0.044296,0.6457
A003200,Consumo,Metropolitana,1506349,932,0,0,0.0,0.00194,0.006175,0.5824
A006086,Microempresa,Otras,2839068,950,0,1466472,0.4,0.001522,0.004502,0.6019
A011212,Automotriz,Metropolitana,1134319,810,0,0,0.0,0.010005,0.028299,0.4234
A005937,Automotriz,Otras,2231670,835,0,0,0.0,0.007157,0.015463,0.3499
A003745,Consumo,Metropolitana,1092717,828,17,0,0.0,0.007862,0.02137,0.6383
A004340,Tarjeta,Otras,1375466,796,0,2586631,0.4,0.012064,0.039627,0.8286
A006450,Consumo,Biobío,576178,819,0,0,0.0,0.00887,0.028718,0.6142
A001880,Consumo,Metropolitana,1817543,784,0,0,0.0,0.014158,0.035012,0.6538
A011194,Tarjeta,Valparaíso,507707,826,0,1022686,0.4,0.008076,0.02434,0.7182
A012393,Automotriz,Otras,3872842,522,127,0,0.0,0.331213,0.952584,0.4306
A003911,Consumo,Metropolitana,3667402,944,0,0,0.0,0.00165,0.004867,0.642
A008684,Consumo,Metropolitana,1459093,890,0,0,0.0,0.003417,0.011423,0.5813
A006731,Consumo,Biobío,519260,901,18,0,0.0,0.002946,0.006389,0.7037
A004097,Consumo,Metropolitana,538604,841,0,0,0.0,0.006604,0.015129,0.5571
A012978,Automotriz,Valparaíso,1183237,858,38,0,0.0,0.005255,0.014596,0.3325
A005265,Microempresa,Otras,699472,931,0,451074,0.4,0.001966,0.005827,0.6148
A013705,Consumo,Otras,405081,840,0,0,0.0,0.006693,0.014312,0.6275
A006638,Consumo,Metropolitana,7677914,799,0,0,0.0,0.01159,0.028308,0.6947
A007978,Microempresa,Otras,370528,912,0,449433,0.4,0.00254,0.007603,0.5854
A011189,Microempresa,Metropolitana,4361462,855,0,3393549,0.4,0.005472,0.012352,0.4766
A000419,Tarjeta,Metropolitana,832595,881,0,1699806,0.4,0.003857,0.008784,0.6949
A009537,Consumo,Metropolitana,1408883,776,0,0,0.0,0.015749,0.035188,0.5684
A000140,Consumo,Metropolitana,144394,862,0,0,0.0,0.00498,0.014064,0.6012
A004769,Consumo,Otras,3105220,778,0,0,0.0,0.015335,0.046387,0.5462
A002938,Microempresa,Metropolitana,491740,879,0,159002,0.4,0.003962,0.008919,0.6006
A007932,Consumo,Metropolitana,2472485,773,0,0,0.0,0.016389,0.045244,0.6206
A002529,Tarjeta,Metropolitana,2681556,776,0,4073763,0.4,0.015749,0.036801,0.6963
A012777,Consumo,Metropolitana,1734696,950,0,0,0.0,0.001522,0.004966,0.5851
A008349,Tarjeta,Otras,1133160,826,0,862173,0.4,0.008076,0.019285,0.6179
A005846,Consumo,Metropolitana,2027783,752,0,0,0.0,0.021651,0.070028,0.6361
A003149,Consumo,Metropolitana,2160886,879,0,0,0.0,0.003962,0.011635,0.6096
A000023,Tarjeta,Metropolitana,1560029,842,0,2057789,0.4,0.006516,0.017834,0.6736
A000223,Consumo,Metropolitana,3694587,870,0,0,0.0,0.004472,0.01484,0.5488
A012398,Consumo,Otras,5040465,806,0,0,0.0,0.010555,0.0239,0.6189
A006257,Automotriz,Metropolitana,735483,826,0,0,0.0,0.008076,0.022913,0.46
A009691,Tarjeta,Valparaíso,1601548,950,0,1336365,0.4,0.001522,0.004039,0.6962
A008943,Automotriz,Otras,498204,685,0,0,0.0,0.051887,0.135787,0.3995
A005560,Microempresa,Metropolitana,1155862,810,0,1834982,0.4,0.010005,0.021958,0.5269
A008295,Automotriz,Otras,190755,872,0,0,0.0,0.004353,0.009283,0.3809
A003328,Consumo,Valparaíso,1834325,895,75,0,0.0,0.003194,0.006956,0.5764
A011508,Automotriz,Otras,820409,881,0,0,0.0,0.003857,0.008688,0.3223
A010129,Consumo,Valparaíso,171756,832,0,0,0.0,0.007451,0.020587,0.5802
A012963,Consumo,Metropolitana,694232,758,0,0,0.0,0.019999,0.045426,0.6636
A000526,Consumo,Otras,4788523,788,90,0,0.0,0.013423,0.038466,0.6773
A010200,Tarjeta,Otras,386198,823,0,750623,0.4,0.008407,0.021131,0.7028
A002611,Consumo,Valparaíso,4629455,841,0,0,0.0,0.006604,0.016085,0.5327
A001039,Automotriz,Metropolitana,1339052,807,0,0,0.0,0.010415,0.028998,0.4261
A014663,Consumo,Valparaíso,503677,864,0,0,0.0,0.004848,0.01114,0.6477
A008130,Automotriz,Metropolitana,4413166,701,101,0,0.0,0.042224,0.102329,0.3749
A007916,Tarjeta,Metropolitana,3501029,648,302,5530372,0.4,0.082761,0.210218,0.7286
A013981,Automotriz,Otras,2504835,706,70,0,0.0,0.039575,0.125992,0.4319
A002250,Consumo,Metropolitana,1559029,676,0,0,0.0,0.058207,0.181929,0.635
A004451,Tarjeta,Metropolitana,786010,771,0,1578329,0.4,0.016831,0.053013,0.6789
A002281,Microempresa,Metropolitana,3926702,822,0,4952692,0.4,0.00852,0.018629,0.6068
A014868,Tarjeta,Otras,4655678,497,90,5237447,0.4,0.409782,0.97,0.6806
A011219,Automotriz,Metropolitana,374820,791,70,0,0.0,0.012896,0.041943,0.4466
A003294,Consumo,Metropolitana,1483766,917,0,0,0.0,0.002375,0.006134,0.6579
A009407,Tarjeta,Metropolitana,1396574,770,0,2105124,0.4,0.017056,0.04065,0.7423
A000024,Automotriz,Metropolitana,2275456,929,0,0,0.0,0.00202,0.004879,0.3821
A003339,Consumo,Valparaíso,389234,845,0,0,0.0,0.006258,0.020913,0.5975
A008164,Tarjeta,Otras,594075,690,0,1217318,0.4,0.048662,0.161221,0.5889
A006625,Consumo,Biobío,582359,750,0,0,0.0,0.022231,0.067315,0.626
A005874,Consumo,Valparaíso,733399,859,0,0,0.0,0.005185,0.013635,0.5401
A000030,Consumo,Otras,1239696,802,0,0,0.0,0.011135,0.023822,0.6127
A001994,Consumo,Valparaíso,1450848,818,87,0,0.0,0.008989,0.0303,0.6284
A010521,Consumo,Valparaíso,1374825,723,0,0,0.0,0.031709,0.095671,0.6994
A000179,Consumo,Otras,360930,950,0,0,0.0,0.001522,0.005098,0.5937
A003127,Tarjeta,Biobío,542597,804,0,756657,0.4,0.010841,0.035375,0.681
A010620,Consumo,Metropolitana,2530710,853,0,0,0.0,0.005621,0.014695,0.6274
A014404,Tarjeta,Metropolitana,648897,850,70,1289290,0.4,0.005852,0.017786,0.8646
A014004,Consumo,Valparaíso,5897405,950,0,0,0.0,0.001522,0.004063,0.635
A010259,Consumo,Otras,1971872,773,407,0,0.0,0.016389,0.047362,0.5838
A012526,Microempresa,Metropolitana,453851,868,0,174652,0.4,0.004594,0.014543,0.5312
A000862,Consumo,Otras,1429965,866,0,0,0.0,0.004719,0.012565,0.6186
A008930,Tarjeta,Biobío,331546,829,0,250392,0.4,0.007757,0.016462,0.6618
A000346,Consumo,Otras,2639932,764,0,0,0.0,0.01847,0.047932,0.6403
A012281,Consumo,Valparaíso,3085702,844,72,0,0.0,0.006343,0.016892,0.6219
A001479,Tarjeta,Otras,327403,888,0,421411,0.4,0.00351,0.009246,0.7303
A011066,Microempresa,Otras,618117,807,5,1159972,0.4,0.010415,0.025821,0.5717
A008875,Consumo,Valparaíso,616131,860,0,0,0.0,0.005116,0.015722,0.658
A010004,Consumo,Valparaíso,4735985,810,0,0,0.0,0.010005,0.025935,0.7098
A003778,Tarjeta,Valparaíso,545241,747,0,486390,0.4,0.02313,0.063009,0.6919
A001396,Consumo,Biobío,2009888,810,0,0,0.0,0.010005,0.028017,0.6632
A000701,Consumo,Valparaíso,1430212,915,63,0,0.0,0.00244,0.007595,0.6612
A012637,Microempresa,Biobío,2057638,804,0,3454693,0.4,0.010841,0.036378,0.5163
A005624,Consumo,Metropolitana,428202,862,68,0,0.0,0.00498,0.014593,0.6655
A003839,Consumo,Metropolitana,12803820,869,0,0,0.0,0.004533,0.013134,0.6355
A009466,Consumo,Metropolitana,206926,950,0,0,0.0,0.001522,0.004704,0.621
A006243,Consumo,Valparaíso,1857677,835,0,0,0.0,0.007157,0.022585,0.617
A005489,Tarjeta,Biobío,574009,906,0,394172,0.4,0.002754,0.007128,0.7596
A014267,Consumo,Metropolitana,1408395,796,90,0,0.0,0.012064,0.028317,0.6297
A009307,Automotriz,Otras,1571412,853,0,0,0.0,0.005621,0.012361,0.4915
A003039,Tarjeta,Metropolitana,1463156,686,0,3207114,0.4,0.051226,0.133157,0.7308
A005097,Microempresa,Otras,568535,808,0,337049,0.4,0.010276,0.030174,0.5182
A002876,Consumo,Metropolitana,436731,855,0,0,0.0,0.005472,0.013048,0.6153
A000805,Tarjeta,Metropolitana,3270711,839,154,5050525,0.4,0.006783,0.017729,0.6805
A012488,Consumo,Metropolitana,1494937,756,57,0,0.0,0.020535,0.047088,0.6496
A010405,Tarjeta,Metropolitana,2476203,778,0,3501028,0.4,0.015335,0.036181,0.6357
A012272,Consumo,Otras,929556,780,0,0,0.0,0.014932,0.050506,0.5522
A012329,Tarjeta,Valparaíso,2140623,793,0,1523198,0.4,0.012557,0.041672,0.7638
A007455,Automotriz,Metropolitana,1606727,789,201,0,0.0,0.013245,0.037836,0.471
A003199,Automotriz,Otras,235446,810,0,0,0.0,0.010005,0.022471,0.3944
A009703,Consumo,Metropolitana,3380916,837,172,0,0.0,0.006968,0.01575,0.6667
A013765,Microempresa,Biobío,430070,857,0,857611,0.4,0.005326,0.014823,0.5468
A014639,Automotriz,Metropolitana,5583961,838,0,0,0.0,0.006875,0.017791,0.3842
A004517,Consumo,Metropolitana,1615716,857,0,0,0.0,0.005326,0.017601,0.5916
A001683,Microempresa,Valparaíso,2327718,799,0,2527435,0.4,0.01159,0.029652,0.5277
A007357,Consumo,Biobío,3706834,784,0,0,0.0,0.014158,0.035997,0.7064
A014069,Consumo,Metropolitana,797955,828,64,0,0.0,0.007862,0.020358,0.5524
A005440,Microempresa,Metropolitana,975807,862,0,641243,0.4,0.00498,0.010886,0.5083
A010049,Tarjeta,Otras,4242244,788,0,2449897,0.4,0.013423,0.040116,0.7638
A005848,Tarjeta,Metropolitana,2115643,948,0,1309557,0.4,0.001563,0.004069,0.8008
A004895,Consumo,Valparaíso,1690874,842,0,0,0.0,0.006516,0.0173,0.6182
A014126,Automotriz,Otras,1479241,925,146,0,0.0,0.002132,0.004856,0.4422
A002541,Tarjeta,Otras,1972702,745,0,1464827,0.4,0.023748,0.07431,0.6489
A004554,Automotriz,Otras,2885813,771,0,0,0.0,0.016831,0.036977,0.4208
A003346,Tarjeta,Metropolitana,6419037,827,0,9431631,0.4,0.007968,0.026026,0.7637
A002697,Microempresa,Valparaíso,1568359,731,0,1612965,0.4,0.028553,0.094354,0.5663
A001352,Tarjeta,Otras,722829,819,0,931846,0.4,0.00887,0.024815,0.709
A004240,Consumo,Otras,423843,827,0,0,0.0,0.007968,0.022591,0.6036
A012077,Microempresa,Metropolitana,9840196,910,203,8328518,0.4,0.00261,0.005805,0.5277
A012549,Consumo,Metropolitana,2392930,737,0,0,0.0,0.026388,0.086102,0.6404
A000611,Tarjeta,Metropolitana,1710725,883,0,3197094,0.4,0.003754,0.010496,0.723
A000237,Microempresa,Biobío,1296049,912,0,2211455,0.4,0.00254,0.006309,0.5174
A003205,Consumo,Otras,2934634,847,325,0,0.0,0.006092,0.016392,0.5754
A007259,Microempresa,Otras,307903,859,0,662387,0.4,0.005185,0.014769,0.5116
A005395,Consumo,Metropolitana,2196173,859,0,0,0.0,0.005185,0.0118,0.6236
A014077,Automotriz,Metropolitana,874112,856,22,0,0.0,0.005399,0.017874,0.3867
A014531,Consumo,Metropolitana,2547347,822,0,0,0.0,0.00852,0.027075,0.6938
A013538,Consumo,Otras,834221,814,0,0,0.0,0.009484,0.027518,0.6331
A003361,Microempresa,Otras,2705827,792,77,3233388,0.4,0.012725,0.0412,0.4713
A003449,Consumo,Biobío,853625,900,0,0,0.0,0.002986,0.010103,0.5624
A011424,Consumo,Otras,6932050,811,8,0,0.0,0.009872,0.02286,0.5874
A013770,Consumo,Valparaíso,1415631,780,0,0,0.0,0.014932,0.0327,0.708
A011581,Consumo,Otras,1206101,715,0,0,0.0,0.035202,0.111771,0.6002
A008856,Consumo,Metropolitana,101520,891,0,0,0.0,0.003371,0.009911,0.6021
A014192,Consumo,Metropolitana,3596419,816,118,0,0.0,0.009233,0.026447,0.627
A010908,Microempresa,Valparaíso,756938,831,0,664947,0.4,0.007552,0.025045,0.5269
A011910,Consumo,Metropolitana,1660596,657,0,0,0.0,0.073985,0.213398,0.5832
A004722,Consumo,Otras,1946497,782,0,0,0.0,0.01454,0.031862,0.6435
A001493,Consumo,Metropolitana,1855586,842,43,0,0.0,0.006516,0.020747,0.5633
A007006,Consumo,Biobío,1645761,766,0,0,0.0,0.017986,0.040102,0.5955
A005301,Tarjeta,Metropolitana,2015783,911,0,4104919,0.4,0.002575,0.006862,0.666
A008071,Tarjeta,Otras,3846314,914,0,6300121,0.4,0.002473,0.005589,0.7317
A001269,Consumo,Valparaíso,1998797,882,0,0,0.0,0.003805,0.008012,0.6321
A007642,Tarjeta,Otras,909243,710,0,1795539,0.4,0.03757,0.12699,0.7183
A003578,Consumo,Otras,1120380,779,0,0,0.0,0.015132,0.045821,0.566
A013341,Automotriz,Metropolitana,1669004,798,181,0,0.0,0.011746,0.030703,0.4631
A010151,Automotriz,Biobío,116227,930,0,0,0.0,0.001993,0.006129,0.2975
A000684,Consumo,Valparaíso,1823481,785,0,0,0.0,0.01397,0.035174,0.6779
A000097,Tarjeta,Metropolitana,1440002,892,0,1765837,0.4,0.003326,0.007358,0.6754
A005556,Consumo,Otras,1089533,785,0,0,0.0,0.01397,0.041563,0.5903
A001974,Consumo,Valparaíso,1159881,821,0,0,0.0,0.008635,0.024657,0.4987
A010073,Microempresa,Metropolitana,2123857,756,0,3974675,0.4,0.020535,0.069186,0.5866
A014586,Tarjeta,Metropolitana,104495,861,0,118588,0.4,0.005048,0.01442,0.7631
A008159,Microempresa,Biobío,4756657,692,264,9033609,0.4,0.047426,0.135901,0.5459
A004360,Automotriz,Metropolitana,2356925,721,0,0,0.0,0.03255,0.071259,0.4034
A005946,Tarjeta,Valparaíso,1960240,736,181,807065,0.4,0.026737,0.068106,0.7035
A006199,Consumo,Metropolitana,1335614,914,0,0,0.0,0.002473,0.007975,0.6393
A012708,Consumo,Otras,2157343,817,214,0,0.0,0.00911,0.026754,0.6101
A012426,Consumo,Otras,2235281,903,0,0,0.0,0.002868,0.009631,0.6924
A009513,Automotriz,Metropolitana,483791,732,0,0,0.0,0.02818,0.073571,0.3943
A011115,Consumo,Metropolitana,1441720,875,118,0,0.0,0.004181,0.010352,0.6315
A014943,Consumo,Otras,304084,831,0,0,0.0,0.007552,0.02494,0.6766
A007279,Consumo,Otras,600911,804,0,0,0.0,0.010841,0.032238,0.635
A009516,Consumo,Metropolitana,6211387,826,0,0,0.0,0.008076,0.018152,0.6286
A012044,Microempresa,Valparaíso,1145615,718,0,2142563,0.4,0.033851,0.091983,0.5917
A004186,Automotriz,Metropolitana,784837,906,65,0,0.0,0.002754,0.009055,0.401
A002008,Tarjeta,Metropolitana,1103592,869,0,611740,0.4,0.004533,0.013574,0.6846
A002287,Automotriz,Valparaíso,579911,789,0,0,0.0,0.013245,0.039585,0.3963
A001323,Automotriz,Otras,2124549,896,0,0,0.0,0.003151,0.008726,0.3673
A007162,Automotriz,Otras,373884,669,2,0,0.0,0.063614,0.144724,0.4113
A009591,Consumo,Metropolitana,2537389,807,54,0,0.0,0.010415,0.030774,0.6411
A014098,Consumo,Otras,2023413,615,0,0,0.0,0.123526,0.341302,0.582
A008677,Microempresa,Metropolitana,1573878,858,0,519825,0.4,0.005255,0.01356,0.5314
A014930,Microempresa,Biobío,2167920,881,0,1244495,0.4,0.003857,0.010022,0.615
A014720,Automotriz,Metropolitana,504308,906,0,0,0.0,0.002754,0.007667,0.3415
A003863,Microempresa,Metropolitana,3995551,740,149,8196771,0.4,0.025366,0.081617,0.5707
A001892,Automotriz,Metropolitana,2804223,718,0,0,0.0,0.033851,0.08103,0.4027
A013314,Consumo,Metropolitana,604459,821,0,0,0.0,0.008635,0.023577,0.5343
A011714,Consumo,Metropolitana,1865723,868,0,0,0.0,0.004594,0.011869,0.654
A012293,Automotriz,Metropolitana,1580772,803,0,0,0.0,0.010987,0.027878,0.4214
A000334,Consumo,Otras,294448,769,0,0,0.0,0.017284,0.050667,0.7019
A010262,Tarjeta,Otras,942308,803,0,1270136,0.4,0.010987,0.034443,0.711
A000448,Consumo,Otras,295583,845,0,0,0.0,0.006258,0.017875,0.6118
A008889,Tarjeta,Valparaíso,1432675,943,0,1040140,0.4,0.001672,0.005024,0.7663
A012851,Consumo,Valparaíso,415498,809,0,0,0.0,0.01014,0.031198,0.6127
A001708,Tarjeta,Biobío,1987915,736,0,4249040,0.4,0.026737,0.064627,0.7559
A009544,Tarjeta,Otras,245764,902,0,208087,0.4,0.002907,0.008867,0.7544
A010976,Automotriz,Metropolitana,2715304,890,0,0,0.0,0.003417,0.007731,0.3445
A010564,Automotriz,Metropolitana,3715220,698,90,0,0.0,0.043894,0.109619,0.3465
A013002,Tarjeta,Otras,468622,826,0,993015,0.4,0.008076,0.019621,0.7028
A000858,Consumo,Metropolitana,1717584,843,164,0,0.0,0.006429,0.019429,0.6067
A003242,Consumo,Metropolitana,2911213,853,0,0,0.0,0.005621,0.017339,0.6372
A005296,Consumo,Biobío,1037412,854,0,0,0.0,0.005546,0.018107,0.6151
A012624,Consumo,Metropolitana,2664371,877,90,0,0.0,0.00407,0.013627,0.6409
A001546,Tarjeta,Metropolitana,3538744,879,0,6396756,0.4,0.003962,0.0129,0.7467
A003254,Consumo,Metropolitana,1719899,899,0,0,0.0,0.003027,0.010119,0.5861
A001505,Consumo,Biobío,427907,834,0,0,0.0,0.007254,0.022423,0.6012
A013158,Tarjeta,Otras,1940498,847,0,2602555,0.4,0.006092,0.01808,0.6303
A011015,Tarjeta,Otras,1712141,737,0,1355626,0.4,0.026388,0.077495,0.6533
A002351,Consumo,Metropolitana,2761271,859,0,0,0.0,0.005185,0.01591,0.6223
A000583,Automotriz,Metropolitana,1149710,777,0,0,0.0,0.01554,0.044172,0.3433
A007050,Consumo,Metropolitana,3567575,867,0,0,0.0,0.004656,0.011514,0.6067
A006169,Consumo,Metropolitana,2375381,850,0,0,0.0,0.005852,0.016854,0.6221
A008447,Consumo,Metropolitana,2330815,790,157,0,0.0,0.013069,0.032911,0.6789
A006576,Tarjeta,Valparaíso,3076196,819,0,2209158,0.4,0.00887,0.025091,0.7051
A011246,Microempresa,Metropolitana,273372,950,0,118782,0.4,0.001522,0.003333,0.4539
A002074,Consumo,Valparaíso,1341601,809,0,0,0.0,0.01014,0.031818,0.5704
A005501,Consumo,Metropolitana,601388,869,61,0,0.0,0.004533,0.013109,0.6533
A001041,Consumo,Metropolitana,3715971,769,90,0,0.0,0.017284,0.046142,0.7109
A003992,Tarjeta,Otras,1491245,756,0,2216022,0.4,0.020535,0.050134,0.7825
A001261,Tarjeta,Biobío,1140581,868,0,788428,0.4,0.004594,0.011652,0.6622
A002084,Tarjeta,Biobío,2119675,731,0,4186719,0.4,0.028553,0.073347,0.7628
A014108,Tarjeta,Metropolitana,1045545,908,0,953750,0.4,0.002681,0.00785,0.7287
A012786,Consumo,Valparaíso,963801,853,0,0,0.0,0.005621,0.012112,0.6335
A013454,Tarjeta,Otras,811900,775,0,1191551,0.4,0.015959,0.044298,0.6859
A008189,Automotriz,Metropolitana,292357,904,0,0,0.0,0.002829,0.006772,0.3952
A005043,Consumo,Metropolitana,893819,944,0,0,0.0,0.00165,0.004074,0.6205
A003463,Consumo,Otras,425408,816,0,0,0.0,0.009233,0.023246,0.5495
A009216,Tarjeta,Metropolitana,722524,799,0,1008223,0.4,0.01159,0.038774,0.6522
A006314,Consumo,Otras,2318556,896,0,0,0.0,0.003151,0.006677,0.699
A001266,Tarjeta,Metropolitana,429695,797,0,350741,0.4,0.011904,0.035623,0.7366
A008801,Automotriz,Metropolitana,1615796,833,0,0,0.0,0.007352,0.024821,0.5041
A014512,Consumo,Metropolitana,424157,876,0,0,0.0,0.004125,0.01029,0.6609
A000258,Consumo,Valparaíso,1205926,771,0,0,0.0,0.016831,0.040323,0.5832
A013001,Consumo,Metropolitana,2941895,826,0,0,0.0,0.008076,0.018841,0.7096
A005989,Consumo,Biobío,421003,881,0,0,0.0,0.003857,0.011497,0.6075
A012605,Consumo,Biobío,1080060,780,0,0,0.0,0.014932,0.035652,0.5768
A013972,Consumo,Valparaíso,1080445,831,0,0,0.0,0.007552,0.021483,0.6556
A008405,Tarjeta,Metropolitana,1349003,806,0,1691363,0.4,0.010555,0.024189,0.7358
A013091,Microempresa,Metropolitana,654597,950,26,1385008,0.4,0.001522,0.004035,0.5439
A005768,Microempresa,Metropolitana,1736156,846,0,2047047,0.4,0.006175,0.019635,0.4544
A013264,Automotriz,Metropolitana,3979332,767,0,0,0.0,0.017749,0.058729,0.384
A005811,Consumo,Metropolitana,1748116,814,0,0,0.0,0.009484,0.021256,0.5426
A005706,Microempresa,Metropolitana,527098,846,0,430509,0.4,0.006175,0.016094,0.5598
A009765,Automotriz,Metropolitana,277646,881,0,0,0.0,0.003857,0.010248,0.4334
A006258,Consumo,Valparaíso,2405317,939,15,0,0.0,0.001765,0.005382,0.6987
A001237,Microempresa,Metropolitana,637255,811,0,1365390,0.4,0.009872,0.021857,0.5372
A014787,Tarjeta,Metropolitana,3486935,790,0,3342876,0.4,0.013069,0.032243,0.6709
A012958,Consumo,Metropolitana,1157362,894,18,0,0.0,0.003237,0.009445,0.5962
A009909,Tarjeta,Metropolitana,2961048,810,0,5388402,0.4,0.010005,0.02293,0.7072
A014373,Automotriz,Otras,1590135,871,0,0,0.0,0.004412,0.014,0.4133
A004512,Tarjeta,Biobío,1081852,805,0,511323,0.4,0.010697,0.029308,0.7328
A013857,Tarjeta,Biobío,702561,901,0,1338191,0.4,0.002946,0.008099,0.7723
A001260,Consumo,Otras,4714474,861,0,0,0.0,0.005048,0.01562,0.6915
A011551,Consumo,Metropolitana,2085773,859,0,0,0.0,0.005185,0.012247,0.6637
A013414,Automotriz,Valparaíso,2171912,749,0,0,0.0,0.022527,0.073349,0.3828
A010433,Tarjeta,Otras,3221140,761,72,3484953,0.4,0.019219,0.064421,0.7225
A014245,Automotriz,Biobío,3713992,741,0,0,0.0,0.025034,0.06233,0.4197
A002227,Consumo,Biobío,2247005,843,0,0,0.0,0.006429,0.02139,0.5786
A009816,Tarjeta,Biobío,1255812,786,26,1151682,0.4,0.013785,0.039397,0.7515
A009819,Tarjeta,Biobío,937765,950,0,326048,0.4,0.001522,0.005064,0.7025
A012031,Consumo,Otras,2522287,799,0,0,0.0,0.01159,0.036451,0.7324
A007986,Tarjeta,Valparaíso,3799045,792,0,3344415,0.4,0.012725,0.034152,0.6532
A012236,Tarjeta,Otras,2298655,857,0,4836469,0.4,0.005326,0.013963,0.6463
A013258,Tarjeta,Biobío,706033,833,0,538175,0.4,0.007352,0.024038,0.7029
A005502,Tarjeta,Metropolitana,545351,865,0,802439,0.4,0.004783,0.010726,0.6332
A010466,Consumo,Otras,1051238,722,70,0,0.0,0.032127,0.101263,0.6362
A008092,Consumo,Otras,1425269,867,34,0,0.0,0.004656,0.013057,0.6584
A014649,Tarjeta,Metropolitana,1168500,747,0,798804,0.4,0.02313,0.071177,0.7472
A006013,Tarjeta,Valparaíso,1504924,782,0,2938114,0.4,0.01454,0.040158,0.6282
A002820,Consumo,Valparaíso,1150143,925,0,0,0.0,0.002132,0.00522,0.532
A000485,Microempresa,Valparaíso,871950,792,0,829676,0.4,0.012725,0.029511,0.5909
A007635,Consumo,Metropolitana,960078,826,0,0,0.0,0.008076,0.025182,0.5901
A008122,Consumo,Metropolitana,514800,796,0,0,0.0,0.012064,0.033096,0.5441
A009875,Consumo,Metropolitana,2109139,913,0,0,0.0,0.002506,0.005338,0.6121
A014754,Microempresa,Valparaíso,1482783,850,0,690774,0.4,0.005852,0.013295,0.5653
A004916,Consumo,Biobío,1233890,735,0,0,0.0,0.027091,0.073034,0.6721
A012168,Automotriz,Valparaíso,2366332,855,109,0,0.0,0.005472,0.018561,0.343
A002979,Automotriz,Otras,1370427,690,0,0,0.0,0.048662,0.103277,0.3208
A007105,Automotriz,Otras,877796,803,0,0,0.0,0.010987,0.02754,0.3924
A013487,Automotriz,Biobío,2376318,950,0,0,0.0,0.001522,0.004941,0.3874
A011196,Consumo,Metropolitana,3047372,820,111,0,0.0,0.008752,0.019542,0.7064
A014762,Consumo,Metropolitana,1223621,901,0,0,0.0,0.002946,0.00815,0.5877
A008079,Automotriz,Metropolitana,322781,787,0,0,0.0,0.013603,0.035234,0.2963
A005418,Consumo,Valparaíso,605066,950,0,0,0.0,0.001522,0.003732,0.6476
A007751,Automotriz,Otras,758595,782,0,0,0.0,0.01454,0.041336,0.3707
A009997,Consumo,Otras,1546241,785,0,0,0.0,0.01397,0.037407,0.5798
A013222,Consumo,Otras,2017588,880,0,0,0.0,0.003909,0.011059,0.6852
A010052,Consumo,Biobío,1410852,836,0,0,0.0,0.007062,0.021578,0.5928
A010555,Microempresa,Biobío,6160690,935,0,2311522,0.4,0.001863,0.006028,0.5933
A013576,Consumo,Metropolitana,383903,822,0,0,0.0,0.00852,0.019759,0.5067
A007756,Consumo,Otras,2776019,832,0,0,0.0,0.007451,0.024776,0.612
A014948,Consumo,Otras,3131550,950,0,0,0.0,0.001522,0.003533,0.6608
A009921,Tarjeta,Metropolitana,1250555,931,0,377212,0.4,0.001966,0.00639,0.6903
A004686,Consumo,Otras,2544477,789,0,0,0.0,0.013245,0.036697,0.7093
A000778,Tarjeta,Otras,319259,842,0,206117,0.4,0.006516,0.013947,0.6903
A012745,Consumo,Valparaíso,950079,863,0,0,0.0,0.004914,0.011432,0.6123
A005437,Automotriz,Metropolitana,1504496,797,0,0,0.0,0.011904,0.032106,0.4988
A006183,Consumo,Biobío,1179552,925,0,0,0.0,0.002132,0.006569,0.603
A005457,Tarjeta,Metropolitana,7888475,798,0,13146570,0.4,0.011746,0.027969,0.7593
A002181,Tarjeta,Otras,2373666,840,0,2555877,0.4,0.006693,0.019405,0.6936
A008388,Microempresa,Metropolitana,458216,793,0,276700,0.4,0.012557,0.037208,0.5645
A002920,Microempresa,Metropolitana,869040,884,0,1883178,0.4,0.003704,0.01159,0.5116
A005415,Tarjeta,Valparaíso,1126814,833,14,993261,0.4,0.007352,0.023219,0.77
A003374,Tarjeta,Biobío,4751844,821,0,4052022,0.4,0.008635,0.021927,0.6372
A000798,Consumo,Otras,858477,807,0,0,0.0,0.010415,0.02553,0.5689
A010887,Consumo,Metropolitana,660542,946,0,0,0.0,0.001606,0.004678,0.6221
A013370,Tarjeta,Valparaíso,4139437,887,0,7987189,0.4,0.003557,0.007881,0.7161
A001221,Microempresa,Metropolitana,1455277,818,0,796018,0.4,0.008989,0.022326,0.5334
A012399,Consumo,Metropolitana,2337039,950,0,0,0.0,0.001522,0.003654,0.6704
A012499,Consumo,Otras,547881,853,0,0,0.0,0.005621,0.016012,0.5956
A003019,Consumo,Otras,1066732,870,0,0,0.0,0.004472,0.011048,0.6331
A010663,Consumo,Metropolitana,2867371,822,0,0,0.0,0.00852,0.020085,0.6207
A014215,Automotriz,Valparaíso,2560694,852,6,0,0.0,0.005697,0.01743,0.3707
A014617,Consumo,Otras,1951881,921,0,0,0.0,0.00225,0.005682,0.7085
A014749,Automotriz,Otras,2739665,820,0,0,0.0,0.008752,0.02788,0.4867
A002321,Consumo,Metropolitana,1926663,895,0,0,0.0,0.003194,0.007269,0.6593
A001577,Consumo,Metropolitana,965754,794,293,0,0.0,0.01239,0.039005,0.6158
A008342,Automotriz,Valparaíso,1514319,878,0,0,0.0,0.004016,0.009222,0.3764
A000451,Microempresa,Metropolitana,1047135,771,0,965568,0.4,0.016831,0.040855,0.5499
A008421,Tarjeta,Otras,2297533,795,90,1020865,0.4,0.012226,0.040201,0.6352
A001211,Consumo,Valparaíso,1203233,950,0,0,0.0,0.001522,0.004929,0.6358
A002851,Automotriz,Otras,1922937,852,0,0,0.0,0.005697,0.017967,0.3427
A010539,Tarjeta,Metropolitana,743299,794,0,697888,0.4,0.01239,0.026279,0.7113
A007907,Consumo,Biobío,4408055,886,0,0,0.0,0.003606,0.009926,0.6384
A011303,Tarjeta,Otras,2683561,768,90,3060353,0.4,0.017515,0.051063,0.7434
A005683,Consumo,Otras,1013259,881,90,0,0.0,0.003857,0.009123,0.6117
A011474,Automotriz,Metropolitana,1341161,899,0,0,0.0,0.003027,0.008669,0.4393
A008099,Tarjeta,Metropolitana,1436030,764,0,2326773,0.4,0.01847,0.041084,0.8162
A010365,Automotriz,Metropolitana,3994687,659,0,0,0.0,0.072155,0.187157,0.3201
A005466,Tarjeta,Metropolitana,146447,926,0,197612,0.4,0.002103,0.006716,0.6351
A000768,Consumo,Otras,2216726,858,0,0,0.0,0.005255,0.014351,0.6808
A005306,Automotriz,Biobío,6294077,897,0,0,0.0,0.003109,0.008503,0.3761
A013758,Consumo,Metropolitana,1370334,825,0,0,0.0,0.008184,0.020252,0.606
A014756,Automotriz,Metropolitana,3222094,855,0,0,0.0,0.005472,0.018499,0.442
A010432,Consumo,Metropolitana,6281889,871,0,0,0.0,0.004412,0.00961,0.687
A008415,Tarjeta,Metropolitana,2026289,783,90,1325995,0.4,0.014347,0.046699,0.7333
A014667,Consumo,Metropolitana,3763571,773,0,0,0.0,0.016389,0.052108,0.688
A009910,Tarjeta,Otras,2119949,687,103,3322562,0.4,0.050573,0.10915,0.8062
A007848,Consumo,Valparaíso,298204,820,11,0,0.0,0.008752,0.021445,0.6208
A010892,Consumo,Otras,317012,755,0,0,0.0,0.020809,0.061995,0.6084
A005071,Microempresa,Otras,1390154,950,0,2011251,0.4,0.001522,0.004694,0.5975
A001603,Tarjeta,Metropolitana,1318885,786,0,2705502,0.4,0.013785,0.044771,0.6908
A010713,Tarjeta,Biobío,2804731,849,133,4099831,0.4,0.005931,0.013955,0.7152
A007846,Consumo,Metropolitana,1567834,770,0,0,0.0,0.017056,0.050122,0.6323
A002161,Consumo,Metropolitana,2752532,738,0,0,0.0,0.026043,0.078977,0.5263
A000261,Consumo,Biobío,3326499,726,0,0,0.0,0.030488,0.095465,0.6478
A006728,Tarjeta,Biobío,434370,741,0,176575,0.4,0.025034,0.053487,0.6998
A005086,Tarjeta,Metropolitana,652942,722,0,502594,0.4,0.032127,0.106539,0.6508
A004803,Consumo,Metropolitana,3180654,944,0,0,0.0,0.00165,0.004687,0.6508
A001513,Microempresa,Valparaíso,3768338,768,0,3723751,0.4,0.017515,0.052368,0.5944
A003706,Consumo,Biobío,350601,808,0,0,0.0,0.010276,0.025525,0.4743
A001113,Automotriz,Otras,1815635,833,34,0,0.0,0.007352,0.024605,0.3653
A013492,Microempresa,Metropolitana,462659,884,146,430111,0.4,0.003704,0.008696,0.5957
A014865,Consumo,Metropolitana,2847895,810,0,0,0.0,0.010005,0.027743,0.6181
A009272,Tarjeta,Metropolitana,686974,836,90,1227593,0.4,0.007062,0.018613,0.7256
A010426,Tarjeta,Metropolitana,1199749,852,0,1453558,0.4,0.005697,0.019095,0.7824
A006405,Consumo,Biobío,841293,691,0,0,0.0,0.04804,0.144059,0.6108
A000099,Microempresa,Metropolitana,548816,774,0,633003,0.4,0.016173,0.054083,0.57
A013237,Microempresa,Metropolitana,2303462,861,0,937499,0.4,0.005048,0.011922,0.5463
A013166,Consumo,Metropolitana,472853,829,0,0,0.0,0.007757,0.021723,0.6136
A003644,Automotriz,Metropolitana,1198309,825,0,0,0.0,0.008184,0.024928,0.4319
A000682,Consumo,Metropolitana,3760604,803,0,0,0.0,0.010987,0.032318,0.6906
A005482,Consumo,Biobío,571353,893,0,0,0.0,0.003281,0.00829,0.6012
A009786,Consumo,Metropolitana,325936,950,28,0,0.0,0.001522,0.005032,0.6608
A014127,Consumo,Otras,1218037,894,0,0,0.0,0.003237,0.006923,0.6448
A001586,Consumo,Otras,5448975,800,0,0,0.0,0.011436,0.036455,0.6374
A008152,Consumo,Metropolitana,1663039,842,0,0,0.0,0.006516,0.020713,0.6512
A005904,Consumo,Metropolitana,1821753,780,90,0,0.0,0.014932,0.040376,0.6813
A000381,Consumo,Biobío,1359362,885,0,0,0.0,0.003655,0.009165,0.564
A000283,Tarjeta,Metropolitana,533658,777,0,216271,0.4,0.01554,0.044214,0.6451
A004889,Microempresa,Metropolitana,3407904,806,96,7168981,0.4,0.010555,0.033075,0.5749
A007869,Tarjeta,Metropolitana,1614588,845,0,3437568,0.4,0.006258,0.017349,0.7031
A013806,Consumo,Valparaíso,146954,838,0,0,0.0,0.006875,0.016247,0.6026
A013569,Tarjeta,Otras,794883,801,0,906642,0.4,0.011285,0.024526,0.7074
A003886,Consumo,Metropolitana,944709,808,0,0,0.0,0.010276,0.029907,0.6261
A010740,Consumo,Biobío,2208588,903,0,0,0.0,0.002868,0.008857,0.5901
A011945,Consumo,Metropolitana,2755274,950,0,0,0.0,0.001522,0.003484,0.6441
A001543,Consumo,Biobío,2322262,863,0,0,0.0,0.004914,0.01222,0.6752
A012303,Consumo,Biobío,7022920,807,0,0,0.0,0.010415,0.024234,0.6095
A003017,Tarjeta,Metropolitana,182355,892,0,254445,0.4,0.003326,0.007359,0.7422
A008787,Consumo,Metropolitana,404002,827,26,0,0.0,0.007968,0.022653,0.6643
A005316,Consumo,Metropolitana,2718100,730,162,0,0.0,0.02893,0.080813,0.6478
A008219,Automotriz,Metropolitana,636264,935,0,0,0.0,0.001863,0.006136,0.4412
A010562,Consumo,Otras,1375737,786,0,0,0.0,0.013785,0.031916,0.6233
A007691,Tarjeta,Otras,4493039,799,0,3390275,0.4,0.01159,0.03217,0.7208
A000095,Consumo,Biobío,1513637,769,0,0,0.0,0.017284,0.041954,0.6282
A007813,Consumo,Metropolitana,2032911,907,0,0,0.0,0.002717,0.005905,0.6259
A013929,Microempresa,Biobío,728844,950,52,391077,0.4,0.001522,0.004791,0.5909
A013155,Consumo,Metropolitana,3348945,917,0,0,0.0,0.002375,0.006456,0.5821
A007713,Consumo,Metropolitana,3534949,637,292,0,0.0,0.094768,0.260004,0.5981
A013610,Consumo,Otras,7014474,950,0,0,0.0,0.001522,0.004377,0.6386
A013313,Tarjeta,Valparaíso,2099387,706,0,851008,0.4,0.039575,0.111176,0.7465
A004904,Consumo,Otras,997380,836,21,0,0.0,0.007062,0.021701,0.6225
A013128,Tarjeta,Biobío,8200813,908,68,17912653,0.4,0.002681,0.006852,0.6383
A005141,Consumo,Metropolitana,3150851,511,90,0,0.0,0.364924,0.828333,0.6461
A002003,Automotriz,Otras,2459291,768,0,0,0.0,0.017515,0.056852,0.3762
A005018,Microempresa,Valparaíso,1767324,814,0,3575580,0.4,0.009484,0.025891,0.5907
A012207,Consumo,Metropolitana,1334034,888,0,0,0.0,0.00351,0.009036,0.6574
A006197,Tarjeta,Otras,769282,824,0,694706,0.4,0.008295,0.026608,0.7648
A004136,Microempresa,Metropolitana,862895,902,0,702353,0.4,0.002907,0.006728,0.4373
A004706,Automotriz,Metropolitana,1999540,842,0,0,0.0,0.006516,0.021284,0.3795
A003178,Tarjeta,Metropolitana,487025,897,0,694713,0.4,0.003109,0.006707,0.7467
A011049,Tarjeta,Otras,3666353,662,88,7994068,0.4,0.069487,0.18741,0.7569
A010035,Consumo,Metropolitana,5530089,609,90,0,0.0,0.132575,0.442518,0.6135
A008942,Consumo,Valparaíso,999265,898,0,0,0.0,0.003068,0.007231,0.6143
A011329,Consumo,Metropolitana,973276,854,0,0,0.0,0.005546,0.015728,0.5949
A009345,Consumo,Valparaíso,309807,830,0,0,0.0,0.007654,0.019741,0.6372
A006204,Automotriz,Metropolitana,979364,836,0,0,0.0,0.007062,0.016291,0.3561
A008984,Consumo,Valparaíso,1106104,759,0,0,0.0,0.019735,0.050276,0.5596
A001903,Tarjeta,Metropolitana,357039,861,0,748037,0.4,0.005048,0.01301,0.7143
A008397,Consumo,Metropolitana,1039593,866,0,0,0.0,0.004719,0.010742,0.642
A012295,Consumo,Metropolitana,935542,875,0,0,0.0,0.004181,0.013416,0.6444
A012052,Tarjeta,Valparaíso,343249,772,0,159522,0.4,0.016609,0.04972,0.7316
A005548,Consumo,Metropolitana,1038210,926,0,0,0.0,0.002103,0.005763,0.6872
A005409,Automotriz,Otras,4084604,868,73,0,0.0,0.004594,0.010323,0.4441
A011958,Consumo,Otras,856155,758,15,0,0.0,0.019999,0.064793,0.632
A007934,Consumo,Metropolitana,3388487,896,12,0,0.0,0.003151,0.009045,0.6053
A009857,Tarjeta,Otras,793296,839,0,1089270,0.4,0.006783,0.018522,0.7111
A003383,Automotriz,Metropolitana,3023729,708,109,0,0.0,0.03856,0.124811,0.3643
A000125,Automotriz,Biobío,4403411,869,69,0,0.0,0.004533,0.013423,0.4229
A013767,Microempresa,Otras,411158,866,61,128976,0.4,0.004719,0.014735,0.6058
A000467,Automotriz,Metropolitana,651087,897,0,0,0.0,0.003109,0.010129,0.3116
A014698,Automotriz,Metropolitana,1990355,695,95,0,0.0,0.045628,0.137192,0.4173
A006242,Automotriz,Metropolitana,1828846,708,0,0,0.0,0.03856,0.105165,0.3561
A004870,Consumo,Metropolitana,2552038,731,0,0,0.0,0.028553,0.077903,0.6656
A001148,Consumo,Otras,2939565,861,0,0,0.0,0.005048,0.012168,0.55
A014922,Consumo,Metropolitana,293880,805,17,0,0.0,0.010697,0.027966,0.6433
A008678,Consumo,Metropolitana,323326,902,0,0,0.0,0.002907,0.008978,0.6092
A003873,Consumo,Otras,1178945,874,0,0,0.0,0.004238,0.009052,0.4774
A002103,Tarjeta,Metropolitana,1134419,776,0,750730,0.4,0.015749,0.041535,0.6823
A005173,Automotriz,Metropolitana,124180,904,0,0,0.0,0.002829,0.00897,0.4431
A005462,Consumo,Metropolitana,939812,781,0,0,0.0,0.014735,0.045506,0.6766
A002300,Tarjeta,Metropolitana,4366704,756,0,5365668,0.4,0.020535,0.045233,0.7171
A007051,Consumo,Metropolitana,1644662,798,0,0,0.0,0.011746,0.038923,0.6584
A002185,Automotriz,Otras,2733718,684,0,0,0.0,0.052556,0.164581,0.4111
A003441,Microempresa,Metropolitana,4043576,883,0,3586379,0.4,0.003754,0.012223,0.6298
A006700,Consumo,Otras,2825400,754,0,0,0.0,0.021086,0.050463,0.5855
A007701,Tarjeta,Otras,1229548,702,0,2640870,0.4,0.041681,0.11077,0.6471
A011553,Consumo,Metropolitana,3452596,890,0,0,0.0,0.003417,0.008734,0.6572
A011648,Tarjeta,Metropolitana,1136597,950,0,1924596,0.4,0.001522,0.004913,0.6825
A005292,Tarjeta,Biobío,426579,927,0,234491,0.4,0.002075,0.005006,0.6659
A013229,Tarjeta,Metropolitana,1782875,896,0,2163898,0.4,0.003151,0.007376,0.7458
A004128,Consumo,Valparaíso,483966,903,0,0,0.0,0.002868,0.008234,0.568
A009096,Tarjeta,Metropolitana,2576761,805,0,4429457,0.4,0.010697,0.035819,0.7113
A006774,Tarjeta,Metropolitana,1510740,728,0,1651729,0.4,0.029699,0.064638,0.6869
A013164,Consumo,Metropolitana,2190038,690,0,0,0.0,0.048662,0.156947,0.6793
A003565,Microempresa,Biobío,450281,950,0,153889,0.4,0.001522,0.004316,0.5749
A005722,Consumo,Otras,3030730,873,22,0,0.0,0.004295,0.012829,0.6198
A009579,Consumo,Otras,10980550,556,159,0,0.0,0.238275,0.507989,0.546
A004501,Tarjeta,Biobío,2750001,780,244,1032482,0.4,0.014932,0.033206,0.7126
A006526,Consumo,Otras,285160,903,0,0,0.0,0.002868,0.007162,0.5655
A000808,Consumo,Metropolitana,235574,874,0,0,0.0,0.004238,0.011413,0.6767
A009704,Tarjeta,Otras,3112698,706,0,4983883,0.4,0.039575,0.133136,0.6397
A002519,Tarjeta,Metropolitana,1133057,779,0,1556021,0.4,0.015132,0.045643,0.6014
A003307,Consumo,Metropolitana,1634323,625,31,0,0.0,0.109623,0.361084,0.6317
A000265,Consumo,Metropolitana,2128223,864,0,0,0.0,0.004848,0.01101,0.6108
A008689,Consumo,Metropolitana,1562070,836,0,0,0.0,0.007062,0.019731,0.5689
A004588,Consumo,Metropolitana,1507972,753,0,0,0.0,0.021367,0.072481,0.5767
A014436,Consumo,Metropolitana,4080407,714,90,0,0.0,0.035664,0.099934,0.6978
A000650,Tarjeta,Otras,1157495,809,0,2003520,0.4,0.01014,0.025105,0.7356
A005480,Tarjeta,Metropolitana,2561172,804,0,2917564,0.4,0.010841,0.027546,0.7707
A009361,Automotriz,Biobío,2277094,892,0,0,0.0,0.003326,0.007934,0.3291
A014207,Consumo,Metropolitana,576666,920,0,0,0.0,0.00228,0.006996,0.6411
A006340,Tarjeta,Valparaíso,803235,820,42,867381,0.4,0.008752,0.028064,0.691
A011225,Microempresa,Metropolitana,385760,948,0,378618,0.4,0.001563,0.003922,0.6566
A007026,Consumo,Valparaíso,2197883,811,0,0,0.0,0.009872,0.021037,0.6462
A013145,Tarjeta,Metropolitana,1930219,803,49,2998385,0.4,0.010987,0.028208,0.7647
A006740,Microempresa,Valparaíso,7912555,861,242,7778229,0.4,0.005048,0.013004,0.5568
A004443,Consumo,Otras,313923,873,0,0,0.0,0.004295,0.010898,0.6721
A010638,Consumo,Otras,833364,789,0,0,0.0,0.013245,0.044462,0.5855
A006444,Consumo,Metropolitana,815656,849,0,0,0.0,0.005931,0.012538,0.5831
A014650,Consumo,Biobío,1044107,817,0,0,0.0,0.00911,0.026113,0.6676
A011684,Automotriz,Metropolitana,760249,811,0,0,0.0,0.009872,0.028681,0.3298
A011926,Consumo,Biobío,1083205,843,0,0,0.0,0.006429,0.020263,0.6353
A008523,Tarjeta,Otras,1253001,711,0,2180609,0.4,0.037085,0.11659,0.7488
A011718,Tarjeta,Metropolitana,5980884,913,0,3811458,0.4,0.002506,0.005502,0.6774
A012385,Consumo,Metropolitana,1731145,932,0,0,0.0,0.00194,0.006286,0.6009
A003264,Tarjeta,Otras,795253,918,0,612082,0.4,0.002343,0.007359,0.73
A014739,Consumo,Metropolitana,3249111,829,0,0,0.0,0.007757,0.016411,0.5823
A005755,Consumo,Metropolitana,2640954,950,0,0,0.0,0.001522,0.004517,0.6693
A012115,Consumo,Valparaíso,2106570,872,0,0,0.0,0.004353,0.012299,0.663
A011960,Automotriz,Valparaíso,3188822,712,0,0,0.0,0.036605,0.109776,0.4807
A003159,Automotriz,Otras,530722,950,0,0,0.0,0.001522,0.005169,0.5141
A005625,Tarjeta,Metropolitana,932637,811,0,1180003,0.4,0.009872,0.026933,0.6181
A006081,Consumo,Valparaíso,298763,794,0,0,0.0,0.01239,0.038636,0.6273
A011708,Tarjeta,Metropolitana,2858443,843,0,2530918,0.4,0.006429,0.020794,0.7309
A006899,Consumo,Otras,1400001,784,0,0,0.0,0.014158,0.02978,0.4936
A014468,Tarjeta,Metropolitana,685359,912,0,241265,0.4,0.00254,0.006728,0.7668
A013459,Automotriz,Metropolitana,2054349,793,90,0,0.0,0.012557,0.036971,0.3175
A013346,Consumo,Metropolitana,451538,893,0,0,0.0,0.003281,0.011124,0.596
A013943,Consumo,Metropolitana,661039,910,0,0,0.0,0.00261,0.008801,0.626
A013485,Consumo,Otras,2128377,897,0,0,0.0,0.003109,0.007159,0.6764
A001566,Tarjeta,Metropolitana,2187486,823,0,1529379,0.4,0.008407,0.027391,0.7121
A006391,Tarjeta,Valparaíso,436550,877,52,164333,0.4,0.00407,0.012943,0.7612
A007744,Automotriz,Metropolitana,1412306,842,0,0,0.0,0.006516,0.021045,0.4065
A007839,Consumo,Metropolitana,484363,895,0,0,0.0,0.003194,0.00979,0.5364
A013473,Consumo,Valparaíso,2218170,687,465,0,0.0,0.050573,0.107253,0.598
A010246,Tarjeta,Valparaíso,4572623,824,0,6744959,0.4,0.008295,0.021826,0.6899
A004223,Consumo,Metropolitana,681317,893,0,0,0.0,0.003281,0.007996,0.6459
A002745,Tarjeta,Valparaíso,4527008,532,114,6303354,0.4,0.30199,0.668992,0.6814
A003180,Consumo,Metropolitana,2304861,862,0,0,0.0,0.00498,0.016611,0.5731
A011430,Consumo,Metropolitana,3492768,808,0,0,0.0,0.010276,0.02909,0.7363
A010582,Microempresa,Metropolitana,4784347,950,90,6892504,0.4,0.001522,0.004421,0.5547
A006770,Microempresa,Otras,279063,922,0,511669,0.4,0.00222,0.00638,0.561
A012757,Consumo,Metropolitana,896154,880,0,0,0.0,0.003909,0.009019,0.5616
A011256,Automotriz,Metropolitana,2960966,817,0,0,0.0,0.00911,0.023523,0.343
A009944,Microempresa,Otras,1068611,803,86,395639,0.4,0.010987,0.024511,0.5351
A007583,Automotriz,Metropolitana,394279,855,0,0,0.0,0.005472,0.014489,0.3559
A008094,Tarjeta,Valparaíso,1280151,835,0,795178,0.4,0.007157,0.015612,0.7584
A000854,Consumo,Valparaíso,807991,776,0,0,0.0,0.015749,0.05305,0.6033
A004121,Consumo,Biobío,770723,849,10,0,0.0,0.005931,0.018793,0.6519
A003638,Consumo,Otras,366527,813,67,0,0.0,0.009612,0.022996,0.6347
A006716,Consumo,Metropolitana,683078,930,0,0,0.0,0.001993,0.006167,0.5931
A007896,Consumo,Metropolitana,1829423,907,0,0,0.0,0.002717,0.008698,0.5784
A007824,Automotriz,Biobío,1228887,713,0,0,0.0,0.036132,0.12272,0.3438
A000215,Tarjeta,Metropolitana,1492380,881,0,2279468,0.4,0.003857,0.009501,0.689
A009512,Consumo,Otras,1765955,791,0,0,0.0,0.012896,0.034905,0.7321
A007151,Tarjeta,Valparaíso,1077703,758,0,1255209,0.4,0.019999,0.05406,0.7713
A008264,Consumo,Otras,1513189,825,0,0,0.0,0.008184,0.02738,0.6183
A012313,Consumo,Metropolitana,4722033,857,0,0,0.0,0.005326,0.017456,0.5611
A005350,Consumo,Metropolitana,458264,908,0,0,0.0,0.002681,0.005964,0.6322
A005744,Consumo,Otras,1087484,896,0,0,0.0,0.003151,0.008691,0.6029
A014461,Consumo,Metropolitana,3652204,732,0,0,0.0,0.02818,0.079506,0.6383
A005436,Microempresa,Metropolitana,1277837,825,0,1114151,0.4,0.008184,0.022224,0.577
A011229,Automotriz,Biobío,568270,917,0,0,0.0,0.002375,0.006997,0.4042
A006964,Consumo,Valparaíso,1028255,817,0,0,0.0,0.00911,0.020331,0.6867
A006055,Microempresa,Metropolitana,579306,950,0,1237432,0.4,0.001522,0.004726,0.4794
A007450,Consumo,Biobío,1494443,735,0,0,0.0,0.027091,0.087173,0.5897
A007945,Consumo,Metropolitana,1572921,841,0,0,0.0,0.006604,0.021728,0.5803
A007697,Tarjeta,Metropolitana,3005273,628,0,6196787,0.4,0.105728,0.224953,0.6713
A014527,Tarjeta,Metropolitana,1524171,835,0,2115355,0.4,0.007157,0.015292,0.7437
A008899,Microempresa,Otras,461661,843,0,477823,0.4,0.006429,0.018012,0.4977
A012553,Automotriz,Biobío,959941,796,0,0,0.0,0.012064,0.032955,0.3816
A004000,Consumo,Valparaíso,650230,821,0,0,0.0,0.008635,0.025031,0.6055
A008127,Tarjeta,Metropolitana,284039,741,0,261158,0.4,0.025034,0.082921,0.8018
A010382,Tarjeta,Metropolitana,1062147,942,0,2197504,0.4,0.001695,0.004688,0.758
A008951,Tarjeta,Metropolitana,603840,706,0,912501,0.4,0.039575,0.103775,0.7065
A013962,Consumo,Biobío,295163,947,0,0,0.0,0.001584,0.004058,0.5275
A013462,Tarjeta,Biobío,1527471,867,0,2351631,0.4,0.004656,0.012636,0.7065
A002416,Microempresa,Metropolitana,3255819,758,0,3750470,0.4,0.019999,0.066936,0.5992
A007665,Consumo,Metropolitana,997543,757,0,0,0.0,0.020265,0.066999,0.6365
A002049,Consumo,Valparaíso,570440,846,0,0,0.0,0.006175,0.014965,0.5971
A005926,Consumo,Metropolitana,3205766,799,0,0,0.0,0.01159,0.026022,0.6408
A011069,Automotriz,Metropolitana,1145775,912,0,0,0.0,0.00254,0.00823,0.3338
A002576,Microempresa,Otras,2978761,831,0,1262853,0.4,0.007552,0.015924,0.5209
A007037,Tarjeta,Metropolitana,3916161,847,0,8093024,0.4,0.006092,0.020115,0.7314
A005340,Automotriz,Otras,597619,898,0,0,0.0,0.003068,0.007408,0.3855
A006231,Consumo,Biobío,11828003,782,0,0,0.0,0.01454,0.046629,0.6386
A004345,Tarjeta,Metropolitana,1100132,871,0,1345606,0.4,0.004412,0.014169,0.7552
A010130,Automotriz,Biobío,1870785,808,0,0,0.0,0.010276,0.034812,0.4043
A001934,Consumo,Metropolitana,1298613,821,0,0,0.0,0.008635,0.0195,0.5399
A009702,Automotriz,Valparaíso,872464,867,274,0,0.0,0.004656,0.013349,0.346
A008789,Tarjeta,Metropolitana,3315097,871,0,3620189,0.4,0.004412,0.013119,0.7621
A009121,Tarjeta,Metropolitana,1027882,728,0,2128522,0.4,0.029699,0.100557,0.6181
A011347,Consumo,Metropolitana,2584096,795,90,0,0.0,0.012226,0.02611,0.744
A013732,Automotriz,Metropolitana,511608,853,0,0,0.0,0.005621,0.013896,0.3575
A010741,Tarjeta,Otras,1339351,864,343,704266,0.4,0.004848,0.014561,0.6791
A002357,Tarjeta,Otras,445294,582,0,855340,0.4,0.180419,0.454864,0.7718
A014592,Consumo,Valparaíso,1381557,743,0,0,0.0,0.024383,0.055107,0.604
A004607,Tarjeta,Metropolitana,827062,765,175,1451017,0.4,0.018226,0.051979,0.6661
A003308,Consumo,Valparaíso,1950546,905,0,0,0.0,0.002792,0.008277,0.632
A005498,Consumo,Valparaíso,1511550,788,0,0,0.0,0.013423,0.041282,0.5424
A000029,Automotriz,Biobío,1850913,828,0,0,0.0,0.007862,0.023678,0.3292
A009994,Tarjeta,Metropolitana,1010586,823,0,2092696,0.4,0.008407,0.028307,0.7094
A008179,Automotriz,Valparaíso,2584066,917,0,0,0.0,0.002375,0.007538,0.4318
A012046,Consumo,Valparaíso,868201,784,56,0,0.0,0.014158,0.042926,0.6124
A003860,Tarjeta,Otras,3895460,950,0,7679874,0.4,0.001522,0.004483,0.6803
A014104,Tarjeta,Metropolitana,1599457,822,0,1860002,0.4,0.00852,0.019216,0.6537
A011051,Consumo,Metropolitana,3453545,907,12,0,0.0,0.002717,0.008159,0.6345
A009714,Tarjeta,Valparaíso,2593485,826,0,2103413,0.4,0.008076,0.018001,0.7645
A007621,Consumo,Metropolitana,858681,845,0,0,0.0,0.006258,0.019432,0.6037
A006033,Consumo,Metropolitana,525262,736,0,0,0.0,0.026737,0.087367,0.6539
A012108,Microempresa,Metropolitana,773921,875,0,1079142,0.4,0.004181,0.013948,0.4908
A014292,Consumo,Metropolitana,696272,746,0,0,0.0,0.023437,0.070011,0.6361
A012376,Tarjeta,Metropolitana,4267262,819,0,2861563,0.4,0.00887,0.02438,0.7191
A004593,Consumo,Metropolitana,4245286,908,0,0,0.0,0.002681,0.007597,0.5629
A007187,Automotriz,Otras,1345006,852,0,0,0.0,0.005697,0.01358,0.3582
A003920,Tarjeta,Metropolitana,2450804,735,0,772886,0.4,0.027091,0.074405,0.7391
A007696,Automotriz,Metropolitana,795145,922,0,0,0.0,0.00222,0.005385,0.3855
A011109,Microempresa,Metropolitana,5012333,950,188,6055985,0.4,0.001522,0.004281,0.6
A005541,Consumo,Metropolitana,1291198,887,0,0,0.0,0.003557,0.01178,0.6423
A010267,Automotriz,Metropolitana,1362048,852,0,0,0.0,0.005697,0.017497,0.4341
A010424,Consumo,Biobío,4911436,805,0,0,0.0,0.010697,0.034122,0.5893
A001304,Consumo,Metropolitana,517374,837,0,0,0.0,0.006968,0.018444,0.5809
A003728,Consumo,Otras,967004,906,0,0,0.0,0.002754,0.007381,0.7036
A002079,Consumo,Metropolitana,1896542,819,0,0,0.0,0.00887,0.026672,0.6834
A006802,Tarjeta,Valparaíso,3194593,865,0,6417928,0.4,0.004783,0.013137,0.7095
A014393,Consumo,Metropolitana,5813344,841,0,0,0.0,0.006604,0.021595,0.7043
A006992,Consumo,Biobío,868148,803,0,0,0.0,0.010987,0.023711,0.6913
A005293,Consumo,Metropolitana,828855,797,0,0,0.0,0.011904,0.029129,0.5909
A008687,Automotriz,Metropolitana,6366879,800,0,0,0.0,0.011436,0.031352,0.3862
A012374,Tarjeta,Otras,3211893,822,0,6186251,0.4,0.00852,0.028888,0.6426
A012169,Automotriz,Metropolitana,360021,844,0,0,0.0,0.006343,0.021272,0.4065
A001442,Consumo,Biobío,1874107,817,0,0,0.0,0.00911,0.022754,0.5293
A011998,Consumo,Valparaíso,3388709,514,96,0,0.0,0.355581,0.833738,0.6766
A014642,Consumo,Valparaíso,1112233,818,0,0,0.0,0.008989,0.024001,0.6186
A011956,Tarjeta,Otras,705691,774,42,670920,0.4,0.016173,0.053347,0.8121
A006877,Consumo,Biobío,3525079,883,0,0,0.0,0.003754,0.009463,0.54
A005025,Tarjeta,Biobío,592617,788,0,1018647,0.4,0.013423,0.044953,0.7321
A004692,Microempresa,Otras,287800,915,0,449376,0.4,0.00244,0.006187,0.6184
A010199,Automotriz,Otras,6604993,903,0,0,0.0,0.002868,0.009173,0.4168
A003432,Consumo,Metropolitana,4400277,809,0,0,0.0,0.01014,0.032873,0.6572
A003875,Consumo,Otras,1260132,788,38,0,0.0,0.013423,0.037961,0.6509
A002831,Consumo,Metropolitana,2701433,745,84,0,0.0,0.023748,0.076209,0.6039
A004979,Consumo,Otras,2138008,726,232,0,0.0,0.030488,0.073443,0.6889
A012844,Automotriz,Otras,3758999,906,0,0,0.0,0.002754,0.005827,0.3585
A014434,Microempresa,Metropolitana,2954346,574,181,2429845,0.4,0.19696,0.485752,0.5861
A010127,Consumo,Metropolitana,222776,776,51,0,0.0,0.015749,0.050357,0.6067
A004200,Consumo,Otras,3230992,685,90,0,0.0,0.051887,0.111283,0.568
A005420,Automotriz,Metropolitana,1384990,870,0,0,0.0,0.004472,0.011525,0.2782
A013400,Microempresa,Metropolitana,2606635,694,160,2034652,0.4,0.04622,0.107227,0.6243
A008030,Tarjeta,Metropolitana,2071709,838,0,4065351,0.4,0.006875,0.021795,0.7196
A001651,Automotriz,Metropolitana,1221817,788,1,0,0.0,0.013423,0.040297,0.4571
A007710,Consumo,Metropolitana,2486045,802,0,0,0.0,0.011135,0.037527,0.6417
A012709,Consumo,Metropolitana,882570,747,0,0,0.0,0.02313,0.050339,0.6863
A005372,Tarjeta,Metropolitana,2834480,725,0,2963505,0.4,0.03089,0.082334,0.6916
A012171,Automotriz,Metropolitana,2470775,684,122,0,0.0,0.052556,0.123292,0.3747
A007121,Consumo,Biobío,5661385,824,0,0,0.0,0.008295,0.026133,0.7071
A005714,Tarjeta,Otras,2863010,670,90,2890630,0.4,0.062814,0.178225,0.6679
A010884,Consumo,Metropolitana,109220,950,0,0,0.0,0.001522,0.003486,0.6133
A005920,Tarjeta,Metropolitana,676602,778,0,1332045,0.4,0.015335,0.034324,0.6953
A011198,Consumo,Metropolitana,865490,871,0,0,0.0,0.004412,0.012596,0.5957
A001154,Consumo,Metropolitana,709962,832,0,0,0.0,0.007451,0.023049,0.5364
A004789,Consumo,Metropolitana,2914399,809,0,0,0.0,0.01014,0.030885,0.5482
A003675,Consumo,Metropolitana,4112604,581,205,0,0.0,0.182426,0.419536,0.6338
A008870,Microempresa,Metropolitana,2365557,566,230,4666154,0.4,0.21462,0.481536,0.5469
A003282,Tarjeta,Valparaíso,161770,854,43,82295,0.4,0.005546,0.018012,0.814
A003172,Tarjeta,Metropolitana,490317,816,0,390079,0.4,0.009233,0.023648,0.7725
A014525,Tarjeta,Otras,3014668,639,115,1957636,0.4,0.092475,0.297496,0.7733
A008764,Consumo,Biobío,2023733,728,0,0,0.0,0.029699,0.068974,0.627
A003577,Consumo,Otras,577645,755,0,0,0.0,0.020809,0.059694,0.6197
A007923,Tarjeta,Valparaíso,1141979,815,21,2129995,0.4,0.009358,0.022312,0.6969
A002209,Microempresa,Metropolitana,2214427,784,0,4785708,0.4,0.014158,0.042923,0.4048
A011695,Consumo,Otras,1493596,930,0,0,0.0,0.001993,0.005949,0.699
A011288,Consumo,Metropolitana,4373487,859,0,0,0.0,0.005185,0.013116,0.5444
A004037,Consumo,Biobío,588318,903,0,0,0.0,0.002868,0.009453,0.5701
A010398,Microempresa,Metropolitana,2165542,755,19,2738857,0.4,0.020809,0.063123,0.5277
A011617,Consumo,Metropolitana,682101,855,0,0,0.0,0.005472,0.016973,0.5755
A010391,Consumo,Metropolitana,897334,865,0,0,0.0,0.004783,0.011171,0.612
A010923,Consumo,Valparaíso,1654822,920,0,0,0.0,0.00228,0.004824,0.6309
A011506,Consumo,Otras,2308806,614,37,0,0.0,0.124996,0.419078,0.6003
A006895,Tarjeta,Metropolitana,2326675,721,0,4649622,0.4,0.03255,0.100252,0.7677
A001782,Consumo,Valparaíso,7580468,849,0,0,0.0,0.005931,0.019042,0.6179
A002015,Consumo,Otras,1738688,852,0,0,0.0,0.005697,0.017299,0.5999
A013957,Tarjeta,Biobío,2682660,848,0,3479429,0.4,0.006011,0.014629,0.7416
A003349,Consumo,Otras,1366412,899,0,0,0.0,0.003027,0.010202,0.5731
A008635,Automotriz,Metropolitana,1405851,880,0,0,0.0,0.003909,0.013087,0.4051
A004816,Consumo,Metropolitana,1828305,844,65,0,0.0,0.006343,0.019101,0.6559
A008275,Consumo,Otras,7271109,809,0,0,0.0,0.01014,0.02634,0.6584
A007465,Tarjeta,Metropolitana,5724131,833,0,4980288,0.4,0.007352,0.021227,0.7494
A010354,Tarjeta,Biobío,2420217,842,0,3414248,0.4,0.006516,0.016318,0.6873
A013512,Tarjeta,Metropolitana,4177675,796,151,1990055,0.4,0.012064,0.029654,0.743
A003936,Tarjeta,Otras,678445,851,0,636317,0.4,0.005774,0.012785,0.7037
A000704,Consumo,Metropolitana,4328251,811,0,0,0.0,0.009872,0.028375,0.7134
A004704,Consumo,Metropolitana,1061394,914,0,0,0.0,0.002473,0.008074,0.6438
A001678,Consumo,Otras,2262679,817,31,0,0.0,0.00911,0.02725,0.5898
A006251,Microempresa,Valparaíso,5166764,819,90,5594590,0.4,0.00887,0.028395,0.5403
A005657,Consumo,Metropolitana,1687172,937,0,0,0.0,0.001813,0.004889,0.6719
A010427,Microempresa,Valparaíso,549370,863,0,208134,0.4,0.004914,0.016509,0.5906
A005311,Tarjeta,Metropolitana,2880355,801,0,4633826,0.4,0.011285,0.025993,0.7089
A006412,Tarjeta,Biobío,2769817,866,0,1889510,0.4,0.004719,0.010291,0.7105
A012194,Tarjeta,Metropolitana,799489,829,0,507477,0.4,0.007757,0.01661,0.6517
A005978,Automotriz,Otras,268498,883,46,0,0.0,0.003754,0.012061,0.3745
A012218,Microempresa,Metropolitana,3420650,925,59,1988133,0.4,0.002132,0.006877,0.5326
A010547,Tarjeta,Metropolitana,1157322,807,0,1522474,0.4,0.010415,0.031494,0.7258
A011882,Consumo,Biobío,2686517,818,0,0,0.0,0.008989,0.029504,0.6106
A004534,Consumo,Metropolitana,2123590,547,0,0,0.0,0.261046,0.740065,0.5636
A000027,Tarjeta,Metropolitana,3074583,729,240,3331862,0.4,0.029312,0.087468,0.5718
A008517,Automotriz,Metropolitana,1383175,819,0,0,0.0,0.00887,0.023445,0.297
A003477,Consumo,Otras,280204,862,0,0,0.0,0.00498,0.010611,0.6507
A000753,Tarjeta,Metropolitana,2106856,804,0,2260883,0.4,0.010841,0.034304,0.7682
A007937,Consumo,Metropolitana,324244,822,0,0,0.0,0.00852,0.025395,0.6133
A002945,Consumo,Biobío,2475154,659,130,0,0.0,0.072155,0.165843,0.6767
A006321,Microempresa,Metropolitana,9823650,896,0,16317635,0.4,0.003151,0.008034,0.6172
A011789,Automotriz,Metropolitana,1049152,851,64,0,0.0,0.005774,0.017883,0.4103
A012009,Consumo,Metropolitana,826497,732,0,0,0.0,0.02818,0.079192,0.5428
A006575,Consumo,Valparaíso,1169629,883,0,0,0.0,0.003754,0.008911,0.6416
A000209,Tarjeta,Metropolitana,1130613,787,9,2476993,0.4,0.013603,0.038544,0.675
A004608,Tarjeta,Metropolitana,461364,852,0,660029,0.4,0.005697,0.01327,0.6811
A010728,Tarjeta,Valparaíso,321177,876,0,600875,0.4,0.004125,0.01308,0.6865
A001207,Tarjeta,Metropolitana,4518475,877,0,8600538,0.4,0.00407,0.013438,0.7171
A005096,Automotriz,Metropolitana,2796167,794,0,0,0.0,0.01239,0.035266,0.4056
A011847,Tarjeta,Otras,2138317,778,0,4114553,0.4,0.015335,0.038389,0.7376
A003087,Consumo,Biobío,299675,782,0,0,0.0,0.01454,0.034317,0.6263
A009697,Consumo,Metropolitana,2772345,823,0,0,0.0,0.008407,0.017963,0.6512
A011013,Microempresa,Otras,610686,950,0,561655,0.4,0.001522,0.004021,0.5343
A009696,Automotriz,Otras,2931499,835,254,0,0.0,0.007157,0.017814,0.2654
A014173,Tarjeta,Biobío,1665632,826,0,2003114,0.4,0.008076,0.026105,0.7146
A011642,Consumo,Otras,445565,777,0,0,0.0,0.01554,0.039764,0.6041
A002282,Automotriz,Otras,356534,832,0,0,0.0,0.007451,0.02462,0.3558
A000921,Consumo,Metropolitana,919557,724,0,0,0.0,0.031297,0.080072,0.6818
A000406,Tarjeta,Otras,266988,826,0,234620,0.4,0.008076,0.023941,0.7583
A000306,Automotriz,Metropolitana,4079969,860,0,0,0.0,0.005116,0.012098,0.4524
A005646,Tarjeta,Otras,2445737,820,90,4576561,0.4,0.008752,0.022025,0.8025
A000554,Automotriz,Valparaíso,847862,844,0,0,0.0,0.006343,0.01381,0.2673
A001834,Consumo,Metropolitana,5714051,950,0,0,0.0,0.001522,0.004911,0.7501
A008561,Consumo,Otras,3843057,911,0,0,0.0,0.002575,0.005564,0.5733
A005840,Automotriz,Metropolitana,1726912,762,0,0,0.0,0.018966,0.048105,0.4221
A011894,Consumo,Biobío,1430326,800,0,0,0.0,0.011436,0.033635,0.6148
A013246,Microempresa,Otras,1228771,609,0,2445507,0.4,0.132575,0.311782,0.4992
A013279,Automotriz,Metropolitana,680850,853,0,0,0.0,0.005621,0.011945,0.391
A003677,Tarjeta,Metropolitana,4995271,807,0,7493942,0.4,0.010415,0.032391,0.711
A006709,Tarjeta,Metropolitana,533476,846,90,366190,0.4,0.006175,0.01829,0.6984
A007373,Consumo,Metropolitana,2147613,829,90,0,0.0,0.007757,0.016638,0.6023
A008149,Microempresa,Metropolitana,1113826,947,81,1071123,0.4,0.001584,0.005262,0.5373
A011077,Microempresa,Otras,913568,805,0,1849476,0.4,0.010697,0.030985,0.5052
A003021,Tarjeta,Otras,3096681,791,60,5952257,0.4,0.012896,0.040651,0.7151
A000655,Tarjeta,Metropolitana,2701553,888,0,5721505,0.4,0.00351,0.009643,0.7106
A011995,Tarjeta,Metropolitana,229685,812,0,204342,0.4,0.009741,0.022505,0.6371
A006595,Tarjeta,Metropolitana,1613136,865,0,3409437,0.4,0.004783,0.011618,0.6381
A013746,Consumo,Metropolitana,1064284,793,0,0,0.0,0.012557,0.028342,0.6062
A002435,Automotriz,Metropolitana,202566,879,0,0,0.0,0.003962,0.009669,0.4091
A009674,Consumo,Metropolitana,687278,850,0,0,0.0,0.005852,0.019303,0.6038
A003234,Consumo,Metropolitana,476682,885,0,0,0.0,0.003655,0.00943,0.5848
A005731,Automotriz,Valparaíso,1748687,831,0,0,0.0,0.007552,0.018029,0.4136
A003797,Consumo,Metropolitana,1703485,891,0,0,0.0,0.003371,0.009969,0.5724
A008205,Consumo,Otras,5562157,950,29,0,0.0,0.001522,0.004587,0.645
A000441,Consumo,Otras,1439801,950,56,0,0.0,0.001522,0.003323,0.5872
A007994,Consumo,Biobío,899950,794,0,0,0.0,0.01239,0.040648,0.5893
A001162,Consumo,Valparaíso,308147,925,0,0,0.0,0.002132,0.006276,0.6638
A000657,Consumo,Otras,2541065,780,0,0,0.0,0.014932,0.03498,0.6894
A003998,Automotriz,Metropolitana,8473447,846,169,0,0.0,0.006175,0.017765,0.383
A012599,Consumo,Valparaíso,2691877,889,61,0,0.0,0.003463,0.010728,0.5743
A003910,Consumo,Otras,2726260,825,0,0,0.0,0.008184,0.020817,0.5709
A010100,Consumo,Metropolitana,3586302,754,0,0,0.0,0.021086,0.048489,0.6429
A006394,Automotriz,Metropolitana,1138600,894,0,0,0.0,0.003237,0.009761,0.3551
A003878,Microempresa,Metropolitana,776202,747,0,1168107,0.4,0.02313,0.050756,0.5634
A012070,Consumo,Metropolitana,1032595,875,0,0,0.0,0.004181,0.011821,0.6547
A003660,Automotriz,Metropolitana,373986,849,0,0,0.0,0.005931,0.016529,0.2963
A013958,Microempresa,Metropolitana,2260404,891,0,1754764,0.4,0.003371,0.01137,0.5952
A010830,Consumo,Otras,522316,928,0,0,0.0,0.002047,0.0055,0.5277
A005932,Automotriz,Biobío,3926552,771,0,0,0.0,0.016831,0.040151,0.3087
A014032,Consumo,Biobío,4255541,724,90,0,0.0,0.031297,0.074624,0.619
A010316,Microempresa,Metropolitana,534276,786,0,246125,0.4,0.013785,0.040897,0.4899
A003766,Automotriz,Biobío,3108568,805,0,0,0.0,0.010697,0.035928,0.3556
A001145,Consumo,Metropolitana,985406,861,0,0,0.0,0.005048,0.01314,0.5591
A013021,Consumo,Biobío,1022781,913,0,0,0.0,0.002506,0.005786,0.6218
A008742,Consumo,Biobío,917621,664,0,0,0.0,0.06776,0.218402,0.6186
A006910,Tarjeta,Otras,635511,950,76,670183,0.4,0.001522,0.00468,0.6829
A013687,Consumo,Metropolitana,2249411,899,0,0,0.0,0.003027,0.007963,0.7577
A012592,Automotriz,Otras,3520113,908,0,0,0.0,0.002681,0.007109,0.3959
A013147,Automotriz,Metropolitana,431952,911,0,0,0.0,0.002575,0.006591,0.4219
A006403,Automotriz,Metropolitana,6549540,850,0,0,0.0,0.005852,0.016768,0.4413
A006864,Consumo,Biobío,2722669,860,0,0,0.0,0.005116,0.012101,0.6485
A009221,Consumo,Otras,3621158,868,0,0,0.0,0.004594,0.011423,0.544
A010955,Tarjeta,Biobío,2091718,669,154,749026,0.4,0.063614,0.169926,0.7364
A000183,Consumo,Otras,1076267,892,0,0,0.0,0.003326,0.007875,0.7334
A009859,Microempresa,Valparaíso,1617933,856,0,2780380,0.4,0.005399,0.011449,0.5616
A013194,Consumo,Metropolitana,778248,945,0,0,0.0,0.001628,0.004934,0.6648
A014594,Consumo,Biobío,1059837,843,0,0,0.0,0.006429,0.020944,0.6752
A012996,Automotriz,Metropolitana,750232,791,0,0,0.0,0.012896,0.041204,0.4341
A010814,Consumo,Biobío,368256,894,25,0,0.0,0.003237,0.007682,0.6759
A009608,Consumo,Metropolitana,520493,801,0,0,0.0,0.011285,0.035056,0.7084
A004046,Consumo,Metropolitana,1933282,950,0,0,0.0,0.001522,0.003257,0.6362
A004795,Consumo,Otras,1032264,815,0,0,0.0,0.009358,0.025671,0.6585
A014790,Consumo,Metropolitana,153197,742,0,0,0.0,0.024706,0.053375,0.6471
A001937,Consumo,Metropolitana,3719060,767,95,0,0.0,0.017749,0.049795,0.6332
A010505,Tarjeta,Metropolitana,1999923,787,0,3118059,0.4,0.013603,0.044578,0.7771
A004179,Tarjeta,Metropolitana,1436324,866,0,3002125,0.4,0.004719,0.014509,0.7474
A014060,Tarjeta,Metropolitana,3190437,874,0,6587926,0.4,0.004238,0.011415,0.6998
A000749,Tarjeta,Biobío,400985,755,0,342624,0.4,0.020809,0.0558,0.8463
A006429,Tarjeta,Biobío,3308656,740,0,3251844,0.4,0.025366,0.084717,0.6777
A002947,Consumo,Metropolitana,1853155,723,0,0,0.0,0.031709,0.078239,0.601
A013774,Tarjeta,Valparaíso,1471401,828,0,2542487,0.4,0.007862,0.017234,0.6814
A004572,Consumo,Metropolitana,4366076,859,3,0,0.0,0.005185,0.012322,0.6091
A006035,Consumo,Valparaíso,293768,854,0,0,0.0,0.005546,0.014707,0.6935
A007282,Automotriz,Valparaíso,1180307,888,3,0,0.0,0.00351,0.008086,0.4142
A011773,Microempresa,Metropolitana,1265055,896,0,1549515,0.4,0.003151,0.00731,0.5567
A004061,Automotriz,Otras,215701,875,0,0,0.0,0.004181,0.013904,0.3894
A007514,Tarjeta,Otras,417214,708,0,630708,0.4,0.03856,0.10354,0.6181
A012595,Consumo,Biobío,2180685,760,0,0,0.0,0.019476,0.04815,0.63
A013426,Consumo,Metropolitana,1466109,810,90,0,0.0,0.010005,0.03127,0.5941
A013948,Automotriz,Valparaíso,1125242,919,0,0,0.0,0.002311,0.005518,0.3707
A004592,Microempresa,Metropolitana,2722215,758,46,1323635,0.4,0.019999,0.048647,0.6629
A006358,Consumo,Otras,702072,940,0,0,0.0,0.001741,0.004294,0.5832
A012712,Microempresa,Metropolitana,1335662,872,0,2917765,0.4,0.004353,0.013584,0.5165
A005337,Tarjeta,Valparaíso,461182,819,19,467018,0.4,0.00887,0.020415,0.7001
A007068,Automotriz,Metropolitana,864498,790,80,0,0.0,0.013069,0.037249,0.4089
A002686,Consumo,Metropolitana,1554038,765,0,0,0.0,0.018226,0.045897,0.7369
A007745,Consumo,Metropolitana,106126,792,0,0,0.0,0.012725,0.026886,0.5641
A011391,Consumo,Metropolitana,267651,950,0,0,0.0,0.001522,0.003351,0.6184
A003889,Consumo,Valparaíso,1971942,783,0,0,0.0,0.014347,0.035922,0.5789
A007106,Consumo,Metropolitana,357783,950,0,0,0.0,0.001522,0.005082,0.5971
A005906,Tarjeta,Otras,1746879,857,0,1385297,0.4,0.005326,0.013734,0.69
A006668,Microempresa,Otras,4376624,727,0,8126318,0.4,0.030091,0.081687,0.5705
A011672,Automotriz,Otras,1796690,790,16,0,0.0,0.013069,0.044309,0.4031
A012679,Consumo,Otras,683829,796,0,0,0.0,0.012064,0.033482,0.5914
A008123,Consumo,Otras,2853531,810,0,0,0.0,0.010005,0.032466,0.6056
A011449,Tarjeta,Otras,2986413,693,152,5049210,0.4,0.046819,0.11091,0.7901
A005460,Consumo,Valparaíso,2566008,897,0,0,0.0,0.003109,0.009911,0.6257
A007430,Microempresa,Otras,2200489,898,90,2228178,0.4,0.003068,0.006918,0.5823
A009988,Tarjeta,Metropolitana,5576333,838,0,3006325,0.4,0.006875,0.020559,0.7061
A006669,Consumo,Valparaíso,1643074,787,0,0,0.0,0.013603,0.033063,0.6881
A000145,Tarjeta,Valparaíso,3897687,733,52,8272728,0.4,0.027813,0.091098,0.7453
A001100,Microempresa,Biobío,7343468,905,0,3891889,0.4,0.002792,0.005921,0.5796
A000128,Consumo,Metropolitana,823591,904,0,0,0.0,0.002829,0.007706,0.6185
A005812,Microempresa,Otras,2887881,894,0,2439126,0.4,0.003237,0.009316,0.5824
A014544,Consumo,Otras,3849983,860,0,0,0.0,0.005116,0.011886,0.6765
A013842,Tarjeta,Valparaíso,1648644,580,0,1043247,0.4,0.18445,0.396531,0.7276
A014057,Consumo,Metropolitana,5725114,950,0,0,0.0,0.001522,0.003757,0.7004
A002595,Consumo,Otras,1221361,738,0,0,0.0,0.026043,0.086076,0.7384
A002410,Tarjeta,Metropolitana,1091517,743,0,847159,0.4,0.024383,0.080145,0.7132
A012585,Consumo,Metropolitana,920763,899,0,0,0.0,0.003027,0.007459,0.6569
A006019,Consumo,Otras,2679276,830,0,0,0.0,0.007654,0.022382,0.5977
A010257,Consumo,Metropolitana,5787151,805,0,0,0.0,0.010697,0.028977,0.6048
A006786,Consumo,Otras,2401402,950,0,0,0.0,0.001522,0.00379,0.5101
A002782,Tarjeta,Valparaíso,1982280,743,0,1241301,0.4,0.024383,0.053265,0.6853
A012681,Tarjeta,Metropolitana,10237209,819,137,6557093,0.4,0.00887,0.021301,0.7459
A001756,Microempresa,Biobío,1754417,888,0,1276996,0.4,0.00351,0.009405,0.6064
A006489,Automotriz,Metropolitana,281566,822,0,0,0.0,0.00852,0.02663,0.4519
A002815,Consumo,Biobío,1105171,819,0,0,0.0,0.00887,0.020055,0.5307
A005499,Consumo,Metropolitana,4960652,895,0,0,0.0,0.003194,0.009117,0.6283
A009318,Consumo,Biobío,1736369,725,0,0,0.0,0.03089,0.097843,0.6365
A001210,Consumo,Valparaíso,1007285,864,62,0,0.0,0.004848,0.015953,0.5858
A000315,Consumo,Valparaíso,173649,889,0,0,0.0,0.003463,0.011659,0.6531
A005148,Consumo,Metropolitana,1319811,906,0,0,0.0,0.002754,0.00808,0.6447
A010234,Consumo,Otras,2457171,655,0,0,0.0,0.075858,0.170748,0.6575
A008692,Consumo,Otras,549058,839,0,0,0.0,0.006783,0.017484,0.6237
A013385,Microempresa,Biobío,3014050,882,0,1975993,0.4,0.003805,0.009961,0.6315
A014545,Tarjeta,Otras,3843715,934,0,6181874,0.4,0.001888,0.006416,0.6727
A011509,Consumo,Otras,2631967,703,0,0,0.0,0.041145,0.094814,0.6133
A001700,Tarjeta,Metropolitana,3045242,840,0,6413967,0.4,0.006693,0.019639,0.7931
A008025,Tarjeta,Valparaíso,3237351,842,0,3854825,0.4,0.006516,0.020127,0.6469
A014583,Tarjeta,Metropolitana,616604,847,33,773076,0.4,0.006092,0.016156,0.6741
A012896,Tarjeta,Biobío,1411448,864,0,3043342,0.4,0.004848,0.015842,0.702
A012782,Consumo,Metropolitana,282286,834,20,0,0.0,0.007254,0.015237,0.6051
A000634,Automotriz,Metropolitana,1440578,727,0,0,0.0,0.030091,0.064486,0.3459
A010780,Consumo,Metropolitana,1271165,825,0,0,0.0,0.008184,0.020944,0.605
A001787,Consumo,Otras,3281944,688,0,0,0.0,0.049928,0.154987,0.617
A000949,Consumo,Metropolitana,3162712,864,0,0,0.0,0.004848,0.015399,0.6018
A011716,Consumo,Metropolitana,1466681,682,0,0,0.0,0.053918,0.134401,0.6428
A011766,Automotriz,Metropolitana,3125000,904,0,0,0.0,0.002829,0.009092,0.3142
A013604,Tarjeta,Metropolitana,631538,900,0,589494,0.4,0.002986,0.009422,0.7076
A000872,Consumo,Biobío,2624723,893,0,0,0.0,0.003281,0.010463,0.5689
A014732,Tarjeta,Valparaíso,1416949,778,0,891271,0.4,0.015335,0.036712,0.7758
A000730,Consumo,Biobío,437780,856,0,0,0.0,0.005399,0.01395,0.6028
A009431,Consumo,Metropolitana,87343,901,0,0,0.0,0.002946,0.008459,0.6782
A004615,Automotriz,Biobío,325661,731,0,0,0.0,0.028553,0.086778,0.4694
A012741,Automotriz,Metropolitana,4002754,864,0,0,0.0,0.004848,0.015324,0.3733
A010913,Microempresa,Metropolitana,629018,749,0,818837,0.4,0.022527,0.06517,0.5732
A001354,Consumo,Metropolitana,2202071,923,0,0,0.0,0.00219,0.007266,0.6565
A012438,Consumo,Otras,2516744,849,0,0,0.0,0.005931,0.018198,0.5589
A002089,Microempresa,Metropolitana,4502465,950,0,2248977,0.4,0.001522,0.00474,0.634
A013500,Microempresa,Metropolitana,1756453,826,0,693882,0.4,0.008076,0.020297,0.473
A014665,Consumo,Valparaíso,4815643,866,61,0,0.0,0.004719,0.011045,0.6006
A001704,Microempresa,Valparaíso,1989174,802,0,2915017,0.4,0.011135,0.02434,0.6095
A004851,Tarjeta,Biobío,833872,872,0,690631,0.4,0.004353,0.012407,0.8141
A007002,Consumo,Otras,1541476,759,0,0,0.0,0.019735,0.063411,0.6153
A011161,Tarjeta,Valparaíso,1687025,793,0,2297532,0.4,0.012557,0.030949,0.7141
A003418,Automotriz,Otras,693915,872,0,0,0.0,0.004353,0.011382,0.3994
A009077,Consumo,Metropolitana,3181601,768,90,0,0.0,0.017515,0.042251,0.6184
A007398,Consumo,Metropolitana,1499465,837,0,0,0.0,0.006968,0.020329,0.5775
A008815,Consumo,Metropolitana,169914,884,0,0,0.0,0.003704,0.009774,0.5801
A010833,Automotriz,Biobío,1720048,779,0,0,0.0,0.015132,0.049884,0.4829
A010102,Tarjeta,Metropolitana,3876575,809,0,7470629,0.4,0.01014,0.030522,0.7127
A003363,Tarjeta,Metropolitana,1197568,814,0,683591,0.4,0.009484,0.030713,0.6922
A010651,Tarjeta,Metropolitana,245170,826,0,512453,0.4,0.008076,0.021485,0.7061
A001201,Automotriz,Biobío,1240748,902,0,0,0.0,0.002907,0.009623,0.4694
A006603,Tarjeta,Otras,1673323,724,0,804532,0.4,0.031297,0.085135,0.7793
A008703,Microempresa,Biobío,886087,643,0,1185454,0.4,0.088037,0.251239,0.4377
A001068,Tarjeta,Valparaíso,1836195,873,0,2738485,0.4,0.004295,0.010382,0.6704
A000996,Tarjeta,Metropolitana,855987,912,90,1285783,0.4,0.00254,0.007577,0.792
A006311,Tarjeta,Valparaíso,1454889,771,176,3092972,0.4,0.016831,0.037455,0.7328
A009840,Consumo,Metropolitana,3727799,761,0,0,0.0,0.019219,0.041922,0.7141
A010513,Consumo,Valparaíso,2870686,668,0,0,0.0,0.064424,0.155865,0.6801
A000674,Consumo,Metropolitana,1738654,847,0,0,0.0,0.006092,0.01924,0.5722
A003711,Automotriz,Valparaíso,696949,889,0,0,0.0,0.003463,0.010321,0.3436
A003397,Consumo,Otras,596660,950,0,0,0.0,0.001522,0.004117,0.5983
A014582,Tarjeta,Valparaíso,4662968,700,0,9733268,0.4,0.042774,0.136807,0.7475
A014194,Automotriz,Metropolitana,1468953,761,0,0,0.0,0.019219,0.06226,0.4713
A014781,Tarjeta,Valparaíso,2489151,677,202,4227159,0.4,0.05747,0.170209,0.7723
A002009,Consumo,Biobío,1501705,768,0,0,0.0,0.017515,0.041144,0.6072
A006295,Automotriz,Metropolitana,4996175,950,0,0,0.0,0.001522,0.003253,0.3455
A006763,Consumo,Metropolitana,1556484,907,12,0,0.0,0.002717,0.007202,0.7236
A005610,Consumo,Valparaíso,2321353,709,0,0,0.0,0.038062,0.099601,0.6835
A011929,Microempresa,Metropolitana,205834,798,0,255547,0.4,0.011746,0.030789,0.5185
A000927,Tarjeta,Otras,5103301,615,0,10447096,0.4,0.123526,0.300534,0.7806
A005742,Tarjeta,Biobío,287302,723,0,462010,0.4,0.031709,0.100732,0.7591
A001550,Tarjeta,Metropolitana,221241,890,0,89732,0.4,0.003417,0.00759,0.6866
A001073,Tarjeta,Valparaíso,1462579,818,34,2367115,0.4,0.008989,0.022966,0.6842
A001873,Tarjeta,Metropolitana,1114459,766,0,420792,0.4,0.017986,0.040133,0.7209
A012562,Consumo,Metropolitana,2134386,711,90,0,0.0,0.037085,0.079209,0.5928
A010324,Consumo,Biobío,4418919,785,0,0,0.0,0.01397,0.035985,0.7044
A007384,Consumo,Metropolitana,1798481,798,0,0,0.0,0.011746,0.025609,0.599
A001819,Consumo,Otras,3561167,836,0,0,0.0,0.007062,0.021641,0.6667
A003353,Consumo,Metropolitana,937418,939,0,0,0.0,0.001765,0.005647,0.5327
A003054,Consumo,Otras,957894,797,12,0,0.0,0.011904,0.038516,0.6153
A002188,Tarjeta,Valparaíso,549544,902,0,1118014,0.4,0.002907,0.009693,0.7306
A000535,Tarjeta,Metropolitana,348042,894,0,656794,0.4,0.003237,0.010926,0.7549
A002995,Tarjeta,Otras,4275081,692,110,3399666,0.4,0.047426,0.151888,0.6772
A002860,Consumo,Metropolitana,1244936,950,0,0,0.0,0.001522,0.003267,0.5401
A012018,Tarjeta,Metropolitana,382053,873,0,294728,0.4,0.004295,0.013827,0.6378
A011723,Consumo,Valparaíso,1450350,863,27,0,0.0,0.004914,0.014015,0.6295
A006881,Microempresa,Valparaíso,2820049,926,0,3288551,0.4,0.002103,0.005095,0.5095
A005247,Consumo,Valparaíso,2142485,858,0,0,0.0,0.005255,0.014725,0.61
A004426,Tarjeta,Otras,2316150,817,147,4574796,0.4,0.00911,0.02343,0.6552
A003730,Tarjeta,Otras,4064331,852,0,7555324,0.4,0.005697,0.015121,0.6983
A010299,Consumo,Metropolitana,1453683,832,0,0,0.0,0.007451,0.021753,0.533
A009309,Consumo,Metropolitana,1169507,673,0,0,0.0,0.060469,0.162946,0.5992
A000776,Tarjeta,Metropolitana,451570,838,84,983579,0.4,0.006875,0.02011,0.7251
A013035,Consumo,Metropolitana,2685006,818,120,0,0.0,0.008989,0.020759,0.5965
A014927,Automotriz,Metropolitana,858744,772,155,0,0.0,0.016609,0.055105,0.385
A008409,Microempresa,Otras,5210644,950,0,5701191,0.4,0.001522,0.00355,0.5484
A008667,Consumo,Metropolitana,3266037,766,0,0,0.0,0.017986,0.04999,0.6716
A011355,Tarjeta,Valparaíso,1618241,901,0,2089341,0.4,0.002946,0.007708,0.6614
A004620,Consumo,Metropolitana,604613,851,0,0,0.0,0.005774,0.014858,0.6553
A004081,Consumo,Otras,590018,886,0,0,0.0,0.003606,0.010133,0.6142
A003532,Consumo,Metropolitana,2549292,878,0,0,0.0,0.004016,0.011487,0.5634
A001305,Consumo,Valparaíso,4154826,939,0,0,0.0,0.001765,0.003877,0.6489
A011026,Tarjeta,Metropolitana,1108557,804,0,1365575,0.4,0.010841,0.028185,0.6905
A004147,Consumo,Valparaíso,2253246,743,0,0,0.0,0.024383,0.070122,0.5591
A009550,Automotriz,Biobío,533179,794,0,0,0.0,0.01239,0.027403,0.3777
A008482,Consumo,Metropolitana,998113,882,0,0,0.0,0.003805,0.009341,0.6416
A005818,Consumo,Otras,3704073,859,0,0,0.0,0.005185,0.011111,0.7022
A002826,Consumo,Otras,1359413,910,0,0,0.0,0.00261,0.008819,0.5623
A011245,Consumo,Valparaíso,6983139,833,82,0,0.0,0.007352,0.024747,0.6518
A012576,Microempresa,Otras,1012332,839,0,498383,0.4,0.006783,0.021138,0.6005
A014838,Consumo,Metropolitana,5719145,677,108,0,0.0,0.05747,0.124604,0.4665
A006596,Consumo,Metropolitana,551209,707,0,0,0.0,0.039064,0.086469,0.6523
A012856,Tarjeta,Otras,1376463,849,0,1991435,0.4,0.005931,0.019483,0.6858
A003953,Microempresa,Otras,1305390,784,0,1235463,0.4,0.014158,0.03048,0.5746
A007761,Consumo,Otras,185229,906,0,0,0.0,0.002754,0.007809,0.7072
A009119,Consumo,Valparaíso,2979675,647,30,0,0.0,0.083793,0.262429,0.6411
A003261,Consumo,Valparaíso,2205176,901,63,0,0.0,0.002946,0.007896,0.6191
A002958,Consumo,Metropolitana,6558094,822,141,0,0.0,0.00852,0.024023,0.5911
A007387,Consumo,Metropolitana,356663,894,0,0,0.0,0.003237,0.006868,0.6683
A011206,Tarjeta,Otras,1243430,840,0,1314000,0.4,0.006693,0.019542,0.6773
A005356,Consumo,Otras,1059866,950,15,0,0.0,0.001522,0.004426,0.651
A004759,Consumo,Otras,1808769,754,0,0,0.0,0.021086,0.050045,0.6535
A002307,Tarjeta,Metropolitana,774434,781,0,1428673,0.4,0.014735,0.047982,0.74
A013632,Consumo,Metropolitana,5001886,561,104,0,0.0,0.226229,0.584658,0.593
A003444,Consumo,Biobío,812513,783,0,0,0.0,0.014347,0.038514,0.6184
A004616,Consumo,Metropolitana,906768,904,0,0,0.0,0.002829,0.009521,0.5463
A010481,Tarjeta,Metropolitana,2582043,873,0,2452350,0.4,0.004295,0.013437,0.7818
A013392,Microempresa,Valparaíso,210189,882,0,113693,0.4,0.003805,0.011916,0.5131
A003476,Consumo,Biobío,2211585,807,0,0,0.0,0.010415,0.024823,0.6498
A013628,Automotriz,Metropolitana,4307117,950,0,0,0.0,0.001522,0.003236,0.4557
A014248,Consumo,Metropolitana,1325655,784,0,0,0.0,0.014158,0.035251,0.6719
A010556,Tarjeta,Metropolitana,2211295,507,90,1314022,0.4,0.377541,0.97,0.6438
A004612,Consumo,Otras,1114829,892,19,0,0.0,0.003326,0.010595,0.6232
A007995,Consumo,Otras,720446,803,0,0,0.0,0.010987,0.025134,0.6827
A006297,Automotriz,Metropolitana,1034018,857,0,0,0.0,0.005326,0.017196,0.4443
A004984,Automotriz,Metropolitana,3344286,868,0,0,0.0,0.004594,0.011771,0.3667
A010445,Tarjeta,Metropolitana,4781588,820,0,9752452,0.4,0.008752,0.029346,0.7423
A001206,Consumo,Metropolitana,2114388,788,0,0,0.0,0.013423,0.030484,0.6747
A005648,Tarjeta,Metropolitana,657151,763,2,489928,0.4,0.018716,0.060729,0.6756
A013644,Consumo,Metropolitana,3067888,826,0,0,0.0,0.008076,0.026268,0.6271
A000149,Tarjeta,Metropolitana,288303,836,80,467136,0.4,0.007062,0.01796,0.6559
A000993,Consumo,Metropolitana,1069294,861,0,0,0.0,0.005048,0.012639,0.6056
A010782,Tarjeta,Metropolitana,1504500,870,0,838829,0.4,0.004472,0.011575,0.668
A001353,Consumo,Metropolitana,272993,946,43,0,0.0,0.001606,0.004114,0.632
A013899,Consumo,Valparaíso,3783893,749,0,0,0.0,0.022527,0.058186,0.6147
A003010,Consumo,Metropolitana,1431327,825,0,0,0.0,0.008184,0.026392,0.6126
A005189,Consumo,Metropolitana,3218181,870,0,0,0.0,0.004472,0.014361,0.676
A011080,Consumo,Metropolitana,1934911,601,0,0,0.0,0.145509,0.33947,0.6216
A009261,Tarjeta,Otras,2593428,659,0,1419244,0.4,0.072155,0.177868,0.7166
A005720,Consumo,Metropolitana,6302610,786,0,0,0.0,0.013785,0.043839,0.6252
A007239,Microempresa,Metropolitana,4117872,950,0,3176567,0.4,0.001522,0.003298,0.5311
A012195,Tarjeta,Metropolitana,2962993,677,206,5119476,0.4,0.05747,0.159384,0.7942
A005651,Automotriz,Metropolitana,2638712,473,212,0,0.0,0.489866,0.97,0.4136
A002383,Microempresa,Metropolitana,2457185,796,51,4942195,0.4,0.012064,0.036154,0.5577
A002509,Consumo,Metropolitana,4155640,761,90,0,0.0,0.019219,0.048166,0.5587
A010051,Consumo,Valparaíso,833366,892,0,0,0.0,0.003326,0.009035,0.6568
A008166,Tarjeta,Metropolitana,320708,824,0,437653,0.4,0.008295,0.020253,0.6713
A006940,Consumo,Metropolitana,1935186,831,0,0,0.0,0.007552,0.01862,0.5353
A009907,Microempresa,Valparaíso,1992815,847,13,2655460,0.4,0.006092,0.018592,0.5033
A014036,Consumo,Biobío,301054,858,0,0,0.0,0.005255,0.012626,0.6482
A009883,Automotriz,Otras,242559,701,0,0,0.0,0.042224,0.093228,0.4702
A006468,Consumo,Metropolitana,1996037,839,0,0,0.0,0.006783,0.022987,0.6089
A010486,Automotriz,Otras,325755,849,0,0,0.0,0.005931,0.019805,0.4483
A004823,Tarjeta,Metropolitana,1481184,869,0,2484611,0.4,0.004533,0.01263,0.6515
A010152,Automotriz,Metropolitana,1849580,831,0,0,0.0,0.007552,0.020199,0.3369
A002356,Tarjeta,Metropolitana,3468880,875,0,7375506,0.4,0.004181,0.010308,0.7237
A010183,Tarjeta,Metropolitana,678931,896,0,592110,0.4,0.003151,0.009085,0.6617
A013483,Tarjeta,Otras,671388,742,0,985516,0.4,0.024706,0.078533,0.6976
A013730,Consumo,Otras,411755,902,0,0,0.0,0.002907,0.009877,0.5543
A004326,Microempresa,Biobío,2662475,764,0,4836771,0.4,0.01847,0.041944,0.6053
A004936,Tarjeta,Metropolitana,3787032,699,0,8230547,0.4,0.043331,0.098346,0.7061
A012613,Consumo,Metropolitana,4738068,726,0,0,0.0,0.030488,0.098754,0.6412
A013791,Automotriz,Metropolitana,1711769,807,0,0,0.0,0.010415,0.031404,0.4008
A008433,Tarjeta,Metropolitana,1447369,714,0,3063273,0.4,0.035664,0.109166,0.7342
A004561,Automotriz,Metropolitana,1305104,791,75,0,0.0,0.012896,0.034951,0.4242
A012090,Consumo,Otras,2001151,950,0,0,0.0,0.001522,0.004683,0.6819
A000588,Tarjeta,Otras,450665,859,0,501769,0.4,0.005185,0.015368,0.7212
A006007,Microempresa,Metropolitana,935287,945,0,1008405,0.4,0.001628,0.004828,0.5525
A007095,Tarjeta,Otras,4725456,739,82,3092462,0.4,0.025702,0.05769,0.6956
A006933,Tarjeta,Valparaíso,1307052,828,0,1467139,0.4,0.007862,0.020549,0.7052
A003492,Tarjeta,Biobío,1098918,811,90,1669825,0.4,0.009872,0.032898,0.7925
A008595,Tarjeta,Valparaíso,1121333,819,0,1614253,0.4,0.00887,0.021442,0.7568
A007778,Microempresa,Metropolitana,510757,806,0,241474,0.4,0.010555,0.026681,0.5855
A001243,Consumo,Metropolitana,1727042,783,0,0,0.0,0.014347,0.048411,0.6574
A001372,Tarjeta,Metropolitana,5645053,888,0,12101643,0.4,0.00351,0.010014,0.6442
A004465,Tarjeta,Otras,1758970,905,0,1534622,0.4,0.002792,0.007736,0.6421
A005991,Consumo,Metropolitana,992929,911,0,0,0.0,0.002575,0.008576,0.6274
A008975,Tarjeta,Otras,2212049,736,128,3740176,0.4,0.026737,0.075066,0.6611
A008472,Tarjeta,Metropolitana,2922761,820,0,5339827,0.4,0.008752,0.023507,0.7032
A002180,Consumo,Valparaíso,2090841,793,0,0,0.0,0.012557,0.026388,0.6236
A003253,Tarjeta,Metropolitana,2051984,734,0,1021459,0.4,0.02745,0.080053,0.7779
A005862,Microempresa,Metropolitana,2250682,876,12,1453758,0.4,0.004125,0.008815,0.4608
A007328,Consumo,Metropolitana,365922,840,0,0,0.0,0.006693,0.021277,0.6736
A013619,Consumo,Otras,1617896,941,0,0,0.0,0.001718,0.003965,0.7865
A006671,Consumo,Otras,1314165,850,0,0,0.0,0.005852,0.016911,0.6529
A004481,Consumo,Valparaíso,3310444,695,94,0,0.0,0.045628,0.153421,0.592
A003105,Consumo,Otras,8432028,836,0,0,0.0,0.007062,0.019966,0.6826
A008873,Consumo,Metropolitana,636326,834,90,0,0.0,0.007254,0.023883,0.5873
A007110,Consumo,Metropolitana,1269187,936,0,0,0.0,0.001838,0.005454,0.6103
A005135,Automotriz,Metropolitana,1976937,739,0,0,0.0,0.025702,0.066235,0.4762
A006071,Consumo,Metropolitana,1580470,906,0,0,0.0,0.002754,0.007372,0.5749
A001949,Consumo,Metropolitana,441458,885,35,0,0.0,0.003655,0.012189,0.5721
A009257,Automotriz,Metropolitana,2332443,767,45,0,0.0,0.017749,0.041048,0.3794
A010768,Tarjeta,Valparaíso,103363,885,0,193069,0.4,0.003655,0.008783,0.6839
A004293,Consumo,Metropolitana,1720492,950,0,0,0.0,0.001522,0.003435,0.6564
A002343,Consumo,Metropolitana,639871,810,0,0,0.0,0.010005,0.029865,0.686
A000428,Consumo,Valparaíso,256151,822,0,0,0.0,0.00852,0.028639,0.6848
A002685,Consumo,Valparaíso,1061241,764,0,0,0.0,0.01847,0.056996,0.651
A007652,Microempresa,Metropolitana,2471944,922,0,3203236,0.4,0.00222,0.005977,0.4941
A009430,Automotriz,Metropolitana,2074541,835,90,0,0.0,0.007157,0.015076,0.2756
A003204,Tarjeta,Otras,787274,880,0,1461471,0.4,0.003909,0.012708,0.7714
A000988,Automotriz,Otras,4008714,877,0,0,0.0,0.00407,0.009773,0.3235
A006607,Tarjeta,Valparaíso,1094321,849,0,875122,0.4,0.005931,0.016031,0.7551
A008402,Consumo,Metropolitana,399734,933,0,0,0.0,0.001914,0.006493,0.6625
A002268,Tarjeta,Biobío,1660178,832,0,1670538,0.4,0.007451,0.021488,0.6463
A006838,Consumo,Valparaíso,159203,832,0,0,0.0,0.007451,0.021979,0.5545
A008683,Tarjeta,Otras,6352847,871,181,11030322,0.4,0.004412,0.013179,0.7437
A007425,Consumo,Biobío,2098095,682,0,0,0.0,0.053918,0.119736,0.6587
A004485,Microempresa,Metropolitana,2433177,737,0,2035984,0.4,0.026388,0.077123,0.6106
A007233,Tarjeta,Metropolitana,3294777,800,27,3915697,0.4,0.011436,0.037186,0.7114
A000498,Consumo,Otras,611527,825,0,0,0.0,0.008184,0.02421,0.5812
A002883,Consumo,Otras,590851,906,0,0,0.0,0.002754,0.00844,0.6178
A006128,Automotriz,Valparaíso,2956103,836,0,0,0.0,0.007062,0.021061,0.3895
A009902,Tarjeta,Otras,1085305,855,0,1247886,0.4,0.005472,0.013079,0.6739
A000375,Consumo,Metropolitana,2427009,902,0,0,0.0,0.002907,0.009523,0.6757
A003291,Tarjeta,Valparaíso,630274,856,0,649283,0.4,0.005399,0.01379,0.8116
A005412,Consumo,Otras,1302648,775,105,0,0.0,0.015959,0.035808,0.526
A005994,Tarjeta,Metropolitana,909404,743,14,626930,0.4,0.024383,0.055655,0.7246
A008931,Consumo,Metropolitana,1186370,925,0,0,0.0,0.002132,0.006771,0.644
A008541,Automotriz,Biobío,1442747,853,0,0,0.0,0.005621,0.017786,0.3932
A009007,Consumo,Biobío,1230017,946,74,0,0.0,0.001606,0.003828,0.6119
A014726,Consumo,Otras,1315767,820,0,0,0.0,0.008752,0.020066,0.5804
A001380,Tarjeta,Metropolitana,373590,919,0,266525,0.4,0.002311,0.007204,0.7599
A014196,Automotriz,Metropolitana,1064620,950,0,0,0.0,0.001522,0.003348,0.2956
A006124,Consumo,Metropolitana,723526,871,15,0,0.0,0.004412,0.011142,0.7132
A001992,Consumo,Metropolitana,2793524,903,0,0,0.0,0.002868,0.008028,0.5654
A001507,Consumo,Metropolitana,2931085,662,90,0,0.0,0.069487,0.185869,0.602
A002415,Consumo,Otras,255797,927,0,0,0.0,0.002075,0.00676,0.6729
A001689,Automotriz,Metropolitana,5469130,925,0,0,0.0,0.002132,0.005833,0.3619
A004091,Automotriz,Biobío,347389,926,0,0,0.0,0.002103,0.004939,0.4038
A000510,Consumo,Otras,990158,794,0,0,0.0,0.01239,0.040793,0.6063
A012997,Automotriz,Metropolitana,2958466,732,110,0,0.0,0.02818,0.06766,0.3939
A002604,Consumo,Otras,624996,835,0,0,0.0,0.007157,0.021613,0.5485
A000693,Consumo,Metropolitana,1187591,839,63,0,0.0,0.006783,0.019576,0.6446
A011343,Automotriz,Valparaíso,581841,790,8,0,0.0,0.013069,0.043599,0.3018
A009438,Microempresa,Metropolitana,946547,859,0,359041,0.4,0.005185,0.01758,0.5227
A006170,Consumo,Metropolitana,1478478,873,0,0,0.0,0.004295,0.011334,0.4881
A012841,Microempresa,Valparaíso,805862,849,0,983336,0.4,0.005931,0.014763,0.5238
A002640,Tarjeta,Otras,2738598,888,0,3022009,0.4,0.00351,0.009175,0.7772
A005087,Automotriz,Metropolitana,569004,880,0,0,0.0,0.003909,0.009137,0.343
A003498,Tarjeta,Metropolitana,1380649,818,53,2336592,0.4,0.008989,0.024123,0.6835
A003006,Tarjeta,Biobío,1146037,903,0,1487726,0.4,0.002868,0.009173,0.8262
A002482,Consumo,Metropolitana,372289,889,0,0,0.0,0.003463,0.011343,0.7243
A010888,Consumo,Metropolitana,2469204,839,0,0,0.0,0.006783,0.019113,0.6563
A002708,Microempresa,Metropolitana,1347137,887,44,2280101,0.4,0.003557,0.009659,0.549
A012117,Consumo,Biobío,5678282,698,0,0,0.0,0.043894,0.141252,0.6271
A004101,Tarjeta,Metropolitana,362388,758,0,787587,0.4,0.019999,0.045873,0.5722
A013971,Microempresa,Biobío,4575297,812,108,2298953,0.4,0.009741,0.021795,0.5113
A008351,Consumo,Otras,495063,903,0,0,0.0,0.002868,0.007014,0.5796
A000111,Consumo,Metropolitana,784657,889,0,0,0.0,0.003463,0.009737,0.683
A014708,Automotriz,Biobío,472622,835,0,0,0.0,0.007157,0.020616,0.4445
A001545,Consumo,Valparaíso,4072149,781,90,0,0.0,0.014735,0.038917,0.6838
A006061,Consumo,Biobío,377001,950,0,0,0.0,0.001522,0.003526,0.6184
A004891,Consumo,Metropolitana,981926,709,0,0,0.0,0.038062,0.092884,0.631
A013759,Tarjeta,Metropolitana,997593,950,0,1347511,0.4,0.001522,0.003999,0.8161
A010032,Consumo,Otras,1960515,809,0,0,0.0,0.01014,0.0293,0.5868
A002542,Automotriz,Metropolitana,784847,751,0,0,0.0,0.021939,0.072678,0.31
A014291,Consumo,Otras,1133277,730,0,0,0.0,0.02893,0.064937,0.6428
A005568,Consumo,Metropolitana,1090038,771,0,0,0.0,0.016831,0.040851,0.6453
A009985,Tarjeta,Metropolitana,2546161,848,18,4041803,0.4,0.006011,0.012718,0.716
A014895,Consumo,Metropolitana,1207787,935,0,0,0.0,0.001863,0.004299,0.6274
A004334,Consumo,Metropolitana,1284297,711,0,0,0.0,0.037085,0.122454,0.629
A002880,Tarjeta,Otras,1277221,814,0,1645198,0.4,0.009484,0.021531,0.7858
A002962,Automotriz,Biobío,953613,856,0,0,0.0,0.005399,0.013743,0.3655
A012489,Consumo,Otras,1924713,821,0,0,0.0,0.008635,0.027397,0.6826
A011857,Consumo,Biobío,713354,945,0,0,0.0,0.001628,0.005492,0.6562
A001555,Automotriz,Valparaíso,1088843,706,0,0,0.0,0.039575,0.132764,0.4114
A004056,Microempresa,Valparaíso,1317767,892,0,1757564,0.4,0.003326,0.009398,0.5056
A003316,Microempresa,Otras,473601,751,13,810092,0.4,0.021939,0.058987,0.5366
A011504,Automotriz,Metropolitana,959166,905,0,0,0.0,0.002792,0.008209,0.3587
A003081,Tarjeta,Metropolitana,1728710,779,0,1993255,0.4,0.015132,0.044944,0.7337
A010056,Microempresa,Otras,658200,843,0,1010904,0.4,0.006429,0.01453,0.5958
A009400,Tarjeta,Valparaíso,344468,798,0,660544,0.4,0.011746,0.039594,0.7696
A003016,Consumo,Metropolitana,456152,784,0,0,0.0,0.014158,0.041439,0.6294
A011872,Microempresa,Metropolitana,2979552,927,0,4913436,0.4,0.002075,0.004988,0.5651
A013243,Consumo,Otras,573562,780,0,0,0.0,0.014932,0.047834,0.6004
A011215,Consumo,Valparaíso,1121836,840,0,0,0.0,0.006693,0.015914,0.5897
A000369,Automotriz,Metropolitana,529832,808,0,0,0.0,0.010276,0.027032,0.3489
A011221,Automotriz,Metropolitana,1913415,727,138,0,0.0,0.030091,0.09037,0.4252
A003738,Automotriz,Otras,492016,881,0,0,0.0,0.003857,0.011392,0.3107
A009850,Consumo,Metropolitana,401494,893,0,0,0.0,0.003281,0.007356,0.7095
A000245,Tarjeta,Metropolitana,1529710,763,0,1759373,0.4,0.018716,0.048228,0.6734
A014558,Tarjeta,Valparaíso,451246,872,0,696931,0.4,0.004353,0.011566,0.8097
A000165,Tarjeta,Metropolitana,1302035,727,0,1082073,0.4,0.030091,0.07151,0.7214
A007451,Consumo,Metropolitana,3325110,893,181,0,0.0,0.003281,0.007315,0.6193
A003838,Tarjeta,Metropolitana,2473712,733,0,1421919,0.4,0.027813,0.065183,0.729
A008564,Microempresa,Valparaíso,271234,900,0,377597,0.4,0.002986,0.007253,0.5629
A013428,Consumo,Metropolitana,1611592,833,0,0,0.0,0.007352,0.015659,0.6518
A002641,Consumo,Metropolitana,250542,845,0,0,0.0,0.006258,0.015477,0.6656
A014366,Consumo,Metropolitana,506170,915,0,0,0.0,0.00244,0.005705,0.5492
A010941,Consumo,Valparaíso,1691892,862,0,0,0.0,0.00498,0.014398,0.6355
A013789,Tarjeta,Valparaíso,3282960,788,0,7127084,0.4,0.013423,0.0314,0.6974
A014259,Tarjeta,Biobío,2454653,819,24,4154058,0.4,0.00887,0.026369,0.6887
A008812,Consumo,Biobío,1098086,942,0,0,0.0,0.001695,0.004963,0.5572
A011871,Consumo,Metropolitana,1470713,908,0,0,0.0,0.002681,0.005698,0.5399
A002345,Tarjeta,Metropolitana,385311,895,0,606696,0.4,0.003194,0.009058,0.7571
A014796,Automotriz,Otras,294625,750,0,0,0.0,0.022231,0.051258,0.3227
A004042,Consumo,Metropolitana,554827,847,0,0,0.0,0.006092,0.014054,0.6412
A002767,Consumo,Metropolitana,1184670,814,0,0,0.0,0.009484,0.024971,0.5741
A011014,Microempresa,Biobío,1744254,881,0,703747,0.4,0.003857,0.011816,0.6306
A007053,Tarjeta,Valparaíso,1688250,779,0,834145,0.4,0.015132,0.051394,0.6369
A013974,Tarjeta,Otras,463661,776,0,685851,0.4,0.015749,0.047799,0.7962
A014160,Automotriz,Metropolitana,7653781,914,1,0,0.0,0.002473,0.006449,0.3205
A014860,Consumo,Biobío,4512553,862,0,0,0.0,0.00498,0.010965,0.5822
A005796,Consumo,Metropolitana,730073,838,6,0,0.0,0.006875,0.015962,0.652
A011619,Consumo,Metropolitana,3255107,841,0,0,0.0,0.006604,0.019107,0.6062
A004921,Microempresa,Metropolitana,939810,813,0,1193921,0.4,0.009612,0.030062,0.5102
A002411,Automotriz,Metropolitana,2179533,698,0,0,0.0,0.043894,0.143199,0.3919
A013405,Consumo,Metropolitana,290554,868,0,0,0.0,0.004594,0.014657,0.6209
A013433,Tarjeta,Otras,560612,803,0,773049,0.4,0.010987,0.026471,0.609
A004161,Consumo,Metropolitana,255513,862,0,0,0.0,0.00498,0.015695,0.6718
A014682,Automotriz,Metropolitana,1115456,872,0,0,0.0,0.004353,0.014572,0.4199
A007255,Consumo,Metropolitana,516184,812,0,0,0.0,0.009741,0.02443,0.7012
A010973,Automotriz,Biobío,89689,838,0,0,0.0,0.006875,0.01703,0.4543
A004304,Automotriz,Otras,763026,762,0,0,0.0,0.018966,0.04981,0.3754
A001044,Tarjeta,Valparaíso,2506027,811,0,2574800,0.4,0.009872,0.024262,0.7207
A005210,Automotriz,Biobío,695833,905,0,0,0.0,0.002792,0.008899,0.3654
A005319,Automotriz,Biobío,1164267,909,0,0,0.0,0.002645,0.007565,0.4028
A009611,Tarjeta,Valparaíso,223367,872,48,257675,0.4,0.004353,0.012394,0.7273
A006137,Tarjeta,Valparaíso,886992,709,0,1101054,0.4,0.038062,0.123188,0.6748
A006804,Automotriz,Biobío,1399478,886,0,0,0.0,0.003606,0.008395,0.3678
A006982,Consumo,Valparaíso,4192928,912,0,0,0.0,0.00254,0.005517,0.6396
A014460,Tarjeta,Otras,3806114,861,0,5754168,0.4,0.005048,0.012563,0.5904
A012933,Consumo,Metropolitana,876835,803,0,0,0.0,0.010987,0.03592,0.581
A001623,Automotriz,Metropolitana,1227397,915,0,0,0.0,0.00244,0.006986,0.3886
A004395,Consumo,Otras,2673225,712,0,0,0.0,0.036605,0.116455,0.7458
A002215,Consumo,Biobío,914576,785,0,0,0.0,0.01397,0.038047,0.6419
A008196,Consumo,Otras,812477,833,0,0,0.0,0.007352,0.016842,0.6036
A001118,Automotriz,Metropolitana,899542,831,170,0,0.0,0.007552,0.020791,0.3248
A011390,Automotriz,Metropolitana,2815795,783,211,0,0.0,0.014347,0.031275,0.357
A012815,Tarjeta,Metropolitana,1439514,802,0,3041646,0.4,0.011135,0.031698,0.7502
A009079,Microempresa,Otras,536606,911,0,1034988,0.4,0.002575,0.007947,0.6544
A011750,Consumo,Metropolitana,5929650,914,0,0,0.0,0.002473,0.007331,0.6696
A004087,Consumo,Otras,2004508,751,0,0,0.0,0.021939,0.054675,0.5812
A010025,Consumo,Valparaíso,5508163,938,0,0,0.0,0.001789,0.005934,0.64
A013660,Tarjeta,Valparaíso,2115348,740,0,3265799,0.4,0.025366,0.071426,0.6527
A013025,Consumo,Otras,367022,854,0,0,0.0,0.005546,0.015831,0.6383
A011088,Consumo,Valparaíso,1282639,812,84,0,0.0,0.009741,0.03075,0.6805
A004444,Consumo,Metropolitana,3057855,805,0,0,0.0,0.010697,0.025676,0.5645
A007349,Consumo,Biobío,8264051,906,0,0,0.0,0.002754,0.009193,0.6738
A008411,Tarjeta,Biobío,4324710,787,103,8738076,0.4,0.013603,0.031711,0.7685
A002332,Consumo,Metropolitana,2067677,783,0,0,0.0,0.014347,0.044525,0.6288
A013574,Microempresa,Valparaíso,2915710,840,0,4357764,0.4,0.006693,0.017806,0.555
A000944,Automotriz,Biobío,6013527,950,0,0,0.0,0.001522,0.003705,0.3985
A002752,Consumo,Metropolitana,3696346,698,0,0,0.0,0.043894,0.111151,0.5929
A013477,Tarjeta,Biobío,1246681,840,0,768133,0.4,0.006693,0.01602,0.6882
A001445,Consumo,Valparaíso,969571,808,0,0,0.0,0.010276,0.024991,0.5321
A009145,Consumo,Otras,3273873,950,0,0,0.0,0.001522,0.004407,0.5515
A001416,Consumo,Metropolitana,102887,889,0,0,0.0,0.003463,0.011305,0.6651
A002793,Consumo,Metropolitana,2593762,844,0,0,0.0,0.006343,0.019477,0.6476
A002717,Microempresa,Biobío,2329288,864,0,3169039,0.4,0.004848,0.012998,0.5985
A004077,Consumo,Otras,556127,950,0,0,0.0,0.001522,0.00487,0.5563
A009458,Automotriz,Otras,1722848,861,0,0,0.0,0.005048,0.016109,0.4138
A010610,Consumo,Biobío,444230,738,51,0,0.0,0.026043,0.056989,0.5742
A011495,Consumo,Valparaíso,3319250,838,0,0,0.0,0.006875,0.022384,0.6441
A013837,Tarjeta,Metropolitana,6927666,773,0,3134584,0.4,0.016389,0.050762,0.6489
A014344,Tarjeta,Valparaíso,1324671,897,0,1707502,0.4,0.003109,0.009474,0.6948
A001088,Automotriz,Metropolitana,4560383,910,0,0,0.0,0.00261,0.008711,0.4407
A007580,Automotriz,Valparaíso,788356,885,0,0,0.0,0.003655,0.010156,0.3272
A010504,Microempresa,Otras,3793985,898,0,8172565,0.4,0.003068,0.006638,0.4803
A000863,Consumo,Metropolitana,1355117,717,0,0,0.0,0.034296,0.101426,0.5546
A001229,Microempresa,Metropolitana,1134266,877,177,368947,0.4,0.00407,0.012841,0.4459
A012684,Consumo,Biobío,1323890,896,0,0,0.0,0.003151,0.009498,0.6222
A002688,Microempresa,Metropolitana,3310407,815,0,3736662,0.4,0.009358,0.028215,0.5745
A002206,Consumo,Metropolitana,356379,797,0,0,0.0,0.011904,0.030025,0.6077
A012010,Consumo,Valparaíso,945006,795,0,0,0.0,0.012226,0.033458,0.5877
A009843,Tarjeta,Biobío,6713394,750,0,3490769,0.4,0.022231,0.067288,0.7061
A003914,Consumo,Biobío,1459977,777,165,0,0.0,0.01554,0.040024,0.5849
A006178,Consumo,Metropolitana,3038348,893,0,0,0.0,0.003281,0.010295,0.5608
A010022,Automotriz,Biobío,1222988,867,0,0,0.0,0.004656,0.011332,0.4301
A005851,Microempresa,Otras,4304695,849,0,8391215,0.4,0.005931,0.019378,0.5484
A006229,Consumo,Otras,1528565,950,0,0,0.0,0.001522,0.004135,0.6367
A012419,Consumo,Biobío,1468875,798,0,0,0.0,0.011746,0.025709,0.6377
A005165,Tarjeta,Otras,2579649,811,655,2793395,0.4,0.009872,0.032706,0.6209
A014566,Tarjeta,Otras,4154848,845,0,5178080,0.4,0.006258,0.020972,0.682
A007955,Consumo,Otras,3107616,621,0,0,0.0,0.115012,0.311823,0.6779
A010207,Automotriz,Metropolitana,290198,844,80,0,0.0,0.006343,0.020591,0.2939
A000035,Consumo,Otras,2238736,768,0,0,0.0,0.017515,0.054842,0.6397
A009405,Consumo,Metropolitana,405869,823,0,0,0.0,0.008407,0.021302,0.6051
A009372,Microempresa,Valparaíso,1199298,841,0,948850,0.4,0.006604,0.017651,0.4635
A009876,Tarjeta,Metropolitana,2187198,821,0,4618786,0.4,0.008635,0.021568,0.7164
A004374,Tarjeta,Metropolitana,4113843,937,0,6685173,0.4,0.001813,0.005835,0.6264
A000066,Automotriz,Otras,1320244,802,0,0,0.0,0.011135,0.025491,0.4755
A000112,Consumo,Metropolitana,2587246,568,90,0,0.0,0.2101,0.582193,0.5002
A002877,Consumo,Otras,2961943,745,0,0,0.0,0.023748,0.074223,0.6361
A007139,Tarjeta,Metropolitana,896794,737,0,1288761,0.4,0.026388,0.05794,0.7255
A003222,Consumo,Otras,909374,902,0,0,0.0,0.002907,0.008569,0.5771
A001278,Automotriz,Otras,3027881,880,0,0,0.0,0.003909,0.009443,0.3995
A000959,Consumo,Metropolitana,342844,833,65,0,0.0,0.007352,0.015845,0.5883
A008139,Tarjeta,Metropolitana,1302279,815,0,2505889,0.4,0.009358,0.029233,0.7141
A006743,Automotriz,Biobío,1237495,772,0,0,0.0,0.016609,0.039018,0.3407
A003224,Tarjeta,Valparaíso,2010352,895,56,1026885,0.4,0.003194,0.007594,0.7556
A004102,Automotriz,Otras,2143948,639,0,0,0.0,0.092475,0.243782,0.4695
A012790,Tarjeta,Metropolitana,2111679,836,0,2816580,0.4,0.007062,0.017325,0.746
A010805,Consumo,Biobío,1963794,878,0,0,0.0,0.004016,0.009554,0.6424
A008268,Consumo,Otras,764814,776,0,0,0.0,0.015749,0.033575,0.6495
A003297,Consumo,Valparaíso,1294913,917,0,0,0.0,0.002375,0.006313,0.5942
A007529,Consumo,Biobío,222641,883,48,0,0.0,0.003754,0.011936,0.5518
A003866,Tarjeta,Biobío,896182,950,0,723845,0.4,0.001522,0.004866,0.7657
A014396,Consumo,Biobío,1203782,855,0,0,0.0,0.005472,0.01396,0.6428
A005685,Tarjeta,Biobío,1205104,950,0,1176073,0.4,0.001522,0.003557,0.7618
A005585,Consumo,Otras,2249464,854,0,0,0.0,0.005546,0.016746,0.5486
A003232,Tarjeta,Otras,4077393,752,0,8386383,0.4,0.021651,0.057853,0.6354
A006293,Microempresa,Biobío,2091264,847,0,1947206,0.4,0.006092,0.01461,0.6173
A006679,Tarjeta,Metropolitana,514365,939,1,200019,0.4,0.001765,0.004277,0.6733
A013521,Consumo,Valparaíso,1863467,851,0,0,0.0,0.005774,0.012931,0.6768
A005344,Consumo,Otras,669134,802,0,0,0.0,0.011135,0.024874,0.6164
A004209,Automotriz,Valparaíso,6950805,716,90,0,0.0,0.034746,0.116141,0.3748
A011921,Tarjeta,Metropolitana,4213235,681,0,2491600,0.4,0.054612,0.168463,0.6793
A013390,Tarjeta,Metropolitana,543191,797,0,908334,0.4,0.011904,0.032384,0.7374
A006675,Tarjeta,Metropolitana,2207444,673,322,3457913,0.4,0.060469,0.175208,0.6006
A012049,Consumo,Valparaíso,436846,794,0,0,0.0,0.01239,0.029513,0.6192
A002078,Tarjeta,Metropolitana,270993,922,0,314252,0.4,0.00222,0.00607,0.753
A006275,Consumo,Metropolitana,1086951,846,59,0,0.0,0.006175,0.018712,0.6442
A007073,Consumo,Metropolitana,1635129,780,0,0,0.0,0.014932,0.045783,0.5241
A010039,Automotriz,Otras,451041,740,0,0,0.0,0.025366,0.076998,0.3356
A014363,Consumo,Metropolitana,1908501,854,87,0,0.0,0.005546,0.014057,0.6
A004413,Consumo,Valparaíso,416618,848,0,0,0.0,0.006011,0.019188,0.5958
A009045,Tarjeta,Valparaíso,3226065,838,0,5352577,0.4,0.006875,0.021103,0.6981
A001167,Consumo,Metropolitana,1349241,901,0,0,0.0,0.002946,0.007161,0.6587
A000760,Consumo,Biobío,238416,882,28,0,0.0,0.003805,0.011578,0.5651
A000752,Tarjeta,Metropolitana,746927,870,13,550507,0.4,0.004472,0.011373,0.6921
A010366,Consumo,Valparaíso,826711,855,0,0,0.0,0.005472,0.013515,0.7037
A013039,Consumo,Otras,2370015,700,0,0,0.0,0.042774,0.134017,0.623
A002333,Automotriz,Otras,1747963,950,8,0,0.0,0.001522,0.004249,0.3434
A000330,Consumo,Valparaíso,1487252,840,0,0,0.0,0.006693,0.021048,0.6295
A014705,Consumo,Metropolitana,1437002,932,0,0,0.0,0.00194,0.006169,0.6304
A013529,Consumo,Metropolitana,852008,849,0,0,0.0,0.005931,0.016675,0.5527
A000963,Consumo,Metropolitana,2162716,847,269,0,0.0,0.006092,0.020446,0.5656
A003354,Consumo,Biobío,3008274,480,108,0,0.0,0.466268,0.97,0.6681
A000188,Automotriz,Metropolitana,1875547,702,126,0,0.0,0.041681,0.131226,0.2733
A012366,Automotriz,Valparaíso,2188076,867,0,0,0.0,0.004656,0.013091,0.3273
A014421,Automotriz,Metropolitana,865687,748,0,0,0.0,0.022826,0.067773,0.4199
A008757,Consumo,Valparaíso,103288,873,13,0,0.0,0.004295,0.01301,0.5964
A000317,Tarjeta,Metropolitana,3915908,814,0,6010612,0.4,0.009484,0.020008,0.6876
A013465,Microempresa,Valparaíso,536071,865,0,460414,0.4,0.004783,0.011162,0.5618
A005669,Consumo,Metropolitana,1034836,810,0,0,0.0,0.010005,0.024214,0.6622
A014889,Consumo,Metropolitana,815695,920,0,0,0.0,0.00228,0.005105,0.6756
A010005,Consumo,Valparaíso,1026401,845,0,0,0.0,0.006258,0.014172,0.6492
A010831,Consumo,Metropolitana,2372205,800,0,0,0.0,0.011436,0.026573,0.6733
A013680,Consumo,Metropolitana,597800,827,7,0,0.0,0.007968,0.021383,0.7123
A002200,Consumo,Otras,438531,849,0,0,0.0,0.005931,0.017743,0.6592
A005026,Consumo,Biobío,441914,804,0,0,0.0,0.010841,0.028696,0.5636
A004894,Consumo,Valparaíso,1594072,830,0,0,0.0,0.007654,0.019613,0.6474
A000887,Consumo,Metropolitana,506076,839,0,0,0.0,0.006783,0.0173,0.5949
A006210,Consumo,Valparaíso,692719,779,69,0,0.0,0.015132,0.032368,0.6269
A014959,Microempresa,Otras,291622,832,0,424452,0.4,0.007451,0.024722,0.5642
A014064,Tarjeta,Valparaíso,1447913,950,0,2430797,0.4,0.001522,0.004977,0.711
A004571,Tarjeta,Otras,2216078,841,0,4602293,0.4,0.006604,0.015844,0.809
A003208,Consumo,Metropolitana,1450334,750,0,0,0.0,0.022231,0.058183,0.6041
A014087,Consumo,Valparaíso,586501,950,0,0,0.0,0.001522,0.004363,0.6159
A007719,Consumo,Metropolitana,1163754,876,0,0,0.0,0.004125,0.011224,0.6665
A000950,Automotriz,Metropolitana,406188,950,0,0,0.0,0.001522,0.004256,0.3508
A008961,Tarjeta,Otras,322997,743,0,245241,0.4,0.024383,0.075176,0.6914
A000793,Consumo,Metropolitana,2840355,767,90,0,0.0,0.017749,0.053966,0.7053
A012323,Microempresa,Metropolitana,3348122,793,0,4331904,0.4,0.012557,0.034577,0.513
A003719,Consumo,Otras,1009242,834,0,0,0.0,0.007254,0.020111,0.6532
A014776,Automotriz,Otras,730505,890,0,0,0.0,0.003417,0.009788,0.4058
A003161,Consumo,Biobío,716487,950,0,0,0.0,0.001522,0.003418,0.7263
A000907,Automotriz,Biobío,1068379,881,0,0,0.0,0.003857,0.008168,0.4051
A000761,Tarjeta,Metropolitana,620925,879,0,886399,0.4,0.003962,0.010888,0.7105
A012764,Consumo,Otras,2575519,836,0,0,0.0,0.007062,0.017907,0.6353
A007748,Tarjeta,Metropolitana,3692209,812,11,5494157,0.4,0.009741,0.023848,0.6964
A013292,Tarjeta,Otras,1842257,735,0,1823895,0.4,0.027091,0.073106,0.7589
A006286,Consumo,Valparaíso,625899,833,0,0,0.0,0.007352,0.020259,0.6068
A002643,Tarjeta,Metropolitana,4969669,917,0,8664866,0.4,0.002375,0.006568,0.6866
A006724,Microempresa,Metropolitana,1038841,842,0,1843782,0.4,0.006516,0.019735,0.5269
A009689,Consumo,Biobío,849349,900,0,0,0.0,0.002986,0.009658,0.6628
A003257,Consumo,Metropolitana,1110691,786,87,0,0.0,0.013785,0.031301,0.5928
A009583,Microempresa,Metropolitana,1776564,950,0,3588477,0.4,0.001522,0.003821,0.523
A006694,Consumo,Metropolitana,6332665,824,98,0,0.0,0.008295,0.025864,0.6735
A013218,Consumo,Metropolitana,4033063,908,0,0,0.0,0.002681,0.006365,0.6063
A014965,Automotriz,Metropolitana,885847,769,0,0,0.0,0.017284,0.050453,0.3449
A010413,Consumo,Metropolitana,1936278,907,0,0,0.0,0.002717,0.008099,0.5948
A012420,Tarjeta,Otras,4490804,797,0,6701898,0.4,0.011904,0.029956,0.7099
A002867,Tarjeta,Metropolitana,1150290,862,0,2294858,0.4,0.00498,0.011329,0.6878
A002401,Automotriz,Metropolitana,2358640,783,0,0,0.0,0.014347,0.03031,0.36
A004748,Tarjeta,Valparaíso,879773,784,0,1091093,0.4,0.014158,0.045029,0.7098
A005504,Automotriz,Biobío,2707241,720,4,0,0.0,0.032978,0.087783,0.3432
A013435,Tarjeta,Metropolitana,346911,766,0,378594,0.4,0.017986,0.04845,0.7453
A006186,Consumo,Biobío,662625,706,0,0,0.0,0.039575,0.092528,0.5227
A003844,Tarjeta,Valparaíso,546705,860,0,904975,0.4,0.005116,0.013887,0.6485
A013912,Consumo,Metropolitana,129804,808,0,0,0.0,0.010276,0.029517,0.6612
A005645,Consumo,Metropolitana,3110725,821,0,0,0.0,0.008635,0.028092,0.6379
A009518,Consumo,Otras,3116279,807,0,0,0.0,0.010415,0.024309,0.591
A010409,Automotriz,Metropolitana,1271454,869,0,0,0.0,0.004533,0.014722,0.2726
A013380,Consumo,Metropolitana,1052831,728,0,0,0.0,0.029699,0.0649,0.5836
A007965,Tarjeta,Metropolitana,897727,913,0,1914137,0.4,0.002506,0.005485,0.6987
A008116,Consumo,Metropolitana,959057,840,0,0,0.0,0.006693,0.014209,0.6505
A009402,Consumo,Biobío,6476203,815,0,0,0.0,0.009358,0.025426,0.6007
A013567,Automotriz,Valparaíso,4138689,732,0,0,0.0,0.02818,0.068602,0.4299
A006680,Consumo,Valparaíso,760984,893,0,0,0.0,0.003281,0.008853,0.5391
A010275,Tarjeta,Metropolitana,2108457,881,0,819471,0.4,0.003857,0.008773,0.6952
A001537,Tarjeta,Metropolitana,1473489,829,0,1960177,0.4,0.007757,0.020092,0.7161
A001469,Consumo,Metropolitana,1538725,938,0,0,0.0,0.001789,0.00483,0.7117
A003507,Tarjeta,Metropolitana,6065425,768,122,6895894,0.4,0.017515,0.049521,0.7429
A004159,Consumo,Otras,1152842,667,0,0,0.0,0.065243,0.218283,0.6453
A011468,Tarjeta,Metropolitana,542122,827,0,760830,0.4,0.007968,0.024064,0.8061
A002695,Consumo,Otras,9842908,922,68,0,0.0,0.00222,0.006554,0.6262
A007383,Consumo,Metropolitana,1960750,900,0,0,0.0,0.002986,0.009839,0.739
A012344,Microempresa,Metropolitana,524923,784,0,963405,0.4,0.014158,0.042547,0.6123
A005401,Tarjeta,Otras,1089241,899,0,1377604,0.4,0.003027,0.009686,0.7595
A005667,Tarjeta,Metropolitana,570264,854,47,200496,0.4,0.005546,0.014653,0.7886
A010821,Consumo,Otras,2179033,584,153,0,0.0,0.176457,0.382034,0.5717
A008227,Automotriz,Biobío,156686,941,3,0,0.0,0.001718,0.003971,0.4274
A003720,Tarjeta,Metropolitana,659695,845,0,362203,0.4,0.006258,0.01615,0.6352
A000052,Automotriz,Valparaíso,377383,889,46,0,0.0,0.003463,0.010757,0.4137
A000968,Consumo,Metropolitana,483013,868,60,0,0.0,0.004594,0.012547,0.7123
A014855,Consumo,Valparaíso,454116,759,0,0,0.0,0.019735,0.056969,0.6113
A014083,Consumo,Biobío,429606,938,0,0,0.0,0.001789,0.005711,0.6554
A007606,Consumo,Otras,441572,786,0,0,0.0,0.013785,0.046224,0.6703
A001255,Automotriz,Otras,251401,899,0,0,0.0,0.003027,0.007915,0.427
A002030,Microempresa,Valparaíso,2112794,688,152,668907,0.4,0.049928,0.141729,0.554
A003496,Automotriz,Valparaíso,2212918,770,0,0,0.0,0.017056,0.04384,0.3782
A008093,Microempresa,Biobío,274909,916,0,419982,0.4,0.002407,0.006192,0.5373
A014327,Consumo,Metropolitana,1059290,836,0,0,0.0,0.007062,0.023991,0.6169
A001797,Consumo,Valparaíso,2494238,764,0,0,0.0,0.01847,0.052478,0.5347
A008622,Microempresa,Otras,935179,891,0,641593,0.4,0.003371,0.009479,0.4787
A007684,Tarjeta,Valparaíso,1154059,810,0,1523318,0.4,0.010005,0.032731,0.7851
A004230,Tarjeta,Metropolitana,1964384,801,0,1957898,0.4,0.011285,0.037208,0.7297
A012103,Consumo,Biobío,1649955,718,0,0,0.0,0.033851,0.110412,0.5433
A002154,Consumo,Metropolitana,1085511,751,105,0,0.0,0.021939,0.068189,0.5851
A000647,Microempresa,Otras,4748067,745,0,9653306,0.4,0.023748,0.06616,0.5213
A005834,Automotriz,Valparaíso,721328,843,0,0,0.0,0.006429,0.021334,0.3547
A009390,Microempresa,Metropolitana,2296633,903,0,4450071,0.4,0.002868,0.0061,0.544
A005439,Consumo,Valparaíso,255830,925,0,0,0.0,0.002132,0.006299,0.611
A013019,Tarjeta,Metropolitana,541830,950,0,1170606,0.4,0.001522,0.004265,0.7215
A004492,Consumo,Valparaíso,1986949,850,0,0,0.0,0.005852,0.017116,0.61
A005947,Tarjeta,Biobío,1057997,751,0,1284896,0.4,0.021939,0.047052,0.6737
A012271,Microempresa,Metropolitana,13701808,836,0,13084321,0.4,0.007062,0.021442,0.7095
A009268,Automotriz,Metropolitana,2380885,943,0,0,0.0,0.001672,0.00538,0.2911
A005428,Tarjeta,Metropolitana,2213392,688,0,3837356,0.4,0.049928,0.141745,0.7021
A012949,Automotriz,Valparaíso,1879388,806,0,0,0.0,0.010555,0.02881,0.3721
A011866,Consumo,Metropolitana,2258517,945,0,0,0.0,0.001628,0.004236,0.703
A005678,Tarjeta,Metropolitana,3623191,849,0,7267200,0.4,0.005931,0.014281,0.6634
A005748,Tarjeta,Metropolitana,1662906,859,0,1177720,0.4,0.005185,0.012401,0.7238
A001511,Automotriz,Metropolitana,3131941,803,90,0,0.0,0.010987,0.026981,0.3043
A010900,Consumo,Otras,7170695,713,237,0,0.0,0.036132,0.114071,0.7009
A006602,Microempresa,Metropolitana,2479131,811,0,5091454,0.4,0.009872,0.022798,0.5647
A007631,Consumo,Valparaíso,2543697,868,0,0,0.0,0.004594,0.013909,0.5581
A001307,Consumo,Metropolitana,1784113,950,0,0,0.0,0.001522,0.004589,0.6755
A014536,Consumo,Valparaíso,322480,864,0,0,0.0,0.004848,0.014251,0.6883
A011138,Consumo,Biobío,1640293,808,0,0,0.0,0.010276,0.021878,0.5535
A009515,Consumo,Metropolitana,1867770,761,0,0,0.0,0.019219,0.049383,0.6282
A006510,Consumo,Metropolitana,362280,777,0,0,0.0,0.01554,0.048746,0.6016
A010027,Tarjeta,Biobío,3035787,820,0,3234498,0.4,0.008752,0.027917,0.7205
A013086,Consumo,Otras,623801,822,0,0,0.0,0.00852,0.02002,0.6144
A009538,Automotriz,Valparaíso,1233307,949,0,0,0.0,0.001542,0.004235,0.3508
A003430,Tarjeta,Valparaíso,5250719,705,227,6467319,0.4,0.040091,0.109407,0.7809
A011563,Automotriz,Metropolitana,995694,868,0,0,0.0,0.004594,0.009744,0.3455
A005199,Automotriz,Biobío,1203333,844,35,0,0.0,0.006343,0.016022,0.3818
A004445,Tarjeta,Metropolitana,2350623,876,0,1974149,0.4,0.004125,0.009374,0.7675
A004448,Tarjeta,Metropolitana,1934173,809,0,3696961,0.4,0.01014,0.031629,0.819
A013960,Automotriz,Metropolitana,791543,805,0,0,0.0,0.010697,0.027703,0.4036
A011185,Consumo,Metropolitana,1898820,758,61,0,0.0,0.019999,0.051328,0.6182
A010209,Consumo,Metropolitana,1263375,769,0,0,0.0,0.017284,0.038883,0.6391
A009653,Consumo,Metropolitana,2900637,807,0,0,0.0,0.010415,0.023051,0.65
A010019,Consumo,Valparaíso,3030982,841,0,0,0.0,0.006604,0.016522,0.6577
A014268,Consumo,Biobío,2938608,823,0,0,0.0,0.008407,0.026532,0.6609
A001355,Consumo,Biobío,3160832,818,101,0,0.0,0.008989,0.025263,0.7116
A008002,Consumo,Metropolitana,402562,869,0,0,0.0,0.004533,0.012023,0.5973
A011075,Consumo,Metropolitana,1897728,950,0,0,0.0,0.001522,0.004705,0.6092
A009105,Microempresa,Valparaíso,435179,850,0,720193,0.4,0.005852,0.018877,0.5434
A000900,Consumo,Otras,837351,699,90,0,0.0,0.043331,0.130173,0.6381
A006139,Consumo,Otras,2612756,950,0,0,0.0,0.001522,0.003543,0.6097
A000720,Consumo,Valparaíso,355502,888,0,0,0.0,0.00351,0.011285,0.6319
A004770,Consumo,Otras,1173965,685,0,0,0.0,0.051887,0.163785,0.4843
A005682,Consumo,Biobío,1641229,724,0,0,0.0,0.031297,0.099975,0.7253
A013966,Automotriz,Metropolitana,1637105,808,0,0,0.0,0.010276,0.024308,0.4002
A006436,Consumo,Metropolitana,1248795,950,0,0,0.0,0.001522,0.004543,0.598
A004355,Consumo,Metropolitana,330096,856,0,0,0.0,0.005399,0.018251,0.6292
A008453,Consumo,Otras,433303,822,0,0,0.0,0.00852,0.019227,0.6326
A006812,Tarjeta,Biobío,1370832,716,43,1358683,0.4,0.034746,0.083135,0.8009
A009953,Consumo,Valparaíso,1036304,686,0,0,0.0,0.051226,0.143858,0.601
A006259,Consumo,Metropolitana,2548158,898,0,0,0.0,0.003068,0.007612,0.5435
A000843,Microempresa,Metropolitana,1439276,860,0,3036196,0.4,0.005116,0.014224,0.5355
A011003,Tarjeta,Biobío,1858593,822,0,2598645,0.4,0.00852,0.023113,0.7971
A002699,Consumo,Otras,1033901,791,82,0,0.0,0.012896,0.043174,0.575
A011458,Tarjeta,Biobío,916096,743,64,806339,0.4,0.024383,0.064228,0.7252
A010925,Consumo,Biobío,1018482,902,0,0,0.0,0.002907,0.009555,0.6721
A001106,Tarjeta,Metropolitana,1893852,857,0,4045201,0.4,0.005326,0.017538,0.5834
A000359,Consumo,Metropolitana,2416874,863,0,0,0.0,0.004914,0.011563,0.6164
A000436,Tarjeta,Metropolitana,1665812,824,0,1126516,0.4,0.008295,0.024722,0.688
A002898,Consumo,Otras,4634153,715,90,0,0.0,0.035202,0.081625,0.6433
A003921,Tarjeta,Valparaíso,2175536,815,3,4399117,0.4,0.009358,0.030903,0.732
A002304,Tarjeta,Otras,1974843,831,0,2303422,0.4,0.007552,0.019126,0.6081
A003473,Consumo,Metropolitana,2144232,869,0,0,0.0,0.004533,0.010079,0.5638
A009950,Tarjeta,Otras,498812,705,0,192308,0.4,0.040091,0.135022,0.6175
A009435,Microempresa,Biobío,1466504,877,0,1981291,0.4,0.00407,0.009211,0.5372
A010057,Automotriz,Metropolitana,4166522,780,90,0,0.0,0.014932,0.045709,0.3966
A007391,Automotriz,Metropolitana,1267342,881,87,0,0.0,0.003857,0.00828,0.3226
A014847,Consumo,Biobío,926999,868,0,0,0.0,0.004594,0.014647,0.6875
A007188,Consumo,Biobío,1929229,842,0,0,0.0,0.006516,0.017831,0.5859
A005855,Consumo,Metropolitana,2923642,777,0,0,0.0,0.01554,0.051037,0.5289
A010724,Consumo,Metropolitana,1715701,834,0,0,0.0,0.007254,0.023099,0.5493
A011023,Consumo,Biobío,5776680,893,90,0,0.0,0.003281,0.008162,0.6578
A009965,Automotriz,Otras,2259156,841,0,0,0.0,0.006604,0.020231,0.2879
A009256,Automotriz,Otras,2044331,840,0,0,0.0,0.006693,0.018889,0.4634
A012899,Tarjeta,Metropolitana,2392381,750,0,3333724,0.4,0.022231,0.068077,0.7646
A007191,Consumo,Metropolitana,1675676,950,3,0,0.0,0.001522,0.004985,0.5502
A014890,Automotriz,Valparaíso,970688,687,0,0,0.0,0.050573,0.150609,0.3434
A008791,Tarjeta,Biobío,1271851,870,0,2537205,0.4,0.004472,0.010995,0.741
A004806,Consumo,Valparaíso,1607633,862,0,0,0.0,0.00498,0.011408,0.6919
A013468,Consumo,Metropolitana,2818190,904,0,0,0.0,0.002829,0.008514,0.6296
A013281,Microempresa,Metropolitana,1087781,872,0,1471274,0.4,0.004353,0.011762,0.5908
A014516,Microempresa,Metropolitana,614189,853,0,805235,0.4,0.005621,0.018253,0.552
A009170,Consumo,Valparaíso,1704312,950,0,0,0.0,0.001522,0.003221,0.6753
A013144,Consumo,Metropolitana,4269106,804,90,0,0.0,0.010841,0.033765,0.6427
A009476,Consumo,Metropolitana,1582125,839,0,0,0.0,0.006783,0.01896,0.6083
A011890,Consumo,Metropolitana,967499,884,0,0,0.0,0.003704,0.009748,0.637
A012711,Consumo,Biobío,700796,826,0,0,0.0,0.008076,0.018728,0.6765
A001679,Tarjeta,Biobío,1400689,777,62,2106629,0.4,0.01554,0.049589,0.6784
A003169,Tarjeta,Metropolitana,608979,776,0,930592,0.4,0.015749,0.052318,0.7156
A005511,Tarjeta,Metropolitana,1024925,738,0,903884,0.4,0.026043,0.079982,0.7275
A000523,Tarjeta,Metropolitana,1828080,794,0,2525275,0.4,0.01239,0.03845,0.7472
A013873,Consumo,Otras,260391,950,0,0,0.0,0.001522,0.004012,0.5964
A000544,Automotriz,Valparaíso,463319,783,0,0,0.0,0.014347,0.039019,0.2905
A003458,Consumo,Biobío,1905455,886,0,0,0.0,0.003606,0.008112,0.6181
A001973,Consumo,Metropolitana,531247,846,0,0,0.0,0.006175,0.01957,0.5914
A011813,Automotriz,Valparaíso,1042104,811,0,0,0.0,0.009872,0.030835,0.4132
A012437,Consumo,Otras,510839,797,0,0,0.0,0.011904,0.038113,0.578
A003804,Consumo,Valparaíso,4638253,759,268,0,0.0,0.019735,0.047409,0.6775
A005164,Automotriz,Metropolitana,1871734,896,0,0,0.0,0.003151,0.009262,0.3733
A014772,Consumo,Metropolitana,1986709,515,149,0,0.0,0.352491,0.950969,0.609
A000770,Automotriz,Metropolitana,572936,767,0,0,0.0,0.017749,0.039456,0.3376
A004896,Automotriz,Metropolitana,1192567,841,0,0,0.0,0.006604,0.015587,0.4791
A002705,Tarjeta,Otras,1234064,908,0,1893378,0.4,0.002681,0.009027,0.7013
A006057,Automotriz,Metropolitana,1154022,845,0,0,0.0,0.006258,0.017187,0.3237
A006876,Tarjeta,Metropolitana,263762,892,0,423642,0.4,0.003326,0.007574,0.7611
A001552,Consumo,Biobío,5379110,946,86,0,0.0,0.001606,0.004881,0.601
A013146,Tarjeta,Metropolitana,982903,769,0,369684,0.4,0.017284,0.058249,0.6925
A005877,Tarjeta,Metropolitana,452186,757,0,789369,0.4,0.020265,0.064938,0.7725
A006145,Automotriz,Otras,513674,848,0,0,0.0,0.006011,0.015004,0.2862
A014172,Tarjeta,Biobío,2068915,868,0,621200,0.4,0.004594,0.011039,0.7643
A011356,Automotriz,Valparaíso,1324631,859,0,0,0.0,0.005185,0.013351,0.2987
A002731,Tarjeta,Metropolitana,876413,879,0,758308,0.4,0.003962,0.012949,0.7037
A009179,Consumo,Metropolitana,1541643,805,0,0,0.0,0.010697,0.034641,0.5849
A010834,Consumo,Otras,1320222,824,61,0,0.0,0.008295,0.022651,0.5328
A014285,Tarjeta,Otras,286117,840,0,521896,0.4,0.006693,0.015243,0.761
A002536,Tarjeta,Valparaíso,2529603,827,0,4810532,0.4,0.007968,0.024532,0.7318
A001843,Automotriz,Biobío,223250,883,0,0,0.0,0.003754,0.008847,0.3793
A010644,Consumo,Valparaíso,754723,852,0,0,0.0,0.005697,0.013293,0.5974
A006100,Consumo,Valparaíso,918369,809,0,0,0.0,0.01014,0.02398,0.5529
A001954,Tarjeta,Otras,1774630,773,79,581319,0.4,0.016389,0.052839,0.7447
A002791,Automotriz,Biobío,1628615,855,0,0,0.0,0.005472,0.017462,0.4206
A011182,Consumo,Metropolitana,1060590,898,0,0,0.0,0.003068,0.007798,0.6061
A005835,Consumo,Biobío,2575219,950,0,0,0.0,0.001522,0.004567,0.5857
A003590,Consumo,Metropolitana,763728,696,0,0,0.0,0.045043,0.145338,0.5915
A010134,Automotriz,Otras,207993,913,0,0,0.0,0.002506,0.007179,0.3232
A008823,Consumo,Metropolitana,472916,902,0,0,0.0,0.002907,0.00794,0.6645
A007410,Tarjeta,Metropolitana,2621682,886,72,5299298,0.4,0.003606,0.008039,0.7661
A013107,Consumo,Otras,2083023,784,0,0,0.0,0.014158,0.034015,0.6047
A003342,Consumo,Valparaíso,223776,884,0,0,0.0,0.003704,0.009428,0.6705
A010197,Consumo,Metropolitana,1271435,897,0,0,0.0,0.003109,0.009471,0.5531
A013213,Consumo,Metropolitana,1116193,822,0,0,0.0,0.00852,0.020805,0.6206
A012910,Microempresa,Metropolitana,3362378,838,0,4011297,0.4,0.006875,0.02195,0.4958
A009157,Consumo,Biobío,586751,815,65,0,0.0,0.009358,0.028801,0.6328
A008429,Tarjeta,Metropolitana,1330903,827,0,1072334,0.4,0.007968,0.024405,0.6592
A005061,Automotriz,Otras,1136053,679,0,0,0.0,0.056024,0.142528,0.4293
A002466,Tarjeta,Otras,429179,886,0,444932,0.4,0.003606,0.009813,0.713
A011179,Automotriz,Valparaíso,1126558,710,0,0,0.0,0.03757,0.08959,0.3432
A008514,Consumo,Valparaíso,611846,926,0,0,0.0,0.002103,0.006474,0.6385
A007227,Consumo,Metropolitana,8973453,853,0,0,0.0,0.005621,0.012782,0.5404
A000713,Consumo,Metropolitana,3677179,897,28,0,0.0,0.003109,0.008145,0.5934
A001579,Tarjeta,Valparaíso,867946,856,0,402329,0.4,0.005399,0.017456,0.7181
A012310,Tarjeta,Otras,4265970,904,0,4074137,0.4,0.002829,0.006658,0.731
A003324,Consumo,Valparaíso,255640,816,0,0,0.0,0.009233,0.023005,0.5936
A013275,Consumo,Valparaíso,1007819,888,90,0,0.0,0.00351,0.009917,0.5939
A006946,Consumo,Valparaíso,889490,918,65,0,0.0,0.002343,0.006709,0.5668
A009024,Consumo,Metropolitana,2581559,950,63,0,0.0,0.001522,0.004414,0.5611
A005422,Tarjeta,Valparaíso,4473179,888,128,3636198,0.4,0.00351,0.010564,0.7462
A013851,Tarjeta,Otras,1217231,950,0,931580,0.4,0.001522,0.004502,0.7144
A009987,Consumo,Valparaíso,3017258,771,0,0,0.0,0.016831,0.052698,0.6151
A012754,Tarjeta,Metropolitana,963438,892,0,1852480,0.4,0.003326,0.010663,0.7693
A006565,Consumo,Metropolitana,760326,808,0,0,0.0,0.010276,0.031265,0.6151
A014913,Consumo,Metropolitana,2770548,783,61,0,0.0,0.014347,0.040661,0.6467
A000350,Consumo,Biobío,277092,870,0,0,0.0,0.004472,0.010149,0.6318
A001990,Microempresa,Valparaíso,1782093,876,0,2326021,0.4,0.004125,0.009472,0.5997
A002028,Automotriz,Metropolitana,701147,722,0,0,0.0,0.032127,0.089978,0.4536
A005595,Consumo,Metropolitana,1942597,826,0,0,0.0,0.008076,0.02059,0.6319
A011778,Consumo,Valparaíso,589928,867,0,0,0.0,0.004656,0.015371,0.5612
A002856,Consumo,Metropolitana,1808127,929,0,0,0.0,0.00202,0.006632,0.6413
A010468,Consumo,Otras,3359016,815,84,0,0.0,0.009358,0.026429,0.6031
A001856,Tarjeta,Otras,4673110,861,0,3615646,0.4,0.005048,0.012167,0.6325
A007018,Consumo,Metropolitana,4565538,950,0,0,0.0,0.001522,0.004246,0.6462
A013868,Microempresa,Valparaíso,915440,768,125,425098,0.4,0.017515,0.042037,0.5496
A014964,Microempresa,Otras,6511658,844,0,3074600,0.4,0.006343,0.018969,0.4907
A011742,Tarjeta,Otras,2744339,734,0,3308269,0.4,0.02745,0.069294,0.6779
A006309,Tarjeta,Metropolitana,992783,936,0,1360393,0.4,0.001838,0.004494,0.6229
A002264,Consumo,Metropolitana,822988,887,0,0,0.0,0.003557,0.008303,0.5929
A008557,Consumo,Otras,541669,866,0,0,0.0,0.004719,0.013898,0.7064
A009137,Tarjeta,Otras,3247371,738,0,2249646,0.4,0.026043,0.073364,0.761
A011483,Consumo,Metropolitana,210302,757,0,0,0.0,0.020265,0.048721,0.6175
A000995,Automotriz,Metropolitana,1549055,867,0,0,0.0,0.004656,0.009828,0.2862
A003573,Tarjeta,Otras,340809,855,0,415730,0.4,0.005472,0.016925,0.6459
A005275,Microempresa,Metropolitana,6643796,950,286,3617185,0.4,0.001522,0.005122,0.5928
A013038,Tarjeta,Otras,3463415,751,15,7180494,0.4,0.021939,0.063183,0.6849
A003310,Consumo,Valparaíso,2464019,820,0,0,0.0,0.008752,0.021125,0.6964
A012979,Microempresa,Metropolitana,2311883,752,0,3502903,0.4,0.021651,0.048029,0.6271
A006673,Consumo,Metropolitana,3962230,845,0,0,0.0,0.006258,0.015765,0.5688
A007440,Consumo,Valparaíso,408681,816,0,0,0.0,0.009233,0.029901,0.6565
A000978,Consumo,Valparaíso,756151,790,0,0,0.0,0.013069,0.028575,0.6446
A008180,Automotriz,Biobío,582375,811,0,0,0.0,0.009872,0.025659,0.3908
A002389,Consumo,Otras,3180132,896,0,0,0.0,0.003151,0.010111,0.702
A000584,Consumo,Metropolitana,1171552,899,0,0,0.0,0.003027,0.008007,0.6028
A002757,Consumo,Otras,4596473,845,0,0,0.0,0.006258,0.014548,0.6294
A014887,Automotriz,Otras,2743104,828,0,0,0.0,0.007862,0.020563,0.387
A004945,Consumo,Metropolitana,523731,845,0,0,0.0,0.006258,0.021166,0.5578
A000505,Tarjeta,Metropolitana,1924990,676,0,1698824,0.4,0.058207,0.154872,0.7703
A010449,Consumo,Metropolitana,2458659,888,0,0,0.0,0.00351,0.010107,0.5485
A001271,Automotriz,Biobío,1503896,767,0,0,0.0,0.017749,0.052066,0.3364
A008117,Tarjeta,Metropolitana,5442722,857,0,6608038,0.4,0.005326,0.013942,0.7054
A003163,Tarjeta,Otras,664773,906,0,1248180,0.4,0.002754,0.007401,0.7074
A001675,Consumo,Metropolitana,3893320,750,0,0,0.0,0.022231,0.064013,0.6111
A003052,Consumo,Metropolitana,230646,950,0,0,0.0,0.001522,0.003931,0.5982
A014417,Consumo,Biobío,5429902,818,0,0,0.0,0.008989,0.022854,0.6282
A013362,Consumo,Metropolitana,156251,922,7,0,0.0,0.00222,0.005437,0.623
A014873,Consumo,Valparaíso,622827,792,0,0,0.0,0.012725,0.032963,0.6454
A001005,Consumo,Metropolitana,2053370,662,92,0,0.0,0.069487,0.192035,0.549
A008726,Tarjeta,Metropolitana,3139117,838,0,3650625,0.4,0.006875,0.018418,0.6684
A001160,Tarjeta,Metropolitana,890976,927,0,972776,0.4,0.002075,0.005476,0.7706
A001848,Consumo,Otras,2268465,718,18,0,0.0,0.033851,0.079225,0.6666
A006598,Microempresa,Otras,3254948,950,0,4086510,0.4,0.001522,0.004701,0.6124
A007702,Microempresa,Valparaíso,4198371,861,0,2464366,0.4,0.005048,0.011993,0.5639
A012075,Consumo,Otras,493930,826,0,0,0.0,0.008076,0.020501,0.5705
A009669,Automotriz,Metropolitana,1528561,790,0,0,0.0,0.013069,0.044349,0.3941
A012378,Consumo,Otras,1242322,822,65,0,0.0,0.00852,0.02554,0.5785
A003623,Automotriz,Otras,2784768,872,0,0,0.0,0.004353,0.009284,0.3739
A005729,Microempresa,Valparaíso,1154494,950,0,1159252,0.4,0.001522,0.005145,0.4963
A012970,Consumo,Metropolitana,1754448,862,0,0,0.0,0.00498,0.015374,0.7064
A013349,Tarjeta,Otras,2175204,858,0,1634987,0.4,0.005255,0.015065,0.6387
A007894,Consumo,Otras,2853782,825,0,0,0.0,0.008184,0.027311,0.6698
A007693,Consumo,Otras,1007374,814,0,0,0.0,0.009484,0.029284,0.6056
A012237,Automotriz,Valparaíso,2780013,802,0,0,0.0,0.011135,0.031021,0.3403
A010046,Microempresa,Otras,1419056,684,0,1038016,0.4,0.052556,0.165541,0.6636
A014981,Tarjeta,Metropolitana,325148,856,0,283904,0.4,0.005399,0.017952,0.6756
A013861,Consumo,Otras,1502164,708,0,0,0.0,0.03856,0.090265,0.6053
A004665,Tarjeta,Otras,6219557,737,0,6235320,0.4,0.026388,0.07589,0.6853
A014455,Automotriz,Metropolitana,1423383,825,0,0,0.0,0.008184,0.020471,0.3533
A002323,Consumo,Metropolitana,3676216,856,21,0,0.0,0.005399,0.01196,0.5689
A000353,Tarjeta,Otras,2643012,848,0,1727621,0.4,0.006011,0.0199,0.6746
A010587,Automotriz,Metropolitana,850918,892,0,0,0.0,0.003326,0.008292,0.3664
A014680,Consumo,Metropolitana,3910090,835,0,0,0.0,0.007157,0.022206,0.599
A013330,Automotriz,Metropolitana,2489257,847,0,0,0.0,0.006092,0.020402,0.3094
A014658,Automotriz,Otras,723200,884,0,0,0.0,0.003704,0.012199,0.4065
A001642,Microempresa,Metropolitana,2126410,796,0,3737657,0.4,0.012064,0.026567,0.546
A011408,Automotriz,Metropolitana,260947,801,0,0,0.0,0.011285,0.037332,0.4166
A011151,Tarjeta,Metropolitana,2756316,805,0,4281899,0.4,0.010697,0.029789,0.6768
A011584,Automotriz,Otras,406476,851,0,0,0.0,0.005774,0.019248,0.3986
A006715,Tarjeta,Valparaíso,1747181,861,0,2199096,0.4,0.005048,0.011802,0.5667
A006232,Microempresa,Otras,944564,859,0,450290,0.4,0.005185,0.01333,0.547
A004266,Automotriz,Metropolitana,2895644,767,0,0,0.0,0.017749,0.052338,0.4413
A012720,Tarjeta,Biobío,2742643,805,0,2619966,0.4,0.010697,0.023312,0.6634
A009731,Consumo,Metropolitana,977111,861,0,0,0.0,0.005048,0.012582,0.6108
A002109,Tarjeta,Metropolitana,929294,877,127,661975,0.4,0.00407,0.011899,0.7599
A012561,Microempresa,Biobío,256884,934,0,336757,0.4,0.001888,0.005046,0.673
A002956,Consumo,Metropolitana,1362316,712,0,0,0.0,0.036605,0.078473,0.6916
A009954,Consumo,Metropolitana,585663,950,0,0,0.0,0.001522,0.00484,0.593
A008163,Consumo,Biobío,2944404,684,214,0,0.0,0.052556,0.172376,0.54
A010055,Tarjeta,Metropolitana,947878,819,0,2050619,0.4,0.00887,0.019368,0.7054
A004052,Tarjeta,Valparaíso,4433412,928,0,5542084,0.4,0.002047,0.006346,0.7758
A001952,Consumo,Metropolitana,982456,950,0,0,0.0,0.001522,0.003851,0.6079
A010673,Tarjeta,Metropolitana,2981949,789,90,1427482,0.4,0.013245,0.028181,0.6605
A007587,Consumo,Biobío,1502119,817,0,0,0.0,0.00911,0.029369,0.5649
A011738,Consumo,Biobío,304871,908,80,0,0.0,0.002681,0.007947,0.5668
A011579,Automotriz,Otras,993952,892,0,0,0.0,0.003326,0.010106,0.401
A013698,Microempresa,Metropolitana,1753820,931,0,3056383,0.4,0.001966,0.005883,0.5081
A003401,Microempresa,Metropolitana,1632332,870,0,813191,0.4,0.004472,0.010612,0.5037
A001309,Consumo,Biobío,713025,850,0,0,0.0,0.005852,0.019532,0.6093
A006862,Microempresa,Metropolitana,4515285,724,254,7913415,0.4,0.031297,0.086793,0.5374
A010891,Consumo,Valparaíso,1730192,812,0,0,0.0,0.009741,0.027563,0.6049
A009796,Tarjeta,Otras,3225184,465,172,4049646,0.4,0.516885,0.97,0.7711
A008628,Tarjeta,Biobío,3338621,921,0,4505176,0.4,0.00225,0.006321,0.6674
A005021,Automotriz,Metropolitana,1369391,803,0,0,0.0,0.010987,0.036828,0.3693
A007127,Automotriz,Metropolitana,4577317,761,0,0,0.0,0.019219,0.040617,0.3082
A003312,Consumo,Metropolitana,1492087,862,0,0,0.0,0.00498,0.016121,0.6743
A006003,Tarjeta,Otras,2078093,850,85,1321889,0.4,0.005852,0.015177,0.6996
A009011,Consumo,Metropolitana,569054,852,0,0,0.0,0.005697,0.018553,0.559
A005554,Consumo,Metropolitana,1072272,792,0,0,0.0,0.012725,0.027764,0.6111
A008494,Automotriz,Metropolitana,295683,802,0,0,0.0,0.011135,0.032678,0.2945
A001290,Tarjeta,Metropolitana,722784,819,0,257112,0.4,0.00887,0.021432,0.6919
A012350,Consumo,Otras,2079892,899,0,0,0.0,0.003027,0.009643,0.6982
A011414,Tarjeta,Valparaíso,441308,893,0,746086,0.4,0.003281,0.009525,0.8496
A012779,Consumo,Valparaíso,575003,858,0,0,0.0,0.005255,0.012836,0.7075
A007341,Consumo,Metropolitana,599481,870,0,0,0.0,0.004472,0.012872,0.739
A004859,Microempresa,Metropolitana,1323439,774,19,1354809,0.4,0.016173,0.03493,0.4797
A012060,Consumo,Otras,1243721,860,0,0,0.0,0.005116,0.011975,0.5625
A011027,Tarjeta,Valparaíso,266173,845,0,133164,0.4,0.006258,0.018047,0.6803
A009640,Consumo,Otras,273002,857,0,0,0.0,0.005326,0.01303,0.5736
A011201,Microempresa,Otras,1216581,894,90,1791793,0.4,0.003237,0.009599,0.5755
A004011,Automotriz,Biobío,570424,885,246,0,0.0,0.003655,0.009987,0.3051
A008028,Automotriz,Otras,1624616,950,49,0,0.0,0.001522,0.005032,0.3428
A011536,Consumo,Metropolitana,4073385,851,0,0,0.0,0.005774,0.013181,0.5847
A007363,Tarjeta,Metropolitana,3726697,743,0,2475418,0.4,0.024383,0.07814,0.6728
A012919,Consumo,Valparaíso,639908,628,66,0,0.0,0.105728,0.267791,0.6137
A005239,Tarjeta,Metropolitana,607838,727,0,1310051,0.4,0.030091,0.097824,0.71
A001522,Tarjeta,Otras,945965,802,190,585645,0.4,0.011135,0.03051,0.6829
A009328,Microempresa,Biobío,857960,765,0,327272,0.4,0.018226,0.0432,0.5362
A008317,Microempresa,Biobío,3355674,749,0,1871522,0.4,0.022527,0.067017,0.6149
A012687,Consumo,Metropolitana,2066551,794,0,0,0.0,0.01239,0.026775,0.608
A003309,Microempresa,Biobío,2251464,651,0,4453148,0.4,0.079736,0.267712,0.5256
A006914,Consumo,Metropolitana,463062,908,0,0,0.0,0.002681,0.007826,0.6651
A006389,Consumo,Biobío,1464329,880,0,0,0.0,0.003909,0.011112,0.6143
A007637,Tarjeta,Valparaíso,205930,907,0,152767,0.4,0.002717,0.007123,0.693
A009794,Consumo,Otras,913014,837,0,0,0.0,0.006968,0.021167,0.6041
A008036,Automotriz,Metropolitana,2851126,743,90,0,0.0,0.024383,0.063789,0.3895
A001923,Microempresa,Metropolitana,3817975,539,169,7819454,0.4,0.282431,0.790571,0.596
A010256,Microempresa,Otras,6821264,887,0,13334080,0.4,0.003557,0.010906,0.5522
A014033,Microempresa,Metropolitana,643244,818,0,319289,0.4,0.008989,0.024545,0.4874
A014747,Consumo,Metropolitana,972732,825,56,0,0.0,0.008184,0.018793,0.5438
A006695,Consumo,Otras,5255563,831,0,0,0.0,0.007552,0.022947,0.6981
A014623,Microempresa,Valparaíso,839660,934,75,1399047,0.4,0.001888,0.005899,0.5405
A001344,Automotriz,Metropolitana,1355224,735,228,0,0.0,0.027091,0.088576,0.2883
A000321,Consumo,Otras,794757,848,51,0,0.0,0.006011,0.017059,0.6592
A009728,Tarjeta,Biobío,1942798,806,0,2756556,0.4,0.010555,0.026223,0.6902
A007036,Consumo,Metropolitana,1976783,804,81,0,0.0,0.010841,0.028791,0.6249
A013377,Tarjeta,Metropolitana,883112,904,0,645305,0.4,0.002829,0.009528,0.6988
A005494,Consumo,Metropolitana,1307791,902,0,0,0.0,0.002907,0.00626,0.6713
A010947,Automotriz,Biobío,2819569,725,0,0,0.0,0.03089,0.074362,0.4724
A007253,Tarjeta,Otras,4550392,817,0,7059225,0.4,0.00911,0.029033,0.6025
A011281,Consumo,Valparaíso,4705968,950,0,0,0.0,0.001522,0.004371,0.7231
A009147,Tarjeta,Metropolitana,160823,906,0,97805,0.4,0.002754,0.008781,0.7493
A005168,Tarjeta,Metropolitana,858469,767,0,1197156,0.4,0.017749,0.046805,0.7561
A007448,Consumo,Metropolitana,483918,854,0,0,0.0,0.005546,0.013503,0.6517
A009960,Consumo,Valparaíso,790784,752,21,0,0.0,0.021651,0.059321,0.5616
A013090,Consumo,Biobío,1201862,827,0,0,0.0,0.007968,0.020105,0.6649
A014714,Automotriz,Metropolitana,1378817,779,0,0,0.0,0.015132,0.040747,0.4199
A004457,Consumo,Metropolitana,1207443,898,0,0,0.0,0.003068,0.010225,0.6049
A008985,Consumo,Biobío,955457,772,41,0,0.0,0.016609,0.038769,0.6781
A010042,Consumo,Metropolitana,624550,950,0,0,0.0,0.001522,0.004825,0.5953
A000989,Consumo,Biobío,1642079,734,0,0,0.0,0.02745,0.087919,0.584
A012074,Automotriz,Metropolitana,836177,849,0,0,0.0,0.005931,0.015865,0.4485
A011019,Consumo,Metropolitana,427499,885,0,0,0.0,0.003655,0.008811,0.5957
A012068,Tarjeta,Metropolitana,1434827,759,0,742416,0.4,0.019735,0.065719,0.6579
A012931,Tarjeta,Metropolitana,787703,846,0,409167,0.4,0.006175,0.013572,0.6892
A006900,Consumo,Valparaíso,1157563,828,0,0,0.0,0.007862,0.018416,0.6499
A002260,Consumo,Valparaíso,1444381,798,71,0,0.0,0.011746,0.037947,0.5663
A001976,Tarjeta,Metropolitana,2054661,765,0,4331181,0.4,0.018226,0.058964,0.7744
A005459,Tarjeta,Biobío,1538951,916,90,1328978,0.4,0.002407,0.007476,0.6433
A011925,Consumo,Biobío,356278,869,60,0,0.0,0.004533,0.013628,0.5922
A010746,Tarjeta,Metropolitana,1397473,820,0,2936434,0.4,0.008752,0.025784,0.7753
A003764,Automotriz,Metropolitana,2612649,685,0,0,0.0,0.051887,0.164434,0.3589
A006369,Consumo,Otras,1139783,851,0,0,0.0,0.005774,0.014618,0.6487
A013630,Automotriz,Metropolitana,551879,821,82,0,0.0,0.008635,0.028259,0.3619
A014773,Consumo,Biobío,2090470,754,0,0,0.0,0.021086,0.044452,0.6392
A011082,Microempresa,Otras,5031297,744,0,4724421,0.4,0.024063,0.050738,0.577
A003168,Tarjeta,Metropolitana,1002538,726,0,689715,0.4,0.030488,0.081327,0.6918
A010978,Tarjeta,Otras,135145,811,80,66364,0.4,0.009872,0.033157,0.7043
A006831,Automotriz,Otras,1115258,845,7,0,0.0,0.006258,0.019278,0.3145
A007741,Tarjeta,Metropolitana,1246093,878,0,1947019,0.4,0.004016,0.009783,0.7686
A004111,Tarjeta,Metropolitana,1344299,925,0,1997998,0.4,0.002132,0.004931,0.8133
A000958,Consumo,Valparaíso,2123010,776,0,0,0.0,0.015749,0.033199,0.6538
A013908,Microempresa,Metropolitana,957521,873,90,1252806,0.4,0.004295,0.012586,0.5912
A005276,Tarjeta,Otras,88291,819,0,189938,0.4,0.00887,0.024914,0.6728
A005341,Microempresa,Valparaíso,1425180,845,0,2049466,0.4,0.006258,0.016313,0.4987
A002935,Consumo,Valparaíso,2532086,934,0,0,0.0,0.001888,0.004529,0.5907
A011326,Consumo,Metropolitana,779187,786,0,0,0.0,0.013785,0.032798,0.6425
A007503,Tarjeta,Valparaíso,1243123,845,0,2446991,0.4,0.006258,0.018726,0.7347
A001572,Microempresa,Metropolitana,832420,856,0,1519627,0.4,0.005399,0.018248,0.5687
A002664,Consumo,Valparaíso,1301537,816,0,0,0.0,0.009233,0.02296,0.5702
A000582,Tarjeta,Otras,4215463,842,14,2330421,0.4,0.006516,0.021581,0.7015
A001134,Tarjeta,Metropolitana,939109,927,0,688763,0.4,0.002075,0.00619,0.75
A005992,Tarjeta,Metropolitana,2180560,804,0,1908832,0.4,0.010841,0.025221,0.6039
A014843,Consumo,Valparaíso,1973865,870,0,0,0.0,0.004472,0.013605,0.6226
A012097,Consumo,Otras,1606835,950,0,0,0.0,0.001522,0.004794,0.6749
A007901,Consumo,Otras,542371,888,0,0,0.0,0.00351,0.011383,0.6542
A014288,Tarjeta,Otras,2847601,820,0,1774851,0.4,0.008752,0.02765,0.7582
A005927,Consumo,Otras,758479,831,70,0,0.0,0.007552,0.017044,0.6244
A002677,Consumo,Metropolitana,2085304,825,0,0,0.0,0.008184,0.022208,0.6842
A014171,Automotriz,Metropolitana,1326149,835,0,0,0.0,0.007157,0.016004,0.4511
A012053,Tarjeta,Biobío,398907,823,0,841613,0.4,0.008407,0.024737,0.6993
A004911,Consumo,Biobío,664145,804,24,0,0.0,0.010841,0.030739,0.591
A001216,Consumo,Metropolitana,401095,815,0,0,0.0,0.009358,0.027328,0.6171
A002034,Consumo,Otras,2067785,849,0,0,0.0,0.005931,0.014691,0.5567
A008711,Tarjeta,Metropolitana,3376898,933,0,1151012,0.4,0.001914,0.006264,0.7031
A007290,Consumo,Metropolitana,916108,950,0,0,0.0,0.001522,0.004811,0.6238
A011976,Tarjeta,Otras,1247715,795,0,2504282,0.4,0.012226,0.032467,0.7622
A003583,Consumo,Metropolitana,3695800,829,0,0,0.0,0.007757,0.022008,0.5908
A011781,Consumo,Metropolitana,2783822,880,0,0,0.0,0.003909,0.011038,0.5662
A013840,Consumo,Otras,3252367,834,0,0,0.0,0.007254,0.018195,0.552
A002073,Consumo,Biobío,1676948,822,0,0,0.0,0.00852,0.020609,0.5628
A010928,Automotriz,Metropolitana,3189244,615,311,0,0.0,0.123526,0.361582,0.3085
A012569,Tarjeta,Metropolitana,382758,845,0,381316,0.4,0.006258,0.013909,0.678
A000113,Tarjeta,Metropolitana,861768,809,0,1422809,0.4,0.01014,0.030299,0.7685
A013540,Automotriz,Metropolitana,1069638,838,0,0,0.0,0.006875,0.018946,0.2819
A013587,Consumo,Biobío,2199965,817,0,0,0.0,0.00911,0.028861,0.585
A000955,Automotriz,Metropolitana,409775,823,0,0,0.0,0.008407,0.020486,0.3699
A012589,Microempresa,Biobío,2201105,840,0,1230651,0.4,0.006693,0.015619,0.6193
A014900,Consumo,Biobío,1101659,857,0,0,0.0,0.005326,0.01787,0.6898
A002476,Automotriz,Otras,1408536,858,0,0,0.0,0.005255,0.011762,0.4091
A012251,Consumo,Otras,2661417,582,114,0,0.0,0.180419,0.559169,0.6217
A010934,Consumo,Metropolitana,1719637,949,0,0,0.0,0.001542,0.003529,0.6648
A010014,Consumo,Valparaíso,2470103,950,0,0,0.0,0.001522,0.004751,0.6893
A012886,Consumo,Metropolitana,743976,859,0,0,0.0,0.005185,0.012668,0.6069
A012942,Automotriz,Valparaíso,1088635,842,0,0,0.0,0.006516,0.020173,0.4162
A007346,Tarjeta,Biobío,2303718,813,0,4250497,0.4,0.009612,0.027258,0.6229
A012574,Consumo,Otras,623480,770,0,0,0.0,0.017056,0.048717,0.5751
A010634,Automotriz,Metropolitana,984607,950,0,0,0.0,0.001522,0.004409,0.3521
A014379,Consumo,Biobío,3606190,811,90,0,0.0,0.009872,0.033344,0.6051
A006098,Consumo,Biobío,782449,913,0,0,0.0,0.002506,0.006598,0.5769
A011497,Consumo,Metropolitana,2097630,860,0,0,0.0,0.005116,0.011344,0.6272
A014443,Microempresa,Metropolitana,632226,761,0,501126,0.4,0.019219,0.048368,0.614
A007585,Tarjeta,Biobío,2566769,603,90,1211958,0.4,0.14218,0.358657,0.699
A009817,Tarjeta,Metropolitana,3441502,938,0,3192707,0.4,0.001789,0.003899,0.8342
A004575,Consumo,Metropolitana,1017139,901,0,0,0.0,0.002946,0.00903,0.6323
A002523,Consumo,Valparaíso,7775803,913,0,0,0.0,0.002506,0.00635,0.6077
A011912,Consumo,Otras,1278191,870,15,0,0.0,0.004472,0.010811,0.5785
A004786,Automotriz,Biobío,1560375,834,0,0,0.0,0.007254,0.021507,0.4151
A014368,Consumo,Biobío,500891,620,0,0,0.0,0.116394,0.366233,0.6415
A012547,Consumo,Biobío,1205416,845,27,0,0.0,0.006258,0.018042,0.6462
A004364,Consumo,Metropolitana,1832771,776,0,0,0.0,0.015749,0.040933,0.6614
A002331,Consumo,Otras,1952179,834,0,0,0.0,0.007254,0.022399,0.5733
A007052,Consumo,Metropolitana,1647575,887,0,0,0.0,0.003557,0.008928,0.6738
A013882,Tarjeta,Metropolitana,825317,871,0,1619271,0.4,0.004412,0.014088,0.7428
A001054,Tarjeta,Otras,409598,774,0,618700,0.4,0.016173,0.043797,0.6381
A005826,Consumo,Metropolitana,1641511,835,0,0,0.0,0.007157,0.017041,0.6335
A008851,Consumo,Metropolitana,1965158,509,187,0,0.0,0.371211,0.97,0.6825
A002433,Automotriz,Otras,1971831,824,124,0,0.0,0.008295,0.025774,0.35
A001884,Consumo,Metropolitana,222323,918,0,0,0.0,0.002343,0.00706,0.5839
A003767,Consumo,Otras,3751268,842,0,0,0.0,0.006516,0.020437,0.607
A008362,Consumo,Metropolitana,1677378,878,0,0,0.0,0.004016,0.008571,0.6134
A010346,Microempresa,Valparaíso,2598112,887,37,4331193,0.4,0.003557,0.011296,0.6557
A007262,Consumo,Metropolitana,1175279,773,0,0,0.0,0.016389,0.04216,0.6666
A000497,Automotriz,Metropolitana,4826647,907,0,0,0.0,0.002717,0.006516,0.3969
A011227,Consumo,Metropolitana,1902755,950,0,0,0.0,0.001522,0.004008,0.6407
A014111,Automotriz,Metropolitana,1639905,795,0,0,0.0,0.012226,0.029902,0.3991
A005952,Consumo,Otras,1268018,873,0,0,0.0,0.004295,0.012061,0.6435
A013883,Microempresa,Metropolitana,2613842,622,77,3331958,0.4,0.113643,0.268809,0.5862
A006528,Consumo,Metropolitana,1656159,887,0,0,0.0,0.003557,0.007504,0.6536
A001360,Microempresa,Otras,780304,820,14,609832,0.4,0.008752,0.029207,0.4871
A012847,Automotriz,Metropolitana,4784188,838,0,0,0.0,0.006875,0.016462,0.3943
A011760,Consumo,Valparaíso,966551,950,0,0,0.0,0.001522,0.003913,0.7113
A008773,Consumo,Valparaíso,1222078,949,0,0,0.0,0.001542,0.004097,0.6949
A012565,Automotriz,Otras,1162900,949,0,0,0.0,0.001542,0.003554,0.4409
A013163,Automotriz,Metropolitana,784346,776,41,0,0.0,0.015749,0.043175,0.4281
A007477,Consumo,Metropolitana,5719045,856,0,0,0.0,0.005399,0.017717,0.6601
A014211,Tarjeta,Valparaíso,527439,728,0,1084533,0.4,0.029699,0.097909,0.7098
A011674,Consumo,Valparaíso,678087,832,0,0,0.0,0.007451,0.022177,0.5955
A014978,Tarjeta,Metropolitana,1218120,743,0,874678,0.4,0.024383,0.053466,0.7714
A014929,Consumo,Otras,433914,620,0,0,0.0,0.116394,0.257751,0.6118
A013509,Consumo,Otras,1589586,950,0,0,0.0,0.001522,0.003703,0.6693
A003832,Consumo,Metropolitana,6044246,902,0,0,0.0,0.002907,0.007138,0.6305
A001121,Consumo,Metropolitana,2721534,761,0,0,0.0,0.019219,0.042127,0.5833
A013286,Tarjeta,Metropolitana,3034861,734,180,2867171,0.4,0.02745,0.057798,0.7232
A000227,Microempresa,Metropolitana,6969094,849,0,3090421,0.4,0.005931,0.017166,0.5
A005953,Consumo,Metropolitana,1749915,931,40,0,0.0,0.001966,0.006217,0.5819
A005551,Consumo,Metropolitana,4629481,785,0,0,0.0,0.01397,0.045588,0.6409
A004509,Tarjeta,Otras,373607,819,0,727170,0.4,0.00887,0.026743,0.7503
A001989,Consumo,Otras,600187,789,0,0,0.0,0.013245,0.0346,0.6261
A003904,Consumo,Biobío,455937,874,0,0,0.0,0.004238,0.011472,0.676
A012190,Consumo,Biobío,683053,858,0,0,0.0,0.005255,0.011589,0.565
A009477,Tarjeta,Metropolitana,2033191,760,0,1636874,0.4,0.019476,0.060734,0.7216
A002363,Tarjeta,Valparaíso,214740,801,0,166381,0.4,0.011285,0.02855,0.6586
A008528,Consumo,Metropolitana,3131509,841,0,0,0.0,0.006604,0.014625,0.6302
A005928,Tarjeta,Metropolitana,2481541,808,0,2801888,0.4,0.010276,0.031189,0.6884
A008869,Consumo,Metropolitana,1322671,773,0,0,0.0,0.016389,0.052804,0.5802
A012729,Tarjeta,Otras,4385616,572,302,3353225,0.4,0.20127,0.62585,0.7018
A012235,Consumo,Metropolitana,818975,814,205,0,0.0,0.009484,0.024701,0.6387
A010220,Consumo,Otras,362806,753,0,0,0.0,0.021367,0.048161,0.6403
A012408,Tarjeta,Metropolitana,2238668,823,0,4635442,0.4,0.008407,0.024905,0.6792
A006466,Tarjeta,Metropolitana,607074,650,0,1283296,0.4,0.080733,0.241933,0.5778
A012179,Automotriz,Metropolitana,2856754,694,130,0,0.0,0.04622,0.11312,0.352
A013117,Consumo,Metropolitana,3514934,702,150,0,0.0,0.041681,0.125093,0.5787
A004667,Automotriz,Otras,1398127,798,0,0,0.0,0.011746,0.027399,0.3673
A004307,Consumo,Metropolitana,2337421,929,0,0,0.0,0.00202,0.004458,0.5651
A003499,Automotriz,Biobío,729093,845,0,0,0.0,0.006258,0.019399,0.3821
A001409,Consumo,Valparaíso,1650826,661,0,0,0.0,0.070366,0.182875,0.6714
A010653,Automotriz,Metropolitana,2376888,946,0,0,0.0,0.001606,0.005248,0.4538
A009880,Consumo,Otras,654534,833,41,0,0.0,0.007352,0.018433,0.6416
A013665,Tarjeta,Valparaíso,2130199,847,0,1387943,0.4,0.006092,0.015948,0.6655
A000134,Consumo,Otras,3044790,836,0,0,0.0,0.007062,0.018172,0.6019
A002850,Consumo,Metropolitana,1372697,664,0,0,0.0,0.06776,0.151347,0.5858
A009828,Microempresa,Otras,1207533,866,90,1651600,0.4,0.004719,0.014397,0.569
A009369,Consumo,Valparaíso,2643652,881,0,0,0.0,0.003857,0.008808,0.5665
A013083,Consumo,Otras,770157,862,0,0,0.0,0.00498,0.012342,0.6032
A003697,Consumo,Valparaíso,879190,712,0,0,0.0,0.036605,0.108898,0.6566
A008890,Automotriz,Metropolitana,2375709,836,0,0,0.0,0.007062,0.019252,0.3338
A003840,Consumo,Biobío,1533570,787,0,0,0.0,0.013603,0.032311,0.5169
A004171,Microempresa,Metropolitana,2536891,801,0,1898978,0.4,0.011285,0.03806,0.5499
A013054,Consumo,Metropolitana,940820,778,0,0,0.0,0.015335,0.037134,0.6729
A002492,Microempresa,Metropolitana,2257306,715,0,892696,0.4,0.035202,0.105139,0.5352
A002839,Consumo,Otras,706423,898,0,0,0.0,0.003068,0.009106,0.6001
A006066,Automotriz,Metropolitana,758553,863,0,0,0.0,0.004914,0.016255,0.4544
A010474,Microempresa,Metropolitana,387674,897,0,556893,0.4,0.003109,0.009214,0.6953
A010690,Microempresa,Metropolitana,425001,825,0,418942,0.4,0.008184,0.023207,0.5542
A011919,Consumo,Otras,1013548,838,0,0,0.0,0.006875,0.014712,0.6808
A001600,Automotriz,Metropolitana,1436449,767,72,0,0.0,0.017749,0.055425,0.4927
A006639,Tarjeta,Valparaíso,2822405,941,0,5714550,0.4,0.001718,0.003975,0.7101
A003721,Automotriz,Metropolitana,1838958,875,0,0,0.0,0.004181,0.013557,0.3605
A010165,Microempresa,Metropolitana,757717,921,0,505966,0.4,0.00225,0.004754,0.6123
A001230,Automotriz,Otras,1325273,768,0,0,0.0,0.017515,0.052698,0.3716
A002585,Consumo,Metropolitana,2170909,673,90,0,0.0,0.060469,0.152949,0.6251
A011540,Microempresa,Otras,1778690,759,0,831772,0.4,0.019735,0.063839,0.5377
A012028,Tarjeta,Otras,1899455,634,0,4063610,0.4,0.098304,0.285302,0.8287
A011793,Tarjeta,Metropolitana,4693151,824,90,8894014,0.4,0.008295,0.019147,0.7748
A005950,Microempresa,Metropolitana,1006176,856,0,539746,0.4,0.005399,0.01812,0.5357
A014078,Consumo,Biobío,2105477,876,0,0,0.0,0.004125,0.009204,0.6195
A006734,Consumo,Metropolitana,872740,902,0,0,0.0,0.002907,0.007081,0.559
A002429,Microempresa,Otras,1625202,907,0,3496487,0.4,0.002717,0.006499,0.5218
A009017,Tarjeta,Otras,2867033,753,0,5840288,0.4,0.021367,0.069002,0.766
A010524,Tarjeta,Metropolitana,155467,853,0,69142,0.4,0.005621,0.016949,0.7357
A014471,Tarjeta,Valparaíso,2198929,788,0,4179270,0.4,0.013423,0.040357,0.7893
A001037,Consumo,Valparaíso,1832810,788,0,0,0.0,0.013423,0.043426,0.643
A004657,Consumo,Valparaíso,180628,871,0,0,0.0,0.004412,0.014678,0.6438
A013018,Consumo,Metropolitana,1086496,700,0,0,0.0,0.042774,0.109201,0.6008
A008542,Tarjeta,Valparaíso,196008,773,0,147627,0.4,0.016389,0.050056,0.7864
A003867,Automotriz,Metropolitana,1604339,776,0,0,0.0,0.015749,0.040322,0.3949
A013734,Microempresa,Otras,5547415,841,0,10935122,0.4,0.006604,0.021464,0.5402
A014619,Microempresa,Otras,3946199,919,0,1226025,0.4,0.002311,0.005325,0.5529
A001575,Tarjeta,Metropolitana,2785064,829,140,4109215,0.4,0.007757,0.024415,0.6896
A009287,Consumo,Biobío,2737789,824,0,0,0.0,0.008295,0.026317,0.6382
A007481,Tarjeta,Otras,400743,860,0,317647,0.4,0.005116,0.015103,0.6862
A004059,Tarjeta,Metropolitana,2823404,737,0,1541059,0.4,0.026388,0.076056,0.7205
A009934,Consumo,Valparaíso,462047,909,0,0,0.0,0.002645,0.006153,0.6346
A014091,Microempresa,Metropolitana,3220318,872,0,3197872,0.4,0.004353,0.011262,0.5306
A013848,Tarjeta,Biobío,1833230,881,0,3452021,0.4,0.003857,0.00927,0.6531
A000501,Consumo,Valparaíso,992027,855,0,0,0.0,0.005472,0.013196,0.6638
A007103,Tarjeta,Metropolitana,725258,887,0,414813,0.4,0.003557,0.011134,0.7098
A007235,Consumo,Biobío,3647369,810,77,0,0.0,0.010005,0.027521,0.6678
A013444,Tarjeta,Biobío,1977049,860,0,2983550,0.4,0.005116,0.015376,0.6518
A009780,Tarjeta,Otras,6963464,889,0,6715718,0.4,0.003463,0.008019,0.6706
A002029,Automotriz,Otras,738470,847,0,0,0.0,0.006092,0.020694,0.3301
A011650,Tarjeta,Metropolitana,1162341,818,103,2479791,0.4,0.008989,0.025733,0.75
A006959,Consumo,Valparaíso,1229403,848,0,0,0.0,0.006011,0.0183,0.6911
A006497,Consumo,Metropolitana,1081759,898,39,0,0.0,0.003068,0.00866,0.6131
A010752,Automotriz,Biobío,3571111,796,0,0,0.0,0.012064,0.030108,0.2806
A011600,Automotriz,Metropolitana,1842737,855,0,0,0.0,0.005472,0.016112,0.3486
A006782,Automotriz,Biobío,425536,916,64,0,0.0,0.002407,0.005473,0.368
A004666,Microempresa,Metropolitana,2676746,573,90,5753050,0.4,0.199106,0.593324,0.5786
A008874,Tarjeta,Otras,2651846,942,0,3874591,0.4,0.001695,0.003715,0.7771
A012204,Automotriz,Metropolitana,1485424,850,0,0,0.0,0.005852,0.012695,0.4154
A002761,Microempresa,Metropolitana,3852626,603,90,2943036,0.4,0.14218,0.439096,0.5584
A005093,Consumo,Metropolitana,3157316,944,0,0,0.0,0.00165,0.004175,0.6531
A009106,Automotriz,Otras,735783,772,0,0,0.0,0.016609,0.035535,0.4383
A003652,Microempresa,Biobío,2729712,848,0,1101767,0.4,0.006011,0.016785,0.509
A007395,Tarjeta,Metropolitana,1783065,708,103,3911478,0.4,0.03856,0.089607,0.68
A014079,Tarjeta,Metropolitana,4409154,852,0,3672726,0.4,0.005697,0.018153,0.7381
A009297,Consumo,Otras,1269024,950,0,0,0.0,0.001522,0.003586,0.6504
A008973,Tarjeta,Otras,2878593,784,0,2811003,0.4,0.014158,0.046854,0.671
A012048,Automotriz,Metropolitana,844267,863,0,0,0.0,0.004914,0.013917,0.3031
A012784,Consumo,Valparaíso,2295420,823,0,0,0.0,0.008407,0.028515,0.5919
A006005,Microempresa,Metropolitana,3007733,699,0,3576593,0.4,0.043331,0.121987,0.5554
A009006,Consumo,Otras,163975,885,0,0,0.0,0.003655,0.00927,0.5783
A006118,Automotriz,Biobío,3166153,870,0,0,0.0,0.004472,0.009852,0.4771
A003382,Automotriz,Otras,1109670,744,428,0,0.0,0.024063,0.065818,0.3224
A002093,Consumo,Metropolitana,2144392,849,0,0,0.0,0.005931,0.018903,0.5674
A000136,Tarjeta,Valparaíso,429810,853,0,537157,0.4,0.005621,0.015782,0.7649
A002105,Automotriz,Metropolitana,3709950,830,54,0,0.0,0.007654,0.018577,0.2786
A004557,Tarjeta,Valparaíso,1163887,657,0,1073602,0.4,0.073985,0.178261,0.5908
A009326,Automotriz,Metropolitana,1350833,877,9,0,0.0,0.00407,0.010244,0.4197
A003627,Tarjeta,Biobío,615622,820,0,1119016,0.4,0.008752,0.027634,0.7695
A000865,Tarjeta,Otras,483219,848,0,624584,0.4,0.006011,0.017891,0.7361
A002893,Consumo,Valparaíso,3719599,874,0,0,0.0,0.004238,0.010064,0.6187
A014136,Consumo,Metropolitana,375226,950,0,0,0.0,0.001522,0.004951,0.6206
A001282,Tarjeta,Metropolitana,7938996,823,0,4093704,0.4,0.008407,0.026651,0.786
A006236,Tarjeta,Otras,1092350,824,56,1218984,0.4,0.008295,0.021588,0.6875
A005617,Consumo,Metropolitana,400105,808,82,0,0.0,0.010276,0.025844,0.5916
A002436,Consumo,Metropolitana,1598623,815,0,0,0.0,0.009358,0.031589,0.6823
A014819,Consumo,Metropolitana,9383730,851,31,0,0.0,0.005774,0.015508,0.6181
A013052,Consumo,Metropolitana,2651936,779,65,0,0.0,0.015132,0.034528,0.5374
A012234,Tarjeta,Metropolitana,337915,866,21,262596,0.4,0.004719,0.011623,0.7188
A001671,Tarjeta,Otras,1651921,885,0,2601851,0.4,0.003655,0.009479,0.7304
A013458,Consumo,Valparaíso,195802,789,0,0,0.0,0.013245,0.038854,0.5164
A005915,Automotriz,Otras,1700927,833,96,0,0.0,0.007352,0.021834,0.3417
A009037,Consumo,Otras,419283,950,0,0,0.0,0.001522,0.004393,0.6647
A003538,Tarjeta,Metropolitana,783623,757,0,1029656,0.4,0.020265,0.065031,0.7004
A002218,Consumo,Biobío,1199712,937,28,0,0.0,0.001813,0.003903,0.5588
A007776,Microempresa,Otras,495112,835,0,327472,0.4,0.007157,0.020818,0.6044
A004743,Microempresa,Otras,716410,877,0,1568950,0.4,0.00407,0.012258,0.5236
A009511,Consumo,Valparaíso,1406634,792,85,0,0.0,0.012725,0.038803,0.7151
A005295,Automotriz,Valparaíso,1921728,675,90,0,0.0,0.058952,0.12991,0.4078
A013142,Consumo,Metropolitana,2274151,702,0,0,0.0,0.041681,0.123252,0.563
A010594,Tarjeta,Otras,2478689,832,0,3546582,0.4,0.007451,0.024867,0.7837
A013818,Consumo,Biobío,3886895,818,0,0,0.0,0.008989,0.025207,0.6159
A009075,Consumo,Metropolitana,2365308,741,0,0,0.0,0.025034,0.066624,0.5687
A011144,Automotriz,Metropolitana,4155402,839,0,0,0.0,0.006783,0.019575,0.4155
A005323,Microempresa,Otras,3464868,720,0,4057855,0.4,0.032978,0.108281,0.5912
A000985,Automotriz,Valparaíso,1158386,832,0,0,0.0,0.007451,0.021048,0.4284
A010379,Consumo,Otras,557245,936,88,0,0.0,0.001838,0.006144,0.5846
A014121,Consumo,Otras,715575,918,60,0,0.0,0.002343,0.007906,0.6154
A011782,Consumo,Otras,2645321,754,0,0,0.0,0.021086,0.071236,0.6168
A009459,Tarjeta,Metropolitana,2992071,876,40,5871879,0.4,0.004125,0.009844,0.746
A012330,Microempresa,Biobío,1321842,895,0,2735143,0.4,0.003194,0.009733,0.5698
A010216,Consumo,Biobío,980582,950,78,0,0.0,0.001522,0.004833,0.6396
A003445,Tarjeta,Metropolitana,2429068,819,441,3898495,0.4,0.00887,0.021904,0.7018
A000344,Consumo,Metropolitana,835273,682,0,0,0.0,0.053918,0.135581,0.6501
A009010,Consumo,Metropolitana,1715906,815,157,0,0.0,0.009358,0.022547,0.5725
A008800,Microempresa,Metropolitana,1676270,854,0,1383020,0.4,0.005546,0.012219,0.5389
A010471,Consumo,Biobío,1601239,906,104,0,0.0,0.002754,0.009109,0.6082
A009514,Tarjeta,Metropolitana,2103136,869,0,4112339,0.4,0.004533,0.013291,0.7244
A002828,Consumo,Otras,3199445,848,0,0,0.0,0.006011,0.013974,0.596
A000160,Automotriz,Valparaíso,437325,950,0,0,0.0,0.001522,0.00396,0.3556
A008607,Tarjeta,Metropolitana,1211189,847,0,1455327,0.4,0.006092,0.017062,0.6432
A013706,Consumo,Otras,302663,797,0,0,0.0,0.011904,0.029999,0.6579
A003811,Consumo,Metropolitana,676240,834,0,0,0.0,0.007254,0.01642,0.6152
A004294,Consumo,Metropolitana,1180585,871,64,0,0.0,0.004412,0.014665,0.6728
A008705,Consumo,Biobío,965812,880,0,0,0.0,0.003909,0.01213,0.6672
A011933,Consumo,Metropolitana,534168,835,0,0,0.0,0.007157,0.022844,0.6676
A010482,Tarjeta,Valparaíso,2775369,926,0,2760918,0.4,0.002103,0.005096,0.7517
A011662,Consumo,Valparaíso,2539200,740,0,0,0.0,0.025366,0.060812,0.7014
A008563,Tarjeta,Otras,1278665,852,0,929942,0.4,0.005697,0.019203,0.6331
A002439,Consumo,Biobío,359276,945,0,0,0.0,0.001628,0.004953,0.6938
A012008,Tarjeta,Otras,1173334,933,0,2177619,0.4,0.001914,0.004672,0.6789
A014061,Automotriz,Biobío,1911329,749,392,0,0.0,0.022527,0.058854,0.4922
A004416,Consumo,Valparaíso,1823601,788,0,0,0.0,0.013423,0.040986,0.5455
A006308,Consumo,Metropolitana,1381452,930,0,0,0.0,0.001993,0.00505,0.6873
A006666,Consumo,Valparaíso,6885786,905,0,0,0.0,0.002792,0.006244,0.6248
A012116,Tarjeta,Metropolitana,2512723,723,90,2268726,0.4,0.031709,0.088726,0.7251
A003329,Consumo,Valparaíso,1266462,759,0,0,0.0,0.019735,0.05678,0.6586
A007507,Automotriz,Otras,2562494,810,0,0,0.0,0.010005,0.030423,0.3859
A000302,Microempresa,Metropolitana,449019,833,0,171595,0.4,0.007352,0.021642,0.5111
A000055,Automotriz,Metropolitana,1112256,746,0,0,0.0,0.023437,0.063244,0.2754
A006865,Tarjeta,Valparaíso,2384225,810,0,4936183,0.4,0.010005,0.032342,0.7855
A002099,Consumo,Metropolitana,1796502,910,0,0,0.0,0.00261,0.008781,0.5656
A008860,Consumo,Metropolitana,887639,761,0,0,0.0,0.019219,0.045453,0.5965
A010815,Automotriz,Biobío,591185,861,0,0,0.0,0.005048,0.014515,0.4332
A002485,Automotriz,Valparaíso,215446,921,22,0,0.0,0.00225,0.004994,0.3805
A012734,Automotriz,Otras,3277988,937,0,0,0.0,0.001813,0.004002,0.4071
A003014,Automotriz,Metropolitana,1121135,757,88,0,0.0,0.020265,0.063623,0.3558
A014579,Automotriz,Metropolitana,657492,950,0,0,0.0,0.001522,0.00394,0.4168
A014590,Consumo,Otras,3320419,802,0,0,0.0,0.011135,0.032706,0.6456
A008223,Tarjeta,Otras,2605757,943,0,2392684,0.4,0.001672,0.003865,0.7486
A004086,Automotriz,Valparaíso,305142,723,0,0,0.0,0.031709,0.092867,0.4254
A001739,Automotriz,Valparaíso,4379628,840,0,0,0.0,0.006693,0.02275,0.372
A013143,Consumo,Metropolitana,2850316,625,90,0,0.0,0.109623,0.262754,0.6433
A000005,Consumo,Metropolitana,730741,748,0,0,0.0,0.022826,0.07755,0.6181
A000080,Tarjeta,Otras,1267098,805,0,1421960,0.4,0.010697,0.030002,0.6681
A008626,Consumo,Metropolitana,779819,790,0,0,0.0,0.013069,0.042304,0.634
A013199,Consumo,Metropolitana,1130032,799,0,0,0.0,0.01159,0.027576,0.6036
A013748,Consumo,Metropolitana,887515,871,0,0,0.0,0.004412,0.014212,0.556
A014342,Consumo,Metropolitana,1546699,869,0,0,0.0,0.004533,0.013219,0.5625
A007542,Automotriz,Metropolitana,1238390,950,0,0,0.0,0.001522,0.003904,0.3936
A006292,Tarjeta,Valparaíso,3884045,855,0,5266016,0.4,0.005472,0.015054,0.7315
A004568,Consumo,Biobío,294164,788,0,0,0.0,0.013423,0.029117,0.6126
A001158,Automotriz,Otras,5615724,761,0,0,0.0,0.019219,0.048124,0.2857
A002977,Consumo,Biobío,367660,941,0,0,0.0,0.001718,0.004259,0.5718
A009864,Consumo,Valparaíso,698554,755,45,0,0.0,0.020809,0.047069,0.5927
A006967,Consumo,Biobío,1361780,890,0,0,0.0,0.003417,0.011136,0.5771
A009849,Tarjeta,Valparaíso,1178965,792,0,1890890,0.4,0.012725,0.038005,0.7353
A007403,Automotriz,Otras,156690,852,0,0,0.0,0.005697,0.017797,0.3391
A014109,Consumo,Otras,2919617,820,0,0,0.0,0.008752,0.022699,0.5777
A008357,Automotriz,Otras,2469853,727,0,0,0.0,0.030091,0.098458,0.3398
A004135,Consumo,Metropolitana,3526611,796,0,0,0.0,0.012064,0.040993,0.6231
A005332,Consumo,Metropolitana,457799,933,0,0,0.0,0.001914,0.006487,0.6807
A006952,Consumo,Metropolitana,369854,950,0,0,0.0,0.001522,0.003201,0.5558
A007618,Consumo,Metropolitana,86544,919,0,0,0.0,0.002311,0.007586,0.6891
A013134,Consumo,Metropolitana,576395,840,0,0,0.0,0.006693,0.018212,0.6528
A005094,Tarjeta,Metropolitana,1527687,818,0,2773834,0.4,0.008989,0.029818,0.6978
A014552,Tarjeta,Valparaíso,3855785,895,0,4158526,0.4,0.003194,0.009247,0.6305
A014052,Microempresa,Otras,498052,801,0,173518,0.4,0.011285,0.037397,0.4608
A000975,Consumo,Otras,258770,902,0,0,0.0,0.002907,0.009595,0.5761
A000952,Consumo,Biobío,1369600,863,0,0,0.0,0.004914,0.012219,0.5752
A008907,Consumo,Otras,564424,791,0,0,0.0,0.012896,0.032963,0.6042
A003956,Consumo,Metropolitana,1790055,950,0,0,0.0,0.001522,0.003981,0.6989
A002285,Consumo,Otras,1528728,814,0,0,0.0,0.009484,0.021919,0.6825
A001292,Consumo,Metropolitana,949608,829,0,0,0.0,0.007757,0.023032,0.543
A005779,Tarjeta,Metropolitana,5418253,783,0,9766351,0.4,0.014347,0.042628,0.7828
A013197,Microempresa,Otras,2570421,735,74,4269228,0.4,0.027091,0.069792,0.5273
A006421,Consumo,Metropolitana,1888950,858,0,0,0.0,0.005255,0.011344,0.553
A004399,Tarjeta,Otras,710300,820,0,1013329,0.4,0.008752,0.025974,0.7348
A006738,Tarjeta,Biobío,358618,918,100,767365,0.4,0.002343,0.006024,0.6732
A012890,Consumo,Metropolitana,937285,770,0,0,0.0,0.017056,0.037709,0.5537
A001523,Tarjeta,Valparaíso,1663682,668,0,3597465,0.4,0.064424,0.142603,0.765
A002864,Consumo,Valparaíso,1271890,897,0,0,0.0,0.003109,0.00744,0.6891
A011411,Consumo,Biobío,2132450,714,0,0,0.0,0.035664,0.115299,0.5171
A006089,Tarjeta,Metropolitana,1636034,763,0,1433614,0.4,0.018716,0.049937,0.7111
A013119,Tarjeta,Valparaíso,2607098,819,90,1066510,0.4,0.00887,0.027388,0.7382
A003299,Consumo,Metropolitana,1030806,934,0,0,0.0,0.001888,0.00577,0.6738
A005674,Tarjeta,Metropolitana,1141488,950,0,1690249,0.4,0.001522,0.003772,0.7442
A000797,Consumo,Metropolitana,501848,901,0,0,0.0,0.002946,0.006449,0.6508
A005575,Microempresa,Biobío,1001714,790,0,1370482,0.4,0.013069,0.035558,0.5598
A002412,Consumo,Otras,318267,865,0,0,0.0,0.004783,0.014558,0.6747
A012071,Consumo,Metropolitana,1293012,825,0,0,0.0,0.008184,0.024515,0.666
A014376,Consumo,Otras,307771,804,0,0,0.0,0.010841,0.029723,0.6408
A014095,Tarjeta,Metropolitana,3863664,818,0,4018011,0.4,0.008989,0.024004,0.7326
A000081,Tarjeta,Metropolitana,1095572,832,0,770234,0.4,0.007451,0.016322,0.6752
A011012,Consumo,Valparaíso,233372,865,0,0,0.0,0.004783,0.015572,0.6251
A014988,Tarjeta,Valparaíso,3318741,531,90,3935135,0.4,0.304846,0.926215,0.6794
A008565,Consumo,Otras,352026,846,0,0,0.0,0.006175,0.013363,0.5059
A000783,Consumo,Metropolitana,5820187,745,0,0,0.0,0.023748,0.058719,0.6651
A000871,Consumo,Metropolitana,1036007,890,0,0,0.0,0.003417,0.010674,0.5933
A002511,Automotriz,Metropolitana,1674706,764,0,0,0.0,0.01847,0.050028,0.3582
A007033,Consumo,Otras,4171249,808,90,0,0.0,0.010276,0.034335,0.718
A002563,Automotriz,Metropolitana,3344025,518,236,0,0.0,0.343294,0.97,0.3285
A011065,Consumo,Metropolitana,772195,860,0,0,0.0,0.005116,0.011509,0.6491
A011682,Tarjeta,Metropolitana,476449,741,0,152849,0.4,0.025034,0.054706,0.6749
A006138,Tarjeta,Metropolitana,2899875,789,0,1443072,0.4,0.013245,0.034753,0.6953
A010357,Microempresa,Metropolitana,620371,950,0,264173,0.4,0.001522,0.003307,0.5712
A009038,Microempresa,Otras,2619699,950,0,833430,0.4,0.001522,0.004135,0.4974
A005105,Consumo,Otras,2467436,832,0,0,0.0,0.007451,0.021261,0.5703
A000751,Consumo,Biobío,781061,890,0,0,0.0,0.003417,0.008818,0.5963
A007221,Automotriz,Metropolitana,3991707,881,0,0,0.0,0.003857,0.009537,0.4368
A010296,Automotriz,Metropolitana,1816045,805,0,0,0.0,0.010697,0.036112,0.2944
A000769,Consumo,Valparaíso,563089,914,0,0,0.0,0.002473,0.008095,0.654
A003546,Microempresa,Metropolitana,5968740,877,0,12451193,0.4,0.00407,0.009508,0.5122
A006264,Tarjeta,Otras,2162629,848,97,1911266,0.4,0.006011,0.0152,0.6894
A006670,Consumo,Otras,1223262,903,37,0,0.0,0.002868,0.007652,0.5748
A002698,Consumo,Biobío,1160924,821,0,0,0.0,0.008635,0.025684,0.5794
A002017,Microempresa,Biobío,2775059,831,0,1650620,0.4,0.007552,0.021415,0.5404
A004477,Tarjeta,Valparaíso,2193390,832,0,3404689,0.4,0.007451,0.017753,0.7314
A002175,Consumo,Valparaíso,1176783,895,71,0,0.0,0.003194,0.008313,0.6005
A006972,Automotriz,Metropolitana,1361957,893,0,0,0.0,0.003281,0.009227,0.3146
A001284,Tarjeta,Metropolitana,1410494,750,110,3093753,0.4,0.022231,0.057551,0.7759
A000541,Automotriz,Otras,891372,810,78,0,0.0,0.010005,0.028765,0.4486
A011934,Consumo,Metropolitana,3027522,788,149,0,0.0,0.013423,0.0311,0.6805
A010473,Microempresa,Metropolitana,1450741,744,0,3083663,0.4,0.024063,0.074474,0.4943
A003906,Consumo,Metropolitana,1451214,950,34,0,0.0,0.001522,0.003857,0.639
A000616,Consumo,Metropolitana,860251,780,0,0,0.0,0.014932,0.04926,0.6467
A012464,Automotriz,Metropolitana,671891,868,0,0,0.0,0.004594,0.012755,0.3775
A007884,Consumo,Otras,1298583,836,0,0,0.0,0.007062,0.018654,0.663
A007629,Microempresa,Metropolitana,1894669,902,0,3407111,0.4,0.002907,0.007343,0.494
A006455,Automotriz,Otras,984419,902,0,0,0.0,0.002907,0.00966,0.3986
A007706,Microempresa,Metropolitana,805134,857,0,1314303,0.4,0.005326,0.015626,0.5662
A010281,Tarjeta,Metropolitana,700540,817,0,263595,0.4,0.00911,0.026573,0.7705
A007466,Tarjeta,Metropolitana,2625275,810,0,4528352,0.4,0.010005,0.025008,0.7551
A009310,Automotriz,Valparaíso,388293,842,0,0,0.0,0.006516,0.019175,0.3771
A009603,Tarjeta,Metropolitana,2181684,822,90,4622336,0.4,0.00852,0.025395,0.6417
A007291,Automotriz,Biobío,883445,824,0,0,0.0,0.008295,0.023775,0.4111
A000354,Microempresa,Metropolitana,2361252,812,0,1466016,0.4,0.009741,0.025088,0.49
A004482,Consumo,Biobío,821516,693,0,0,0.0,0.046819,0.132507,0.61
A009416,Consumo,Biobío,1174566,944,0,0,0.0,0.00165,0.004918,0.585
A014226,Consumo,Metropolitana,825853,776,0,0,0.0,0.015749,0.033802,0.6211
A005365,Microempresa,Metropolitana,672229,894,0,1376840,0.4,0.003237,0.011002,0.5972
A011382,Microempresa,Valparaíso,1680070,688,0,2887985,0.4,0.049928,0.145022,0.5207
A005127,Tarjeta,Otras,8679422,887,0,5700498,0.4,0.003557,0.010852,0.7619
A001901,Automotriz,Valparaíso,2235897,716,90,0,0.0,0.034746,0.085196,0.323
A009111,Consumo,Otras,1664882,749,0,0,0.0,0.022527,0.052232,0.6149
A007531,Consumo,Valparaíso,755326,864,0,0,0.0,0.004848,0.015102,0.5562
A008855,Automotriz,Valparaíso,1172295,922,0,0,0.0,0.00222,0.007011,0.4593
A009320,Tarjeta,Valparaíso,6298978,862,0,4172843,0.4,0.00498,0.014382,0.7292
A013672,Consumo,Valparaíso,2261354,831,0,0,0.0,0.007552,0.017268,0.5836
A007953,Automotriz,Metropolitana,718356,816,72,0,0.0,0.009233,0.030735,0.4152
A008989,Consumo,Otras,2182729,822,87,0,0.0,0.00852,0.019229,0.5536
A012877,Consumo,Metropolitana,1036797,799,0,0,0.0,0.01159,0.028472,0.6912
A013198,Automotriz,Metropolitana,3456402,866,0,0,0.0,0.004719,0.010826,0.4143
A012609,Consumo,Biobío,576212,936,0,0,0.0,0.001838,0.006003,0.6492
A009715,Consumo,Metropolitana,1076513,883,0,0,0.0,0.003754,0.011171,0.6224
A010853,Consumo,Otras,5135933,882,0,0,0.0,0.003805,0.009482,0.5678
A009597,Automotriz,Metropolitana,1278090,880,0,0,0.0,0.003909,0.01055,0.3007
A006733,Consumo,Metropolitana,6167610,572,0,0,0.0,0.20127,0.651663,0.6553
A008499,Tarjeta,Metropolitana,573415,863,44,924811,0.4,0.004914,0.013828,0.711
A014765,Microempresa,Metropolitana,1447414,899,0,2088414,0.4,0.003027,0.00894,0.4925
A003837,Automotriz,Valparaíso,759365,878,42,0,0.0,0.004016,0.010147,0.4083
A012573,Tarjeta,Otras,2393216,791,0,1018422,0.4,0.012896,0.033056,0.7029
A002973,Consumo,Valparaíso,1039628,900,0,0,0.0,0.002986,0.010109,0.5751
A005829,Tarjeta,Biobío,1424647,878,0,1665336,0.4,0.004016,0.011,0.6008
A013282,Tarjeta,Metropolitana,473131,874,0,626898,0.4,0.004238,0.013175,0.7477
A013304,Tarjeta,Metropolitana,467175,790,121,167134,0.4,0.013069,0.043298,0.7064
A013368,Tarjeta,Otras,3357532,659,586,1127718,0.4,0.072155,0.220042,0.6
A000973,Tarjeta,Valparaíso,4524405,834,0,2947302,0.4,0.007254,0.022235,0.7249
A009567,Consumo,Valparaíso,570688,881,0,0,0.0,0.003857,0.010683,0.5916
A013741,Consumo,Metropolitana,1402841,933,0,0,0.0,0.001914,0.005094,0.614
A004232,Microempresa,Metropolitana,1480376,897,0,1498613,0.4,0.003109,0.009313,0.5209
A003969,Automotriz,Metropolitana,2315024,892,0,0,0.0,0.003326,0.009425,0.3659
A011629,Consumo,Metropolitana,1499678,837,0,0,0.0,0.006968,0.017979,0.6053
A012497,Consumo,Metropolitana,687303,770,0,0,0.0,0.017056,0.04254,0.6346
A011380,Consumo,Otras,1305693,913,0,0,0.0,0.002506,0.00711,0.5943
A004453,Consumo,Valparaíso,301709,897,48,0,0.0,0.003109,0.009148,0.5895
A011116,Tarjeta,Metropolitana,364571,843,0,182960,0.4,0.006429,0.015951,0.6308
A006063,Consumo,Otras,2516817,817,0,0,0.0,0.00911,0.023428,0.7192
A011307,Automotriz,Otras,737772,883,0,0,0.0,0.003754,0.009735,0.3232
A000503,Consumo,Metropolitana,327223,842,0,0,0.0,0.006516,0.016391,0.539
A000272,Consumo,Metropolitana,166100,874,0,0,0.0,0.004238,0.009151,0.5458
A013250,Consumo,Otras,374011,787,0,0,0.0,0.013603,0.031777,0.6183
A013308,Consumo,Otras,1562652,950,40,0,0.0,0.001522,0.004842,0.5617
A007607,Consumo,Metropolitana,2025881,943,0,0,0.0,0.001672,0.005077,0.6966
A005361,Tarjeta,Metropolitana,1237984,745,0,2164203,0.4,0.023748,0.066163,0.7296
A010688,Consumo,Valparaíso,1761134,835,0,0,0.0,0.007157,0.022696,0.6855
A004495,Automotriz,Metropolitana,2135591,857,67,0,0.0,0.005326,0.015814,0.3707
A000841,Tarjeta,Metropolitana,2220404,779,0,3015585,0.4,0.015132,0.033425,0.7209
A014601,Consumo,Biobío,1794556,888,0,0,0.0,0.00351,0.008287,0.6031
A004807,Tarjeta,Otras,775625,806,0,1116497,0.4,0.010555,0.024676,0.7254
A007536,Tarjeta,Otras,3858932,830,0,1797078,0.4,0.007654,0.025329,0.6981
A005402,Automotriz,Otras,948442,925,0,0,0.0,0.002132,0.006147,0.3761
A006452,Consumo,Metropolitana,1385861,741,207,0,0.0,0.025034,0.073544,0.597
A000791,Tarjeta,Metropolitana,3556422,917,1,6524915,0.4,0.002375,0.005176,0.6961
A006156,Tarjeta,Valparaíso,1235086,838,0,1984142,0.4,0.006875,0.015749,0.751
A009555,Automotriz,Metropolitana,1057007,858,163,0,0.0,0.005255,0.013627,0.2943
A011710,Consumo,Otras,4027018,923,0,0,0.0,0.00219,0.00467,0.6257
A009919,Tarjeta,Metropolitana,2991099,769,98,5763434,0.4,0.017284,0.046892,0.7463
A005605,Tarjeta,Metropolitana,350303,787,0,708105,0.4,0.013603,0.041742,0.7846
A009207,Automotriz,Biobío,848382,871,0,0,0.0,0.004412,0.013731,0.4163
A010689,Microempresa,Metropolitana,1807592,867,0,2734834,0.4,0.004656,0.015289,0.5329
A014070,Automotriz,Biobío,951745,928,3,0,0.0,0.002047,0.005982,0.403
A014012,Tarjeta,Valparaíso,674046,883,0,630419,0.4,0.003754,0.010003,0.7786
A003241,Microempresa,Metropolitana,3774894,848,0,3906518,0.4,0.006011,0.012786,0.5964
A009108,Consumo,Valparaíso,1965146,846,0,0,0.0,0.006175,0.013817,0.6238
A009213,Consumo,Otras,345268,907,0,0,0.0,0.002717,0.008988,0.6027
A000050,Consumo,Metropolitana,2068237,852,0,0,0.0,0.005697,0.017789,0.6264
A014266,Consumo,Metropolitana,1300441,915,0,0,0.0,0.00244,0.0078,0.635
A007300,Automotriz,Otras,721676,875,0,0,0.0,0.004181,0.013926,0.452
A010894,Automotriz,Otras,3625539,709,0,0,0.0,0.038062,0.114344,0.4297
A005458,Tarjeta,Metropolitana,794082,937,0,838497,0.4,0.001813,0.004424,0.7443
A001386,Tarjeta,Biobío,5992138,744,90,3404750,0.4,0.024063,0.064481,0.6949
A004954,Consumo,Otras,1909970,900,0,0,0.0,0.002986,0.008459,0.574
A004429,Microempresa,Metropolitana,2609008,866,80,3970836,0.4,0.004719,0.011124,0.58
A013347,Tarjeta,Otras,1918659,929,0,1475967,0.4,0.00202,0.006381,0.7269
A004855,Consumo,Metropolitana,3283081,843,0,0,0.0,0.006429,0.015228,0.6571
A008129,Automotriz,Metropolitana,2110889,654,0,0,0.0,0.076811,0.25625,0.3121
A001919,Consumo,Metropolitana,1004784,747,0,0,0.0,0.02313,0.051217,0.6017
A005095,Tarjeta,Metropolitana,2203727,705,0,3609667,0.4,0.040091,0.125388,0.6791
A000718,Tarjeta,Metropolitana,5710213,484,141,10734735,0.4,0.452843,0.97,0.6488
A014007,Consumo,Valparaíso,2022733,684,0,0,0.0,0.052556,0.148427,0.7251
A012631,Consumo,Metropolitana,750118,941,0,0,0.0,0.001718,0.004725,0.5678
A004539,Consumo,Valparaíso,3850150,803,22,0,0.0,0.010987,0.031047,0.5992
A001818,Consumo,Metropolitana,1121772,839,0,0,0.0,0.006783,0.015854,0.616
A004650,Microempresa,Otras,1469638,731,198,2388736,0.4,0.028553,0.067061,0.6238
A004404,Microempresa,Otras,10626260,907,0,6554645,0.4,0.002717,0.006103,0.5518
A003735,Consumo,Valparaíso,1361238,822,0,0,0.0,0.00852,0.021608,0.7066
A010517,Automotriz,Metropolitana,438214,826,0,0,0.0,0.008076,0.019666,0.4053
A003166,Microempresa,Metropolitana,2222181,950,0,3130457,0.4,0.001522,0.00446,0.4753
A002981,Tarjeta,Otras,6728833,835,0,6673004,0.4,0.007157,0.023126,0.7453
A013008,Consumo,Otras,2977089,652,90,0,0.0,0.07875,0.230682,0.6834
A007601,Consumo,Metropolitana,4540275,827,88,0,0.0,0.007968,0.02332,0.6127
A010150,Tarjeta,Otras,2312017,744,0,2466019,0.4,0.024063,0.060301,0.7555
A010943,Consumo,Metropolitana,580443,910,0,0,0.0,0.00261,0.008115,0.6198
A013122,Consumo,Metropolitana,3760892,863,102,0,0.0,0.004914,0.015033,0.6218
A000338,Automotriz,Metropolitana,5509585,929,0,0,0.0,0.00202,0.006185,0.3004
A006219,Consumo,Biobío,1089706,856,0,0,0.0,0.005399,0.018017,0.6565
A010827,Automotriz,Biobío,1619433,921,0,0,0.0,0.00225,0.006148,0.3618
A005864,Tarjeta,Metropolitana,409601,916,0,418588,0.4,0.002407,0.005833,0.8496
A009588,Consumo,Metropolitana,1222557,908,0,0,0.0,0.002681,0.007771,0.5079
A009779,Automotriz,Biobío,150994,950,0,0,0.0,0.001522,0.004813,0.3747
A002085,Consumo,Otras,87164,868,0,0,0.0,0.004594,0.010378,0.6402
A002774,Tarjeta,Otras,2149973,884,0,3206415,0.4,0.003704,0.011147,0.7646
A004322,Microempresa,Valparaíso,2164390,759,122,1663273,0.4,0.019735,0.062147,0.5763
A010693,Automotriz,Otras,884215,886,0,0,0.0,0.003606,0.010953,0.3485
A000107,Tarjeta,Valparaíso,630979,833,0,1282603,0.4,0.007352,0.023002,0.7477
A001883,Tarjeta,Valparaíso,1670346,730,0,1164016,0.4,0.02893,0.083745,0.6799
A004217,Consumo,Valparaíso,437182,798,0,0,0.0,0.011746,0.032153,0.609
A002151,Consumo,Metropolitana,883936,860,0,0,0.0,0.005116,0.012176,0.6192
A005328,Automotriz,Biobío,527482,738,0,0,0.0,0.026043,0.06707,0.4249
A011037,Tarjeta,Metropolitana,645796,916,0,1162407,0.4,0.002407,0.007711,0.6729
A001191,Tarjeta,Biobío,2024644,772,0,2126461,0.4,0.016609,0.03831,0.7747
A010145,Automotriz,Metropolitana,177207,905,0,0,0.0,0.002792,0.009285,0.3563
A009695,Microempresa,Metropolitana,2183655,822,0,3432051,0.4,0.00852,0.0216,0.5737
A006866,Consumo,Metropolitana,469591,825,0,0,0.0,0.008184,0.027133,0.6145
A006380,Consumo,Valparaíso,2594272,843,0,0,0.0,0.006429,0.01555,0.6236
A000293,Tarjeta,Valparaíso,2963396,736,0,2831897,0.4,0.026737,0.084887,0.8014
A011850,Tarjeta,Biobío,1862232,877,57,1171511,0.4,0.00407,0.01236,0.6977
A010829,Tarjeta,Metropolitana,1089358,868,0,1192598,0.4,0.004594,0.012859,0.614
A007798,Consumo,Metropolitana,2417302,765,0,0,0.0,0.018226,0.041177,0.6545
A009670,Tarjeta,Metropolitana,738427,824,0,731747,0.4,0.008295,0.024965,0.7825
A001995,Consumo,Metropolitana,284708,819,52,0,0.0,0.00887,0.021956,0.5306
A013969,Consumo,Metropolitana,2437602,863,0,0,0.0,0.004914,0.016466,0.6344
A013932,Consumo,Metropolitana,3096322,758,0,0,0.0,0.019999,0.052291,0.627
A004180,Consumo,Valparaíso,263355,950,0,0,0.0,0.001522,0.004207,0.5688
A013437,Consumo,Otras,2573066,758,0,0,0.0,0.019999,0.067468,0.6639
A000299,Microempresa,Metropolitana,1442516,789,259,1111304,0.4,0.013245,0.033669,0.4842
A005897,Consumo,Metropolitana,1672021,789,0,0,0.0,0.013245,0.027835,0.5839
A014744,Tarjeta,Otras,2711685,853,0,2337835,0.4,0.005621,0.016914,0.7662
A009621,Consumo,Valparaíso,506096,826,0,0,0.0,0.008076,0.026509,0.6541
A000118,Consumo,Metropolitana,454683,874,0,0,0.0,0.004238,0.012775,0.5893
A007973,Consumo,Metropolitana,210207,843,0,0,0.0,0.006429,0.014918,0.6396
A012668,Consumo,Metropolitana,1593947,798,0,0,0.0,0.011746,0.036337,0.6293
A014262,Consumo,Biobío,1011432,889,0,0,0.0,0.003463,0.010325,0.5778
A010984,Consumo,Metropolitana,1668301,768,0,0,0.0,0.017515,0.058677,0.5873
A014799,Consumo,Valparaíso,1940400,903,84,0,0.0,0.002868,0.008085,0.6095
A002186,Automotriz,Otras,5063751,639,284,0,0.0,0.092475,0.223041,0.422
A002489,Microempresa,Biobío,2740467,860,0,2761669,0.4,0.005116,0.017029,0.6231
A006527,Consumo,Otras,1287129,859,0,0,0.0,0.005185,0.0139,0.6452
A000518,Consumo,Biobío,4023177,861,0,0,0.0,0.005048,0.013351,0.5144
A013132,Consumo,Metropolitana,8908461,890,0,0,0.0,0.003417,0.008113,0.5834
A014409,Tarjeta,Metropolitana,1988833,823,0,816642,0.4,0.008407,0.025388,0.7561
A003666,Automotriz,Otras,1133011,917,0,0,0.0,0.002375,0.00594,0.3658
A009436,Consumo,Otras,629125,843,0,0,0.0,0.006429,0.018727,0.7464
A008370,Consumo,Metropolitana,331277,761,0,0,0.0,0.019219,0.050739,0.6889
A004478,Consumo,Valparaíso,897975,815,0,0,0.0,0.009358,0.030969,0.629
A013507,Microempresa,Metropolitana,110033,920,0,135073,0.4,0.00228,0.006461,0.5976
A004794,Automotriz,Otras,604634,901,0,0,0.0,0.002946,0.006485,0.3453
A002613,Microempresa,Biobío,994432,922,0,1557861,0.4,0.00222,0.006867,0.5968
A003689,Consumo,Metropolitana,554785,863,0,0,0.0,0.004914,0.012246,0.6547
A005346,Consumo,Valparaíso,3830947,830,0,0,0.0,0.007654,0.018749,0.6964
A012174,Automotriz,Metropolitana,1432667,835,0,0,0.0,0.007157,0.017287,0.455
A004263,Tarjeta,Metropolitana,2462570,874,0,5141092,0.4,0.004238,0.009014,0.7196
A004690,Consumo,Biobío,1714925,817,0,0,0.0,0.00911,0.025297,0.6076
A003588,Consumo,Metropolitana,6670360,874,0,0,0.0,0.004238,0.009618,0.6319
A012492,Automotriz,Otras,422820,950,0,0,0.0,0.001522,0.004406,0.407
A011262,Microempresa,Otras,4709128,828,0,6266664,0.4,0.007862,0.025772,0.5674
A013828,Automotriz,Metropolitana,970615,794,0,0,0.0,0.01239,0.032144,0.4965
A004440,Microempresa,Metropolitana,87359,824,0,178258,0.4,0.008295,0.020759,0.6203
A003923,Consumo,Metropolitana,746683,891,0,0,0.0,0.003371,0.010108,0.5785
A001772,Tarjeta,Biobío,1073704,858,0,491788,0.4,0.005255,0.016453,0.6496
A004031,Tarjeta,Otras,1153536,795,0,1051104,0.4,0.012226,0.028767,0.6964
A007482,Automotriz,Metropolitana,279728,950,14,0,0.0,0.001522,0.003642,0.3494
A008260,Tarjeta,Metropolitana,929219,791,0,1787733,0.4,0.012896,0.032494,0.7494
A000984,Tarjeta,Otras,2213641,818,0,4135956,0.4,0.008989,0.021388,0.7449
A011125,Automotriz,Metropolitana,4558872,643,183,0,0.0,0.088037,0.221209,0.3551
A008744,Consumo,Metropolitana,2619873,736,0,0,0.0,0.026737,0.067855,0.5773
A004577,Tarjeta,Metropolitana,1380057,817,0,2510952,0.4,0.00911,0.019552,0.6404
A009275,Consumo,Otras,596925,904,0,0,0.0,0.002829,0.007713,0.5566
A012802,Consumo,Valparaíso,1348641,542,0,0,0.0,0.274288,0.671771,0.6328
A004070,Tarjeta,Metropolitana,496413,611,0,949674,0.4,0.129498,0.338388,0.6927
A011724,Tarjeta,Biobío,1688132,950,0,2585303,0.4,0.001522,0.004922,0.7851
A012543,Consumo,Otras,2693459,900,0,0,0.0,0.002986,0.009209,0.583
A014928,Microempresa,Biobío,2313863,792,0,1538481,0.4,0.012725,0.039086,0.4624
A012030,Tarjeta,Metropolitana,1229899,685,0,888182,0.4,0.051887,0.126559,0.6726
A007337,Consumo,Otras,1585006,912,0,0,0.0,0.00254,0.007435,0.6735
A000476,Consumo,Otras,1405901,860,0,0,0.0,0.005116,0.01734,0.5911
A004025,Microempresa,Otras,1703380,946,0,2712467,0.4,0.001606,0.003396,0.5573
A012462,Tarjeta,Otras,461066,820,0,874766,0.4,0.008752,0.020255,0.6545
A008483,Consumo,Otras,836895,882,0,0,0.0,0.003805,0.011934,0.6639
A011736,Tarjeta,Metropolitana,159367,868,0,182682,0.4,0.004594,0.0112,0.7423
A007088,Automotriz,Valparaíso,636388,674,0,0,0.0,0.059706,0.179789,0.3584
A012100,Tarjeta,Metropolitana,1834532,945,0,670355,0.4,0.001628,0.003979,0.6641
A009820,Consumo,Metropolitana,1026799,804,155,0,0.0,0.010841,0.02342,0.5687
A001894,Tarjeta,Valparaíso,2949051,780,0,2104181,0.4,0.014932,0.033223,0.7051
A003712,Automotriz,Otras,1096788,880,0,0,0.0,0.003909,0.01288,0.3931
A007926,Automotriz,Otras,1675267,815,0,0,0.0,0.009358,0.026743,0.3942
A004880,Consumo,Metropolitana,4971015,905,0,0,0.0,0.002792,0.007037,0.564
A000034,Tarjeta,Metropolitana,1921199,874,0,4206678,0.4,0.004238,0.009027,0.7455
A013761,Automotriz,Biobío,5172981,727,124,0,0.0,0.030091,0.094735,0.3335
A001492,Microempresa,Metropolitana,1361026,828,0,1022993,0.4,0.007862,0.023851,0.5543
A004145,Microempresa,Metropolitana,573906,803,0,357777,0.4,0.010987,0.02935,0.5236
A001328,Consumo,Otras,2615848,926,0,0,0.0,0.002103,0.005866,0.6731
A013062,Tarjeta,Otras,2566244,837,38,5264375,0.4,0.006968,0.022714,0.6981
A012240,Consumo,Metropolitana,234721,901,0,0,0.0,0.002946,0.009939,0.5816
A000082,Tarjeta,Biobío,594812,901,0,495918,0.4,0.002946,0.007029,0.7616
A008310,Automotriz,Metropolitana,967365,891,0,0,0.0,0.003371,0.010871,0.3049
A001744,Tarjeta,Metropolitana,2550855,603,0,5024167,0.4,0.14218,0.352096,0.7192
A013829,Consumo,Otras,2047515,816,0,0,0.0,0.009233,0.020505,0.6286
A011526,Microempresa,Valparaíso,723508,857,0,538158,0.4,0.005326,0.016348,0.4766
A004848,Tarjeta,Biobío,727801,841,0,1111421,0.4,0.006604,0.020963,0.6536
A008753,Consumo,Valparaíso,331657,799,0,0,0.0,0.01159,0.029052,0.5846
A003405,Consumo,Otras,229658,789,0,0,0.0,0.013245,0.043796,0.7016
A013210,Tarjeta,Otras,1824563,840,0,2993801,0.4,0.006693,0.014877,0.7306
A013982,Tarjeta,Metropolitana,2027018,700,0,2017915,0.4,0.042774,0.098328,0.7658
A011625,Automotriz,Otras,1626599,922,0,0,0.0,0.00222,0.006153,0.3897
A014557,Automotriz,Otras,656892,893,0,0,0.0,0.003281,0.007412,0.3581
A006082,Automotriz,Metropolitana,1349290,678,0,0,0.0,0.056743,0.136053,0.321
A000617,Consumo,Metropolitana,1592419,810,0,0,0.0,0.010005,0.025249,0.7147
A009219,Consumo,Metropolitana,3413958,833,0,0,0.0,0.007352,0.022575,0.59
A014117,Tarjeta,Valparaíso,5756262,915,0,10116669,0.4,0.00244,0.007703,0.6879
A012446,Tarjeta,Metropolitana,427370,832,0,327993,0.4,0.007451,0.017204,0.7401
A009943,Consumo,Biobío,418160,794,0,0,0.0,0.01239,0.038427,0.6238
A001220,Consumo,Metropolitana,3847177,935,0,0,0.0,0.001863,0.005792,0.5801
A004127,Tarjeta,Valparaíso,356702,819,0,598442,0.4,0.00887,0.021868,0.6993
A003620,Tarjeta,Metropolitana,1600506,871,0,1912858,0.4,0.004412,0.014035,0.7602
A011784,Microempresa,Metropolitana,2618817,868,0,2466740,0.4,0.004594,0.014295,0.5272
A003274,Tarjeta,Valparaíso,553628,854,0,556114,0.4,0.005546,0.012949,0.7994
A001006,Automotriz,Otras,1931336,813,0,0,0.0,0.009612,0.024975,0.3737
A004591,Consumo,Biobío,283355,905,0,0,0.0,0.002792,0.007453,0.592
A008946,Tarjeta,Valparaíso,555211,814,0,1047169,0.4,0.009484,0.027853,0.6796
A007784,Tarjeta,Valparaíso,1898794,840,0,1291883,0.4,0.006693,0.021004,0.6876
A014271,Tarjeta,Otras,2871307,940,0,2153979,0.4,0.001741,0.004998,0.7713
A002655,Consumo,Metropolitana,788723,740,0,0,0.0,0.025366,0.083488,0.6112
A004228,Consumo,Valparaíso,1347400,841,0,0,0.0,0.006604,0.021938,0.6298
A002417,Consumo,Otras,457454,832,0,0,0.0,0.007451,0.017931,0.681
A011631,Tarjeta,Biobío,262881,759,0,242645,0.4,0.019735,0.060846,0.6599
A008560,Consumo,Otras,1441269,885,24,0,0.0,0.003655,0.009751,0.6685
A011025,Automotriz,Otras,1160701,763,0,0,0.0,0.018716,0.055369,0.4139
A006433,Consumo,Valparaíso,1997934,841,0,0,0.0,0.006604,0.015488,0.6644
A002564,Consumo,Metropolitana,3598787,832,0,0,0.0,0.007451,0.019802,0.6388
A002748,Tarjeta,Otras,1381556,950,21,2249514,0.4,0.001522,0.004056,0.7061
A005269,Consumo,Otras,3391664,865,0,0,0.0,0.004783,0.01173,0.5962
A011423,Consumo,Valparaíso,184620,878,0,0,0.0,0.004016,0.01055,0.5998
A009903,Automotriz,Metropolitana,2437229,811,0,0,0.0,0.009872,0.024539,0.3604
A008302,Consumo,Biobío,283390,879,0,0,0.0,0.003962,0.008701,0.6266
A002765,Consumo,Metropolitana,1318552,919,0,0,0.0,0.002311,0.007341,0.6736
A012798,Tarjeta,Metropolitana,2076129,566,0,1702546,0.4,0.21462,0.701572,0.6863
A008725,Automotriz,Valparaíso,276644,915,0,0,0.0,0.00244,0.006914,0.3843
A004252,Consumo,Metropolitana,1399908,883,0,0,0.0,0.003754,0.010748,0.6317
A014035,Consumo,Metropolitana,3116431,748,228,0,0.0,0.022826,0.056972,0.6418
A006315,Microempresa,Metropolitana,203248,802,0,383457,0.4,0.011135,0.032562,0.5925
A008521,Consumo,Otras,507099,757,56,0,0.0,0.020265,0.062251,0.6738
A011095,Tarjeta,Metropolitana,1698763,838,0,2547150,0.4,0.006875,0.015485,0.6885
A006872,Consumo,Metropolitana,223091,877,0,0,0.0,0.00407,0.008573,0.6849
A003235,Consumo,Otras,2768265,857,0,0,0.0,0.005326,0.013845,0.6431
A002703,Consumo,Valparaíso,228404,950,0,0,0.0,0.001522,0.003999,0.5989
A001836,Tarjeta,Otras,1285626,702,0,615929,0.4,0.041681,0.101329,0.7368
A006703,Automotriz,Biobío,1381091,841,0,0,0.0,0.006604,0.01927,0.2993
A006073,Consumo,Metropolitana,1075536,897,0,0,0.0,0.003109,0.00837,0.5643
A000997,Consumo,Metropolitana,273845,883,0,0,0.0,0.003754,0.012145,0.6614
A013835,Consumo,Metropolitana,2566706,950,0,0,0.0,0.001522,0.003995,0.6513
A008887,Consumo,Metropolitana,1258283,851,0,0,0.0,0.005774,0.014378,0.6015
A014039,Automotriz,Valparaíso,1673068,780,0,0,0.0,0.014932,0.033187,0.4403
A002062,Consumo,Metropolitana,2016613,950,0,0,0.0,0.001522,0.004498,0.5785
A007138,Tarjeta,Metropolitana,439020,849,0,238035,0.4,0.005931,0.016862,0.6373
A014675,Automotriz,Metropolitana,2009218,860,0,0,0.0,0.005116,0.013587,0.3849
A009777,Consumo,Valparaíso,4463874,949,0,0,0.0,0.001542,0.004187,0.6213
A006485,Tarjeta,Metropolitana,2227299,666,188,3622249,0.4,0.066072,0.168704,0.7859
A006546,Consumo,Otras,1182668,857,0,0,0.0,0.005326,0.013593,0.6247
A004797,Consumo,Valparaíso,7769241,792,0,0,0.0,0.012725,0.034199,0.5423
A007400,Automotriz,Metropolitana,1282716,671,0,0,0.0,0.062023,0.189158,0.4082
A012808,Consumo,Otras,351907,789,0,0,0.0,0.013245,0.02882,0.6587
A014440,Tarjeta,Metropolitana,1197470,786,0,2358462,0.4,0.013785,0.041022,0.6966
A006331,Automotriz,Metropolitana,2421742,844,0,0,0.0,0.006343,0.018463,0.2988
A013215,Tarjeta,Metropolitana,1611300,725,0,1716743,0.4,0.03089,0.093494,0.6609
A012404,Tarjeta,Valparaíso,2914254,675,0,5628605,0.4,0.058952,0.186998,0.6888
A012471,Consumo,Otras,1816900,823,0,0,0.0,0.008407,0.021507,0.7215
A001716,Automotriz,Metropolitana,2214578,796,186,0,0.0,0.012064,0.031587,0.3421
A005902,Tarjeta,Valparaíso,1215833,887,0,1400249,0.4,0.003557,0.01102,0.7848
A002966,Consumo,Valparaíso,1734253,841,0,0,0.0,0.006604,0.017702,0.6284
A004964,Tarjeta,Otras,770017,827,40,534721,0.4,0.007968,0.019721,0.6653
A008059,Tarjeta,Metropolitana,247303,827,0,158159,0.4,0.007968,0.022348,0.7138
A002069,Microempresa,Otras,2823309,950,0,1350003,0.4,0.001522,0.00413,0.6015
A000542,Tarjeta,Biobío,1512571,813,0,484019,0.4,0.009612,0.025176,0.6792
A006588,Tarjeta,Otras,895728,759,0,874254,0.4,0.019735,0.066344,0.6433
A005857,Consumo,Valparaíso,6118151,770,0,0,0.0,0.017056,0.044671,0.689
A001554,Automotriz,Metropolitana,5397033,921,0,0,0.0,0.00225,0.00616,0.4841
A002816,Tarjeta,Otras,617751,804,0,312178,0.4,0.010841,0.029641,0.7079
A007120,Automotriz,Valparaíso,4888376,903,0,0,0.0,0.002868,0.008199,0.4427
A000598,Tarjeta,Otras,3973111,884,0,7586705,0.4,0.003704,0.007888,0.7482
A013480,Consumo,Metropolitana,2350871,926,0,0,0.0,0.002103,0.004577,0.6143
A002605,Tarjeta,Biobío,1924892,826,0,3439806,0.4,0.008076,0.017631,0.63
A013376,Tarjeta,Metropolitana,842937,871,0,1562318,0.4,0.004412,0.010155,0.6993
A000878,Tarjeta,Otras,477361,827,0,402697,0.4,0.007968,0.026922,0.6377
A007046,Automotriz,Otras,802072,932,0,0,0.0,0.00194,0.005082,0.4118
A006789,Tarjeta,Metropolitana,634611,950,0,329336,0.4,0.001522,0.004829,0.7065
A003013,Consumo,Otras,3540285,912,201,0,0.0,0.00254,0.008541,0.557
A010712,Automotriz,Otras,490990,944,0,0,0.0,0.00165,0.004161,0.4366
A000036,Consumo,Otras,638627,851,0,0,0.0,0.005774,0.016817,0.6505
A000509,Consumo,Metropolitana,1161940,902,0,0,0.0,0.002907,0.008382,0.5883
A011974,Consumo,Otras,1877617,576,288,0,0.0,0.19272,0.589853,0.5781
A011891,Consumo,Metropolitana,5312316,811,0,0,0.0,0.009872,0.028698,0.6079
A008681,Consumo,Metropolitana,763287,821,0,0,0.0,0.008635,0.028574,0.6571
A012768,Consumo,Metropolitana,1841186,747,0,0,0.0,0.02313,0.075041,0.684
A005449,Tarjeta,Metropolitana,1871144,834,0,1710448,0.4,0.007254,0.024211,0.6441
A009664,Automotriz,Biobío,2614113,917,0,0,0.0,0.002375,0.00529,0.4126
A010578,Tarjeta,Metropolitana,1378694,848,0,2320375,0.4,0.006011,0.018155,0.7726
A004553,Automotriz,Metropolitana,3370213,787,0,0,0.0,0.013603,0.037693,0.5113
A007160,Consumo,Metropolitana,1562041,772,0,0,0.0,0.016609,0.053875,0.6291
A000668,Consumo,Biobío,300946,855,0,0,0.0,0.005472,0.018431,0.6798
A001733,Tarjeta,Metropolitana,2008993,651,0,4237025,0.4,0.079736,0.195263,0.7043
A011826,Tarjeta,Valparaíso,593825,942,20,421746,0.4,0.001695,0.005254,0.6867
A005588,Tarjeta,Valparaíso,1497987,870,0,2743362,0.4,0.004472,0.010498,0.7382
A012202,Consumo,Metropolitana,952325,940,0,0,0.0,0.001741,0.004813,0.5962
A001199,Consumo,Otras,767866,798,0,0,0.0,0.011746,0.027217,0.6813
A008383,Consumo,Metropolitana,756987,853,0,0,0.0,0.005621,0.013914,0.678
A003809,Tarjeta,Metropolitana,361999,871,0,642377,0.4,0.004412,0.013175,0.7494
A011726,Automotriz,Metropolitana,957731,868,0,0,0.0,0.004594,0.010313,0.3696
A009720,Consumo,Metropolitana,1352114,843,41,0,0.0,0.006429,0.016442,0.5759
A005793,Microempresa,Otras,1329893,884,384,1069262,0.4,0.003704,0.0086,0.4718
A014861,Microempresa,Valparaíso,8985303,950,0,18822352,0.4,0.001522,0.004991,0.674
A007021,Automotriz,Metropolitana,672195,830,35,0,0.0,0.007654,0.020972,0.3324
A012317,Consumo,Biobío,662677,748,7,0,0.0,0.022826,0.051611,0.6158
A009908,Automotriz,Otras,887700,762,0,0,0.0,0.018966,0.045672,0.3466
A003596,Automotriz,Otras,635485,891,0,0,0.0,0.003371,0.009548,0.3561
A004528,Tarjeta,Metropolitana,1797691,940,0,1310318,0.4,0.001741,0.004149,0.7258
A011758,Tarjeta,Metropolitana,1512266,807,0,1603899,0.4,0.010415,0.023428,0.8014
A010294,Tarjeta,Metropolitana,7940864,884,0,5327636,0.4,0.003704,0.008502,0.6527
A005888,Consumo,Valparaíso,844485,805,200,0,0.0,0.010697,0.028642,0.6191
A009002,Automotriz,Biobío,453661,799,0,0,0.0,0.01159,0.039034,0.4262
A010960,Tarjeta,Metropolitana,3148991,784,0,1271342,0.4,0.014158,0.0348,0.6785
A000571,Automotriz,Metropolitana,2839155,946,0,0,0.0,0.001606,0.003914,0.393
A000273,Microempresa,Valparaíso,2240183,826,0,2651701,0.4,0.008076,0.022942,0.4677
A013916,Tarjeta,Metropolitana,7002692,809,0,6242951,0.4,0.01014,0.032919,0.6702
A006723,Tarjeta,Metropolitana,1166193,814,0,682925,0.4,0.009484,0.02381,0.6759
A014493,Consumo,Metropolitana,2398691,755,0,0,0.0,0.020809,0.056289,0.6576
A012445,Consumo,Metropolitana,2046570,812,0,0,0.0,0.009741,0.027646,0.7458
A008503,Tarjeta,Biobío,7646395,646,0,12273482,0.4,0.084836,0.182684,0.7383
A004184,Consumo,Metropolitana,1721454,740,0,0,0.0,0.025366,0.064297,0.6138
A001747,Consumo,Otras,533251,845,0,0,0.0,0.006258,0.016164,0.6321
A007639,Automotriz,Otras,5385187,633,23,0,0.0,0.099508,0.29553,0.3161
A014054,Automotriz,Metropolitana,2910855,871,0,0,0.0,0.004412,0.011455,0.4296
A010625,Consumo,Metropolitana,263684,811,0,0,0.0,0.009872,0.023016,0.5874
A008133,Microempresa,Metropolitana,698604,911,0,1295731,0.4,0.002575,0.008559,0.4649
A004674,Tarjeta,Biobío,1045212,881,0,1857137,0.4,0.003857,0.012403,0.6969
A014402,Tarjeta,Metropolitana,174387,848,0,80462,0.4,0.006011,0.015046,0.7368
A009169,Consumo,Otras,1367282,731,90,0,0.0,0.028553,0.062449,0.61
A003995,Tarjeta,Valparaíso,92008,912,0,194476,0.4,0.00254,0.005508,0.7464
A011325,Tarjeta,Otras,1542490,864,0,1830775,0.4,0.004848,0.011058,0.676
A000461,Tarjeta,Metropolitana,2917337,785,0,2888892,0.4,0.01397,0.036019,0.7936
A012193,Automotriz,Metropolitana,375360,891,0,0,0.0,0.003371,0.011231,0.3745
A001795,Consumo,Otras,1697488,916,0,0,0.0,0.002407,0.006762,0.6364
A003286,Microempresa,Metropolitana,1747775,890,0,3615712,0.4,0.003417,0.007911,0.5714
A014484,Tarjeta,Biobío,650415,770,0,1394177,0.4,0.017056,0.056546,0.664
A010700,Consumo,Metropolitana,2699507,887,0,0,0.0,0.003557,0.009378,0.5866
A006844,Automotriz,Metropolitana,459299,613,0,0,0.0,0.126482,0.395925,0.3737
A005662,Consumo,Metropolitana,1612399,843,0,0,0.0,0.006429,0.019439,0.6302
A002055,Automotriz,Metropolitana,2850827,829,0,0,0.0,0.007757,0.01798,0.4533
A010017,Tarjeta,Otras,1547826,756,90,1915154,0.4,0.020535,0.067736,0.6861
A004433,Tarjeta,Valparaíso,1992836,851,0,1911289,0.4,0.005774,0.013603,0.6215
A006847,Microempresa,Metropolitana,1303084,841,1,2692786,0.4,0.006604,0.016385,0.5157
A004635,Tarjeta,Biobío,1406882,841,0,1958778,0.4,0.006604,0.018625,0.7761
A000504,Automotriz,Otras,228953,950,76,0,0.0,0.001522,0.003708,0.3869
A002676,Tarjeta,Valparaíso,2389924,903,0,1107975,0.4,0.002868,0.006121,0.8147
A009946,Microempresa,Valparaíso,1729129,905,42,3518508,0.4,0.002792,0.008457,0.4986
A001293,Automotriz,Biobío,326838,775,0,0,0.0,0.015959,0.04624,0.2904
A000904,Consumo,Biobío,745856,834,0,0,0.0,0.007254,0.021326,0.5198
A008137,Consumo,Metropolitana,1538890,863,0,0,0.0,0.004914,0.014043,0.6401
A013571,Consumo,Metropolitana,4194954,950,0,0,0.0,0.001522,0.004112,0.5836
A009327,Consumo,Metropolitana,2027254,845,0,0,0.0,0.006258,0.016936,0.6356
A002237,Consumo,Valparaíso,4499259,932,0,0,0.0,0.00194,0.006204,0.6281
A013796,Automotriz,Otras,1412785,798,0,0,0.0,0.011746,0.029952,0.4211
A004751,Automotriz,Metropolitana,140751,884,0,0,0.0,0.003704,0.009625,0.3256
A014336,Automotriz,Otras,2335542,553,90,0,0.0,0.245711,0.534129,0.4174
A007417,Consumo,Metropolitana,1686873,770,0,0,0.0,0.017056,0.036065,0.6521
A010972,Consumo,Otras,1099889,801,0,0,0.0,0.011285,0.029401,0.6457
A008287,Microempresa,Biobío,2692278,716,100,1786421,0.4,0.034746,0.078056,0.5459
A013081,Consumo,Valparaíso,410166,790,0,0,0.0,0.013069,0.037696,0.7161
A007769,Tarjeta,Metropolitana,4006495,781,0,5095855,0.4,0.014735,0.034001,0.6467
A008552,Tarjeta,Otras,3843515,804,0,5880386,0.4,0.010841,0.033911,0.7148
A014884,Tarjeta,Valparaíso,610525,884,0,237220,0.4,0.003704,0.010753,0.6456
A005041,Automotriz,Valparaíso,265924,844,0,0,0.0,0.006343,0.01728,0.3462
A011785,Consumo,Metropolitana,1231636,810,0,0,0.0,0.010005,0.022038,0.6225
A004105,Consumo,Metropolitana,285812,887,0,0,0.0,0.003557,0.009071,0.6458
A011278,Consumo,Valparaíso,703750,797,0,0,0.0,0.011904,0.033472,0.5316
A000926,Consumo,Metropolitana,2922901,805,0,0,0.0,0.010697,0.033291,0.5498
A010807,Consumo,Metropolitana,2012624,825,0,0,0.0,0.008184,0.02028,0.6174
A003615,Consumo,Otras,937937,824,216,0,0.0,0.008295,0.020725,0.6018
A002031,Automotriz,Biobío,637732,834,0,0,0.0,0.007254,0.019448,0.3524
A011333,Automotriz,Metropolitana,1198960,776,0,0,0.0,0.015749,0.034153,0.2783
A003311,Consumo,Biobío,3698090,844,0,0,0.0,0.006343,0.018324,0.5716
A003862,Consumo,Otras,686859,844,0,0,0.0,0.006343,0.013519,0.5892
A001438,Automotriz,Metropolitana,1864331,898,0,0,0.0,0.003068,0.007953,0.4194
A001942,Automotriz,Metropolitana,1258153,918,90,0,0.0,0.002343,0.006051,0.3694
A007600,Automotriz,Otras,2699330,838,0,0,0.0,0.006875,0.022437,0.5245
A002771,Tarjeta,Valparaíso,3246995,889,0,3151048,0.4,0.003463,0.009342,0.691
A006278,Consumo,Metropolitana,1334598,950,0,0,0.0,0.001522,0.005051,0.69
A011898,Consumo,Metropolitana,866135,758,0,0,0.0,0.019999,0.047226,0.6696
A005213,Tarjeta,Metropolitana,184970,889,0,172244,0.4,0.003463,0.008006,0.7427
A001306,Tarjeta,Otras,1918040,909,61,656527,0.4,0.002645,0.008023,0.6755
A012656,Consumo,Metropolitana,492646,868,0,0,0.0,0.004594,0.01482,0.6833
A004688,Microempresa,Otras,1000162,887,0,368164,0.4,0.003557,0.009596,0.5833
A002491,Microempresa,Metropolitana,4302082,796,0,5867080,0.4,0.012064,0.034296,0.5608
A012694,Consumo,Metropolitana,1984822,852,0,0,0.0,0.005697,0.0181,0.5241
A013382,Automotriz,Biobío,1351982,766,0,0,0.0,0.017986,0.057619,0.3954
A009737,Automotriz,Metropolitana,650397,868,0,0,0.0,0.004594,0.013228,0.3237
A009692,Tarjeta,Metropolitana,2440270,851,0,4643456,0.4,0.005774,0.01609,0.6513
A001270,Tarjeta,Otras,398743,950,50,549827,0.4,0.001522,0.003302,0.6649
A005220,Tarjeta,Biobío,2899131,671,0,1365893,0.4,0.062023,0.172991,0.6991
A007198,Automotriz,Otras,153743,936,0,0,0.0,0.001838,0.005526,0.3282
A013201,Tarjeta,Metropolitana,1171516,754,0,2227065,0.4,0.021086,0.056083,0.65
A007681,Tarjeta,Metropolitana,1079972,774,0,660517,0.4,0.016173,0.050801,0.809
A005971,Consumo,Valparaíso,2940831,669,173,0,0.0,0.063614,0.19016,0.6116
A002760,Automotriz,Biobío,4572518,815,0,0,0.0,0.009358,0.027253,0.417
A006567,Microempresa,Biobío,6034192,807,0,7054689,0.4,0.010415,0.028048,0.6014
A013902,Consumo,Otras,1204896,853,0,0,0.0,0.005621,0.014752,0.6655
A007207,Consumo,Metropolitana,457698,795,0,0,0.0,0.012226,0.029767,0.6156
A004278,Consumo,Valparaíso,309414,943,0,0,0.0,0.001672,0.003993,0.5974
A012824,Consumo,Metropolitana,1290530,950,0,0,0.0,0.001522,0.004051,0.6035
A007356,Tarjeta,Metropolitana,1149923,741,0,2190652,0.4,0.025034,0.069044,0.6299
A005601,Consumo,Metropolitana,1311798,897,98,0,0.0,0.003109,0.007548,0.6292
A010682,Automotriz,Valparaíso,8894065,838,0,0,0.0,0.006875,0.018381,0.3975
A001891,Tarjeta,Metropolitana,1931784,816,90,2125111,0.4,0.009233,0.022654,0.7184
A009433,Consumo,Metropolitana,1920410,808,183,0,0.0,0.010276,0.023639,0.5236
A011679,Automotriz,Metropolitana,759505,838,0,0,0.0,0.006875,0.016544,0.2786
A014129,Consumo,Metropolitana,2158527,864,0,0,0.0,0.004848,0.010829,0.5465
A010647,Consumo,Valparaíso,394866,869,0,0,0.0,0.004533,0.009823,0.6037
A009211,Tarjeta,Metropolitana,433955,872,0,437704,0.4,0.004353,0.011118,0.6123
A014152,Consumo,Biobío,3940164,782,0,0,0.0,0.01454,0.030923,0.6504
A005085,Automotriz,Biobío,654387,926,0,0,0.0,0.002103,0.005442,0.3768
A005775,Automotriz,Otras,1160008,831,0,0,0.0,0.007552,0.023153,0.4266
A005939,Automotriz,Metropolitana,3316314,766,0,0,0.0,0.017986,0.053797,0.3786
A000152,Consumo,Biobío,1068547,833,0,0,0.0,0.007352,0.023037,0.6093
A001914,Tarjeta,Metropolitana,1954428,775,229,4191730,0.4,0.015959,0.03604,0.7786
A012371,Microempresa,Otras,2798260,887,0,4340054,0.4,0.003557,0.010603,0.5615
A003427,Microempresa,Valparaíso,773728,811,0,1686230,0.4,0.009872,0.029055,0.5677
A004356,Consumo,Valparaíso,1985995,904,50,0,0.0,0.002829,0.005989,0.6712
A009927,Consumo,Valparaíso,839550,775,0,0,0.0,0.015959,0.044359,0.6825
A008854,Tarjeta,Otras,740609,818,289,487198,0.4,0.008989,0.020252,0.7403
A012602,Tarjeta,Valparaíso,1857968,873,0,2013514,0.4,0.004295,0.010808,0.7425
A000446,Consumo,Metropolitana,1660562,811,0,0,0.0,0.009872,0.032082,0.6331
A014850,Consumo,Otras,5629233,875,41,0,0.0,0.004181,0.013958,0.6508
A008532,Consumo,Valparaíso,1209033,854,192,0,0.0,0.005546,0.01353,0.6373
A013261,Consumo,Metropolitana,1119163,841,0,0,0.0,0.006604,0.018176,0.723
A010541,Automotriz,Metropolitana,3082953,889,0,0,0.0,0.003463,0.009514,0.3783
A001443,Microempresa,Valparaíso,981506,736,0,1953790,0.4,0.026737,0.063874,0.6101
A014490,Automotriz,Biobío,1179204,734,5,0,0.0,0.02745,0.091542,0.3785
A003521,Tarjeta,Valparaíso,712306,755,63,1372609,0.4,0.020809,0.047188,0.754
A009870,Consumo,Metropolitana,506531,855,0,0,0.0,0.005472,0.013441,0.6918
A001585,Tarjeta,Metropolitana,3210367,874,61,6360805,0.4,0.004238,0.009485,0.7244
A013093,Consumo,Metropolitana,1916394,950,0,0,0.0,0.001522,0.003363,0.605
A009571,Tarjeta,Otras,3068023,835,78,5951509,0.4,0.007157,0.022665,0.7391
A007557,Consumo,Biobío,1142234,819,88,0,0.0,0.00887,0.019569,0.6287
A000696,Automotriz,Valparaíso,5802019,803,90,0,0.0,0.010987,0.033488,0.3367
A009736,Microempresa,Otras,335195,863,0,545479,0.4,0.004914,0.011582,0.5194
A012452,Consumo,Otras,3201567,631,0,0,0.0,0.101956,0.298877,0.5891
A011302,Tarjeta,Metropolitana,2117020,892,0,1373761,0.4,0.003326,0.007507,0.7344
A012520,Consumo,Metropolitana,1638328,878,0,0,0.0,0.004016,0.013388,0.6037
A006683,Consumo,Valparaíso,422536,869,0,0,0.0,0.004533,0.009804,0.5604
A012006,Automotriz,Otras,2696407,760,109,0,0.0,0.019476,0.046001,0.3762
A003900,Automotriz,Biobío,557491,895,0,0,0.0,0.003194,0.007912,0.398
A000335,Consumo,Metropolitana,3334621,863,0,0,0.0,0.004914,0.013301,0.6313
A013933,Consumo,Metropolitana,1918081,898,0,0,0.0,0.003068,0.010071,0.625
A011117,Consumo,Biobío,2323196,825,0,0,0.0,0.008184,0.018882,0.5109
A000383,Microempresa,Valparaíso,464410,836,0,788104,0.4,0.007062,0.018688,0.5685
A012705,Consumo,Biobío,1204230,747,0,0,0.0,0.02313,0.060643,0.586
A007399,Microempresa,Metropolitana,1330797,811,0,1304149,0.4,0.009872,0.025405,0.6044
A013546,Automotriz,Metropolitana,2982690,802,0,0,0.0,0.011135,0.03111,0.439
A006980,Consumo,Valparaíso,6349969,863,0,0,0.0,0.004914,0.015683,0.612
A013205,Consumo,Metropolitana,2040082,862,0,0,0.0,0.00498,0.016131,0.7044
A013072,Tarjeta,Metropolitana,315493,847,0,439030,0.4,0.006092,0.013124,0.6902
A008293,Consumo,Metropolitana,627406,902,0,0,0.0,0.002907,0.008124,0.6502
A004267,Automotriz,Metropolitana,4636841,892,108,0,0.0,0.003326,0.009761,0.4734
A000094,Consumo,Metropolitana,1204543,686,51,0,0.0,0.051226,0.16446,0.584
A010429,Consumo,Otras,2749983,686,0,0,0.0,0.051226,0.137767,0.6149
A012473,Automotriz,Metropolitana,3361676,827,90,0,0.0,0.007968,0.022719,0.4087
A012191,Consumo,Valparaíso,5198565,846,90,0,0.0,0.006175,0.020867,0.5888
A011512,Consumo,Metropolitana,2475954,777,0,0,0.0,0.01554,0.047192,0.6204
A010010,Automotriz,Metropolitana,1896719,835,0,0,0.0,0.007157,0.022093,0.4508
A002561,Microempresa,Metropolitana,3132089,887,159,3286971,0.4,0.003557,0.008833,0.625
A012559,Automotriz,Otras,886362,859,0,0,0.0,0.005185,0.011459,0.3701
A012628,Microempresa,Biobío,2558228,817,0,4160427,0.4,0.00911,0.030812,0.5642
A010171,Automotriz,Biobío,1355257,833,0,0,0.0,0.007352,0.017999,0.3972
A014182,Automotriz,Metropolitana,1467670,844,0,0,0.0,0.006343,0.016511,0.4294
A001798,Tarjeta,Otras,764529,663,0,997745,0.4,0.068618,0.172763,0.6628
A005666,Consumo,Biobío,1486268,942,0,0,0.0,0.001695,0.004929,0.5773
A008676,Consumo,Otras,1512634,770,0,0,0.0,0.017056,0.041708,0.5179
A002013,Consumo,Metropolitana,1790767,771,0,0,0.0,0.016831,0.043949,0.6002
A004021,Tarjeta,Metropolitana,2565339,925,49,2846246,0.4,0.002132,0.004495,0.7114
A007236,Automotriz,Otras,2829625,857,0,0,0.0,0.005326,0.0153,0.4179
A001842,Consumo,Biobío,691486,902,0,0,0.0,0.002907,0.006278,0.6107
A008209,Tarjeta,Biobío,797348,817,0,255681,0.4,0.00911,0.02943,0.7153
A009392,Automotriz,Metropolitana,979112,867,0,0,0.0,0.004656,0.013062,0.3916
A014968,Automotriz,Metropolitana,789155,694,0,0,0.0,0.04622,0.097425,0.3576
A002499,Consumo,Metropolitana,8488785,854,0,0,0.0,0.005546,0.016758,0.5951
A008262,Tarjeta,Otras,892670,783,0,1009954,0.4,0.014347,0.039258,0.6292
A001877,Consumo,Metropolitana,2228443,950,79,0,0.0,0.001522,0.003559,0.6727
A013352,Consumo,Metropolitana,287971,920,0,0,0.0,0.00228,0.007358,0.6739
A001078,Consumo,Metropolitana,789022,913,0,0,0.0,0.002506,0.006409,0.6285
A012034,Microempresa,Otras,1083382,849,0,995384,0.4,0.005931,0.017687,0.5942
A007651,Consumo,Biobío,2461704,830,90,0,0.0,0.007654,0.019128,0.5935
A009990,Consumo,Metropolitana,1082098,851,0,0,0.0,0.005774,0.016406,0.711
A011659,Automotriz,Metropolitana,414181,935,0,0,0.0,0.001863,0.004646,0.4924
A013649,Consumo,Biobío,769386,924,0,0,0.0,0.002161,0.00471,0.6216
A008535,Consumo,Valparaíso,82222,895,0,0,0.0,0.003194,0.007552,0.585
A002427,Consumo,Otras,248844,865,0,0,0.0,0.004783,0.010124,0.6393
A004682,Consumo,Valparaíso,1511390,754,0,0,0.0,0.021086,0.059309,0.5471
A000652,Consumo,Valparaíso,161601,899,0,0,0.0,0.003027,0.009474,0.6247
A004126,Consumo,Otras,419674,950,0,0,0.0,0.001522,0.004487,0.6956
A007523,Consumo,Otras,1206087,836,0,0,0.0,0.007062,0.019665,0.7285
A011232,Tarjeta,Metropolitana,1092812,797,0,966622,0.4,0.011904,0.032623,0.707
A002950,Consumo,Otras,272336,927,0,0,0.0,0.002075,0.005064,0.6041
A004029,Consumo,Biobío,1147622,897,7,0,0.0,0.003109,0.007359,0.5771
A002067,Consumo,Metropolitana,10973896,744,163,0,0.0,0.024063,0.051383,0.6734
A011498,Consumo,Otras,1328833,793,0,0,0.0,0.012557,0.03386,0.6627
A003263,Consumo,Biobío,214749,906,48,0,0.0,0.002754,0.007511,0.6226
A001449,Tarjeta,Metropolitana,6614049,879,0,8168428,0.4,0.003962,0.0129,0.6652
A013661,Consumo,Valparaíso,4575870,803,0,0,0.0,0.010987,0.030504,0.5475
A013156,Tarjeta,Metropolitana,1367525,799,0,1796934,0.4,0.01159,0.028523,0.698
A006681,Tarjeta,Metropolitana,2672375,526,0,2942047,0.4,0.319351,0.737825,0.7182
A000512,Tarjeta,Otras,545965,822,0,609538,0.4,0.00852,0.025151,0.7248
A007917,Tarjeta,Metropolitana,3784058,653,90,7271823,0.4,0.077775,0.211824,0.7517
A000077,Consumo,Otras,2332597,896,0,0,0.0,0.003151,0.008462,0.6654
A004459,Automotriz,Metropolitana,450942,868,0,0,0.0,0.004594,0.012305,0.3852
A004689,Tarjeta,Metropolitana,973749,792,0,708047,0.4,0.012725,0.036149,0.7041
A006719,Microempresa,Metropolitana,1489906,824,0,3096725,0.4,0.008295,0.026862,0.5347
A011592,Consumo,Otras,2697208,768,0,0,0.0,0.017515,0.03732,0.6159
A010002,Microempresa,Metropolitana,1007684,786,0,1780349,0.4,0.013785,0.036181,0.5577
A014710,Automotriz,Biobío,3114144,784,0,0,0.0,0.014158,0.045379,0.3431
A012898,Consumo,Otras,670115,746,0,0,0.0,0.023437,0.058366,0.54
A013353,Automotriz,Valparaíso,3125246,686,0,0,0.0,0.051226,0.17304,0.3322
A004166,Automotriz,Otras,316992,925,0,0,0.0,0.002132,0.006526,0.4169
A014277,Microempresa,Otras,642819,950,0,472964,0.4,0.001522,0.003542,0.4995
A009626,Consumo,Metropolitana,2297259,709,0,0,0.0,0.038062,0.123873,0.6849
A009062,Consumo,Metropolitana,468162,591,85,0,0.0,0.163128,0.514335,0.6036
A000822,Consumo,Metropolitana,2468209,541,0,0,0.0,0.276986,0.655727,0.6265
A005822,Consumo,Metropolitana,2919080,860,0,0,0.0,0.005116,0.017049,0.5832
A002007,Tarjeta,Valparaíso,1653550,834,0,626012,0.4,0.007254,0.016055,0.7473
A006472,Automotriz,Metropolitana,1018318,950,0,0,0.0,0.001522,0.003447,0.3218
A013920,Consumo,Metropolitana,996127,858,0,0,0.0,0.005255,0.016567,0.6529
A012950,Tarjeta,Otras,2765403,808,0,4629545,0.4,0.010276,0.027385,0.6763
A012411,Tarjeta,Otras,1406239,730,28,1989852,0.4,0.02893,0.075035,0.6627
A007559,Tarjeta,Metropolitana,540973,731,0,676887,0.4,0.028553,0.068797,0.6774
A004489,Tarjeta,Otras,3684813,827,0,2956993,0.4,0.007968,0.024437,0.6758
A007204,Consumo,Metropolitana,1007661,894,82,0,0.0,0.003237,0.00694,0.5898
A003806,Consumo,Metropolitana,1416572,832,0,0,0.0,0.007451,0.016206,0.608
A002525,Automotriz,Otras,1747861,891,60,0,0.0,0.003371,0.011228,0.3151
A013259,Consumo,Valparaíso,870983,766,48,0,0.0,0.017986,0.042153,0.6159
A012853,Tarjeta,Valparaíso,380857,918,0,116153,0.4,0.002343,0.007089,0.7603
A004757,Automotriz,Otras,1090018,925,0,0,0.0,0.002132,0.006172,0.3368
A013541,Microempresa,Biobío,1604238,950,0,1849299,0.4,0.001522,0.004098,0.538
A007671,Consumo,Valparaíso,223533,888,0,0,0.0,0.00351,0.01134,0.568
A000775,Tarjeta,Otras,4432299,921,0,5416494,0.4,0.00225,0.006169,0.6484
A013077,Automotriz,Otras,446932,772,30,0,0.0,0.016609,0.051404,0.4202
A002936,Tarjeta,Otras,740631,761,0,1307050,0.4,0.019219,0.063579,0.7326
A002863,Consumo,Valparaíso,682455,866,0,0,0.0,0.004719,0.011949,0.64
A010224,Consumo,Otras,573814,857,0,0,0.0,0.005326,0.013962,0.6459
A013795,Microempresa,Biobío,455282,877,0,647854,0.4,0.00407,0.013729,0.5491
A008911,Microempresa,Valparaíso,1421974,806,0,1322740,0.4,0.010555,0.033869,0.4588
A002442,Consumo,Metropolitana,2411642,848,0,0,0.0,0.006011,0.020162,0.5779
A005417,Consumo,Metropolitana,967562,950,0,0,0.0,0.001522,0.004175,0.6611
A008320,Tarjeta,Metropolitana,2495190,763,86,2459344,0.4,0.018716,0.055936,0.6965
A012188,Consumo,Metropolitana,654995,937,0,0,0.0,0.001813,0.005375,0.6363
A002106,Automotriz,Metropolitana,401964,869,0,0,0.0,0.004533,0.013473,0.3591
A006941,Consumo,Metropolitana,950169,793,0,0,0.0,0.012557,0.032569,0.5752
A007256,Automotriz,Metropolitana,4002381,923,53,0,0.0,0.00219,0.004656,0.3294
A008881,Consumo,Metropolitana,1155761,797,59,0,0.0,0.011904,0.027511,0.6095
A007473,Automotriz,Otras,1087595,835,0,0,0.0,0.007157,0.018652,0.3409
A005424,Tarjeta,Otras,4541988,829,0,8039042,0.4,0.007757,0.021311,0.7333
A004384,Microempresa,Metropolitana,361234,906,0,459139,0.4,0.002754,0.009133,0.551
A011383,Microempresa,Metropolitana,3994304,874,0,7255473,0.4,0.004238,0.009453,0.5637
A008011,Consumo,Metropolitana,3022625,851,0,0,0.0,0.005774,0.016089,0.7274
A003959,Tarjeta,Valparaíso,8504343,950,0,6848800,0.4,0.001522,0.004842,0.7692
A001391,Tarjeta,Metropolitana,702779,880,0,1272724,0.4,0.003909,0.00824,0.7197
A008945,Consumo,Otras,2343635,921,21,0,0.0,0.00225,0.006133,0.6685
A013067,Tarjeta,Metropolitana,730828,877,62,986494,0.4,0.00407,0.010061,0.6932
A001102,Consumo,Biobío,2227892,874,68,0,0.0,0.004238,0.010312,0.6238
A000389,Tarjeta,Otras,770418,745,0,1675908,0.4,0.023748,0.062972,0.6949
A011267,Consumo,Biobío,3600538,580,0,0,0.0,0.18445,0.605815,0.5579
A012697,Consumo,Otras,1398181,808,0,0,0.0,0.010276,0.026833,0.5969
A011638,Tarjeta,Otras,1031692,796,0,313248,0.4,0.012064,0.040473,0.6707
A001341,Consumo,Otras,673764,824,0,0,0.0,0.008295,0.023408,0.6063
A010787,Tarjeta,Valparaíso,2211299,885,0,3249655,0.4,0.003655,0.009267,0.6817
A005623,Tarjeta,Valparaíso,1987687,869,0,2677836,0.4,0.004533,0.011531,0.6428
A004802,Consumo,Otras,151034,928,5,0,0.0,0.002047,0.004934,0.5615
A010672,Consumo,Otras,525931,950,0,0,0.0,0.001522,0.004452,0.594
A005820,Automotriz,Otras,1178740,821,0,0,0.0,0.008635,0.025784,0.347
A007186,Microempresa,Valparaíso,2271556,890,0,4583786,0.4,0.003417,0.007246,0.5938
A002291,Consumo,Metropolitana,1023116,838,0,0,0.0,0.006875,0.015031,0.5505
A003748,Consumo,Biobío,3014280,744,16,0,0.0,0.024063,0.053665,0.6035
A013684,Consumo,Metropolitana,1104716,646,0,0,0.0,0.084836,0.197904,0.5584
A008530,Tarjeta,Biobío,2380391,765,0,3628852,0.4,0.018226,0.044907,0.7572
A011864,Tarjeta,Otras,1642882,807,0,2538672,0.4,0.010415,0.030625,0.6977
A001273,Tarjeta,Metropolitana,2945865,732,90,4412169,0.4,0.02818,0.067014,0.7636
A001746,Tarjeta,Metropolitana,914750,833,0,1376310,0.4,0.007352,0.017731,0.7624
A008416,Consumo,Biobío,503280,860,0,0,0.0,0.005116,0.016988,0.6479
A013956,Consumo,Biobío,240174,774,0,0,0.0,0.016173,0.042957,0.6296
A013987,Automotriz,Metropolitana,547896,874,0,0,0.0,0.004238,0.010965,0.4213
A005279,Consumo,Metropolitana,1237406,762,0,0,0.0,0.018966,0.050849,0.576
A014750,Tarjeta,Otras,2921879,776,0,2866362,0.4,0.015749,0.053525,0.7233
A006326,Consumo,Otras,1944889,836,0,0,0.0,0.007062,0.016519,0.6648
A000047,Tarjeta,Metropolitana,1359900,705,0,2043115,0.4,0.040091,0.118407,0.6882
A009565,Microempresa,Valparaíso,1320406,829,0,2881684,0.4,0.007757,0.021545,0.5284
A011728,Tarjeta,Biobío,470876,926,0,380597,0.4,0.002103,0.005756,0.6764
A000774,Consumo,Valparaíso,5264557,852,0,0,0.0,0.005697,0.017465,0.6384
A011887,Tarjeta,Metropolitana,2346113,750,0,1442741,0.4,0.022231,0.068663,0.6781
A013810,Consumo,Biobío,755624,808,0,0,0.0,0.010276,0.031977,0.6317
A012641,Microempresa,Valparaíso,5363401,783,0,11312745,0.4,0.014347,0.041924,0.5378
A001165,Consumo,Metropolitana,1713317,780,62,0,0.0,0.014932,0.034317,0.5408
A003536,Consumo,Biobío,7132934,840,58,0,0.0,0.006693,0.017533,0.6221
A006650,Tarjeta,Otras,1098845,668,16,1799807,0.4,0.064424,0.209507,0.7455
A011548,Consumo,Metropolitana,5214980,889,0,0,0.0,0.003463,0.010738,0.6905
A000291,Tarjeta,Valparaíso,754238,855,0,434540,0.4,0.005472,0.017626,0.7188
A009094,Automotriz,Metropolitana,297979,767,0,0,0.0,0.017749,0.054393,0.3539
A013173,Consumo,Metropolitana,3240777,846,0,0,0.0,0.006175,0.01825,0.5625
A002548,Tarjeta,Biobío,350278,843,0,505923,0.4,0.006429,0.021573,0.7082
A002840,Microempresa,Biobío,2595909,870,0,2929168,0.4,0.004472,0.014892,0.5584
A012453,Consumo,Metropolitana,852054,866,235,0,0.0,0.004719,0.015898,0.5503
A006001,Automotriz,Metropolitana,938898,818,0,0,0.0,0.008989,0.02908,0.3769
A000638,Automotriz,Metropolitana,2028615,636,0,0,0.0,0.095934,0.287305,0.418
A006198,Consumo,Biobío,3379936,734,0,0,0.0,0.02745,0.061345,0.68
A009649,Automotriz,Metropolitana,1713971,910,0,0,0.0,0.00261,0.007217,0.3301
A012773,Automotriz,Otras,2815211,855,0,0,0.0,0.005472,0.013948,0.2893
A014437,Consumo,Valparaíso,1239188,766,0,0,0.0,0.017986,0.052313,0.6774
A003834,Consumo,Valparaíso,780818,746,0,0,0.0,0.023437,0.065509,0.5978
A000688,Automotriz,Valparaíso,6243037,856,0,0,0.0,0.005399,0.01194,0.3766
A004389,Tarjeta,Metropolitana,601527,848,0,862690,0.4,0.006011,0.018679,0.6013
A011888,Consumo,Metropolitana,872360,876,0,0,0.0,0.004125,0.013477,0.5241
A003171,Automotriz,Otras,697618,875,0,0,0.0,0.004181,0.009993,0.3332
A014854,Tarjeta,Valparaíso,4285007,950,0,7972762,0.4,0.001522,0.004141,0.688
A000360,Tarjeta,Otras,1077432,917,0,809920,0.4,0.002375,0.005097,0.7531
A006008,Tarjeta,Valparaíso,2884075,832,149,3897845,0.4,0.007451,0.021818,0.5702
A000954,Consumo,Metropolitana,1371128,879,0,0,0.0,0.003962,0.011859,0.6064
A009423,Consumo,Otras,3553820,865,0,0,0.0,0.004783,0.01328,0.6292
A009761,Consumo,Otras,526317,890,0,0,0.0,0.003417,0.010345,0.6369
A008862,Automotriz,Metropolitana,689547,738,0,0,0.0,0.026043,0.058305,0.4409
A013231,Consumo,Valparaíso,1480394,731,0,0,0.0,0.028553,0.066054,0.6949
A005984,Tarjeta,Otras,1439908,850,24,1128995,0.4,0.005852,0.016469,0.7308
A009642,Automotriz,Metropolitana,638636,822,0,0,0.0,0.00852,0.025181,0.3467
A003402,Tarjeta,Metropolitana,1216944,632,51,961969,0.4,0.100726,0.265668,0.6044
A003928,Automotriz,Otras,960469,936,0,0,0.0,0.001838,0.005625,0.2553
A008763,Automotriz,Metropolitana,1175887,897,63,0,0.0,0.003109,0.00698,0.413
A003135,Consumo,Metropolitana,666274,810,0,0,0.0,0.010005,0.02386,0.5649
A012246,Tarjeta,Metropolitana,1253193,934,0,2516052,0.4,0.001888,0.005476,0.7056
A011689,Consumo,Valparaíso,3237729,882,44,0,0.0,0.003805,0.011317,0.6223
A008738,Tarjeta,Metropolitana,2343976,626,0,5005938,0.4,0.108311,0.320086,0.6968
A005272,Tarjeta,Valparaíso,4636549,847,0,7679166,0.4,0.006092,0.016206,0.6994
A000983,Tarjeta,Otras,1231512,842,0,1716358,0.4,0.006516,0.017191,0.6517
A002951,Microempresa,Valparaíso,420581,906,0,632095,0.4,0.002754,0.008681,0.591
A006913,Consumo,Metropolitana,198563,833,0,0,0.0,0.007352,0.018314,0.6351
A012220,Consumo,Otras,1807599,850,90,0,0.0,0.005852,0.013119,0.626
A005680,Automotriz,Metropolitana,1085005,833,0,0,0.0,0.007352,0.016005,0.3086
A011070,Consumo,Valparaíso,8769900,950,0,0,0.0,0.001522,0.003319,0.537
A014690,Microempresa,Metropolitana,1116523,857,0,1043495,0.4,0.005326,0.011904,0.4329
A008593,Tarjeta,Valparaíso,1478646,823,0,1780047,0.4,0.008407,0.027905,0.6223
A004150,Tarjeta,Otras,1104415,767,0,2005641,0.4,0.017749,0.048206,0.6576
A005490,Microempresa,Biobío,1493508,817,0,3117990,0.4,0.00911,0.025635,0.6197
A002645,Automotriz,Metropolitana,1229742,906,0,0,0.0,0.002754,0.005889,0.3101
A010588,Tarjeta,Otras,403988,813,0,655791,0.4,0.009612,0.028524,0.7277
A012921,Microempresa,Metropolitana,688020,792,60,713015,0.4,0.012725,0.037091,0.5868
A006775,Tarjeta,Metropolitana,1418218,845,0,2440636,0.4,0.006258,0.015425,0.719
A014142,Tarjeta,Metropolitana,4480427,530,195,8890094,0.4,0.307718,0.945806,0.7286
A012623,Tarjeta,Valparaíso,2042418,800,0,1811489,0.4,0.011436,0.037057,0.7036
A005659,Consumo,Valparaíso,1239714,950,0,0,0.0,0.001522,0.004526,0.5225
A006050,Consumo,Metropolitana,942031,884,0,0,0.0,0.003704,0.009947,0.6208
A001137,Consumo,Valparaíso,4814679,603,162,0,0.0,0.14218,0.388833,0.6297
A002420,Microempresa,Metropolitana,3566524,687,90,6602430,0.4,0.050573,0.152741,0.6049
A014119,Consumo,Otras,649132,806,0,0,0.0,0.010555,0.023034,0.563
A014735,Tarjeta,Valparaíso,2369637,804,90,917637,0.4,0.010841,0.024135,0.7176
A009612,Tarjeta,Otras,545808,675,0,833106,0.4,0.058952,0.174445,0.7057
A006584,Microempresa,Metropolitana,1945448,837,0,1175775,0.4,0.006968,0.015511,0.4921
A002159,Microempresa,Otras,2122765,734,92,939674,0.4,0.02745,0.06215,0.5163
A013653,Consumo,Biobío,439841,742,0,0,0.0,0.024706,0.076765,0.6343
A010132,Microempresa,Biobío,437436,746,0,374475,0.4,0.023437,0.055306,0.5243
A002899,Automotriz,Metropolitana,630331,808,0,0,0.0,0.010276,0.031949,0.4466
A011500,Automotriz,Valparaíso,2126527,764,0,0,0.0,0.01847,0.049945,0.3544
A014287,Consumo,Metropolitana,910953,876,0,0,0.0,0.004125,0.013115,0.5666
A007342,Tarjeta,Metropolitana,2191987,736,63,4004680,0.4,0.026737,0.08982,0.7592
A000742,Tarjeta,Metropolitana,220724,785,0,207054,0.4,0.01397,0.045559,0.7461
A007903,Consumo,Valparaíso,2809473,817,0,0,0.0,0.00911,0.026074,0.6832
A014364,Consumo,Metropolitana,4739831,908,35,0,0.0,0.002681,0.007262,0.5616
A011529,Tarjeta,Metropolitana,1464933,850,0,1614931,0.4,0.005852,0.01616,0.7702
A010265,Tarjeta,Metropolitana,4143551,806,0,5114724,0.4,0.010555,0.026375,0.7151
A006180,Tarjeta,Valparaíso,630779,915,0,1184766,0.4,0.00244,0.008173,0.7013
A010828,Tarjeta,Metropolitana,1350231,950,0,2083468,0.4,0.001522,0.004306,0.6999
A011132,Consumo,Valparaíso,2720092,830,90,0,0.0,0.007654,0.019213,0.562
A007382,Automotriz,Metropolitana,1880500,860,0,0,0.0,0.005116,0.012317,0.3004
A001748,Tarjeta,Metropolitana,3926664,764,0,4559602,0.4,0.01847,0.04656,0.7609
A010680,Automotriz,Metropolitana,1962428,763,208,0,0.0,0.018716,0.047225,0.4815
A012441,Consumo,Metropolitana,2394823,714,90,0,0.0,0.035664,0.100755,0.5991
A011188,Tarjeta,Biobío,1008825,892,90,1799769,0.4,0.003326,0.008677,0.7748
A013100,Consumo,Metropolitana,1450493,797,0,0,0.0,0.011904,0.033325,0.6023
A005656,Consumo,Metropolitana,756871,831,0,0,0.0,0.007552,0.017788,0.5242
A000549,Tarjeta,Metropolitana,287873,927,0,483196,0.4,0.002075,0.006057,0.7488
A014371,Consumo,Otras,740994,867,42,0,0.0,0.004656,0.012164,0.5207
A001189,Tarjeta,Otras,604525,846,0,868317,0.4,0.006175,0.019596,0.6398
A009533,Consumo,Valparaíso,1141961,933,48,0,0.0,0.001914,0.006037,0.5086
A013335,Consumo,Metropolitana,233784,906,0,0,0.0,0.002754,0.007261,0.5556
A008644,Tarjeta,Otras,1494724,856,0,492236,0.4,0.005399,0.016477,0.7406
A002484,Consumo,Biobío,2120921,702,0,0,0.0,0.041681,0.102279,0.7203
A000489,Automotriz,Metropolitana,5098257,728,69,0,0.0,0.029699,0.078946,0.4437
A006841,Microempresa,Metropolitana,2233326,818,0,819806,0.4,0.008989,0.030558,0.5542
A013527,Consumo,Metropolitana,359700,841,0,0,0.0,0.006604,0.01578,0.6792
A000556,Tarjeta,Valparaíso,555055,724,0,933252,0.4,0.031297,0.104741,0.7496
A014300,Consumo,Biobío,1454345,811,0,0,0.0,0.009872,0.026565,0.6189
A006122,Tarjeta,Metropolitana,2332535,777,0,3767909,0.4,0.01554,0.047708,0.7087
A010395,Tarjeta,Valparaíso,3599737,688,0,5658697,0.4,0.049928,0.162798,0.7586
A008355,Consumo,Otras,2367519,950,0,0,0.0,0.001522,0.004535,0.5874
A012752,Consumo,Biobío,2804982,833,0,0,0.0,0.007352,0.021546,0.6594
A005207,Microempresa,Valparaíso,2005964,642,13,3636170,0.4,0.089128,0.261366,0.5102
A011843,Consumo,Otras,1263408,881,0,0,0.0,0.003857,0.010514,0.583
A001660,Tarjeta,Biobío,1172561,783,0,1103873,0.4,0.014347,0.040444,0.6889
A005411,Tarjeta,Otras,2158543,904,90,2410946,0.4,0.002829,0.009166,0.669
A002431,Consumo,Otras,1628271,950,0,0,0.0,0.001522,0.003709,0.6662
A009036,Consumo,Metropolitana,3670668,770,0,0,0.0,0.017056,0.05049,0.6396
A011264,Consumo,Metropolitana,1546945,799,24,0,0.0,0.01159,0.029534,0.66
A005463,Tarjeta,Metropolitana,2572064,859,0,851008,0.4,0.005185,0.013358,0.8031
A003301,Consumo,Valparaíso,414700,824,0,0,0.0,0.008295,0.024256,0.6476
A001714,Consumo,Otras,4742317,875,0,0,0.0,0.004181,0.01334,0.6387
A014841,Consumo,Metropolitana,417759,859,58,0,0.0,0.005185,0.014689,0.624
A010188,Consumo,Otras,415567,756,0,0,0.0,0.020535,0.059007,0.6378
A004487,Tarjeta,Otras,4406930,713,0,6945133,0.4,0.036132,0.094701,0.7005
A013375,Consumo,Biobío,3089353,667,119,0,0.0,0.065243,0.213414,0.6498
A003849,Consumo,Biobío,812458,865,57,0,0.0,0.004783,0.010411,0.5615
A007598,Consumo,Valparaíso,3921989,774,0,0,0.0,0.016173,0.034515,0.6738
A007564,Consumo,Metropolitana,3752783,766,0,0,0.0,0.017986,0.051609,0.5851
A003729,Tarjeta,Otras,1979896,838,0,2205142,0.4,0.006875,0.019874,0.7753
A009723,Consumo,Otras,289608,874,0,0,0.0,0.004238,0.010833,0.6169
A002663,Consumo,Metropolitana,1498865,950,0,0,0.0,0.001522,0.004084,0.6123
A009962,Automotriz,Metropolitana,1418676,827,0,0,0.0,0.007968,0.02065,0.4318
A007543,Tarjeta,Metropolitana,2540657,854,255,5159537,0.4,0.005546,0.015401,0.6852
A008618,Consumo,Metropolitana,903629,846,0,0,0.0,0.006175,0.014997,0.5744
A014231,Automotriz,Otras,1427964,904,0,0,0.0,0.002829,0.007467,0.4585
A006927,Tarjeta,Metropolitana,4702209,660,97,3789887,0.4,0.071255,0.18426,0.7145
A002208,Automotriz,Metropolitana,927390,842,0,0,0.0,0.006516,0.014517,0.4127
A001902,Consumo,Otras,3443353,904,0,0,0.0,0.002829,0.007151,0.6871
A005386,Consumo,Otras,1163501,836,52,0,0.0,0.007062,0.01591,0.6697
A007392,Tarjeta,Biobío,1253945,859,204,992855,0.4,0.005185,0.013494,0.7196
A004423,Automotriz,Valparaíso,3624116,845,0,0,0.0,0.006258,0.019377,0.25
A012533,Microempresa,Metropolitana,7105204,788,0,10529792,0.4,0.013423,0.040901,0.4929
A001311,Consumo,Metropolitana,169621,835,0,0,0.0,0.007157,0.018322,0.456
A009951,Consumo,Otras,651546,746,0,0,0.0,0.023437,0.057253,0.6215
A003155,Consumo,Valparaíso,870185,750,0,0,0.0,0.022231,0.057574,0.6844
A011442,Automotriz,Metropolitana,2143959,656,0,0,0.0,0.074916,0.208499,0.4265
A014647,Consumo,Metropolitana,438409,762,0,0,0.0,0.018966,0.051021,0.6131
A003664,Consumo,Valparaíso,1129409,919,0,0,0.0,0.002311,0.007652,0.7096
A014808,Automotriz,Biobío,2448332,748,0,0,0.0,0.022826,0.055297,0.3739
A006652,Consumo,Metropolitana,757206,884,0,0,0.0,0.003704,0.008294,0.6533
A005815,Automotriz,Metropolitana,420945,918,0,0,0.0,0.002343,0.007588,0.4228
A012953,Tarjeta,Otras,2480998,826,0,2170291,0.4,0.008076,0.018089,0.5674
A014103,Tarjeta,Otras,1413699,858,0,2276522,0.4,0.005255,0.014323,0.6618
A000756,Tarjeta,Valparaíso,3303601,778,0,3718754,0.4,0.015335,0.04507,0.8334
A009245,Consumo,Biobío,6934330,773,0,0,0.0,0.016389,0.051925,0.6094
A010006,Automotriz,Valparaíso,488036,758,0,0,0.0,0.019999,0.060033,0.3902
A006006,Microempresa,Otras,439969,950,0,798964,0.4,0.001522,0.00506,0.5079
A004452,Consumo,Valparaíso,122090,928,0,0,0.0,0.002047,0.00506,0.6181
A005866,Microempresa,Metropolitana,1516968,796,0,932553,0.4,0.012064,0.034384,0.5075
A001406,Microempresa,Valparaíso,2593231,801,0,4274517,0.4,0.011285,0.033349,0.5503
A003965,Automotriz,Otras,226840,885,0,0,0.0,0.003655,0.010025,0.3954
A000840,Automotriz,Valparaíso,898504,894,0,0,0.0,0.003237,0.007944,0.3254
A006022,Tarjeta,Metropolitana,1159559,860,0,748563,0.4,0.005116,0.011788,0.6566
A001262,Automotriz,Otras,863691,838,243,0,0.0,0.006875,0.023158,0.3161
A004877,Consumo,Otras,1846531,762,34,0,0.0,0.018966,0.059532,0.673
A009972,Consumo,Metropolitana,489624,801,0,0,0.0,0.011285,0.027188,0.6253
A002120,Automotriz,Biobío,460876,870,0,0,0.0,0.004472,0.013904,0.4711
A013463,Consumo,Metropolitana,1360058,721,0,0,0.0,0.03255,0.099716,0.5689
A012318,Tarjeta,Metropolitana,1471488,748,0,2529816,0.4,0.022826,0.055319,0.674
A014530,Consumo,Metropolitana,1928733,841,0,0,0.0,0.006604,0.014361,0.5969
A001050,Microempresa,Metropolitana,4312713,709,9,4391203,0.4,0.038062,0.09527,0.5441
A002779,Tarjeta,Metropolitana,1983504,736,0,2834208,0.4,0.026737,0.075126,0.6603
A003602,Tarjeta,Metropolitana,458738,881,0,756177,0.4,0.003857,0.008686,0.7099
A011733,Consumo,Valparaíso,6370349,897,0,0,0.0,0.003109,0.00668,0.66
A012360,Tarjeta,Metropolitana,252920,883,67,101596,0.4,0.003754,0.009174,0.6186
A013299,Tarjeta,Valparaíso,4404285,782,0,7988392,0.4,0.01454,0.034141,0.656
A013762,Consumo,Otras,492771,904,0,0,0.0,0.002829,0.00814,0.6314
A006592,Consumo,Valparaíso,1076362,950,0,0,0.0,0.001522,0.003955,0.6525
A000957,Automotriz,Valparaíso,1648332,779,0,0,0.0,0.015132,0.046155,0.3075
A010664,Tarjeta,Metropolitana,603583,916,21,1235261,0.4,0.002407,0.008053,0.7347
A002514,Tarjeta,Metropolitana,3687136,918,0,4089049,0.4,0.002343,0.005552,0.7484
A011655,Consumo,Metropolitana,1678407,805,90,0,0.0,0.010697,0.030988,0.6721
A004697,Tarjeta,Valparaíso,5010701,674,90,3804955,0.4,0.059706,0.139894,0.6888
A012432,Tarjeta,Valparaíso,1029458,902,48,1226847,0.4,0.002907,0.007576,0.6863
A009808,Consumo,Metropolitana,1076174,822,0,0,0.0,0.00852,0.019297,0.6149
A011216,Microempresa,Metropolitana,1443139,875,0,2261569,0.4,0.004181,0.012848,0.5179
A014353,Tarjeta,Otras,3764221,839,0,2342853,0.4,0.006783,0.017933,0.6279
A013594,Consumo,Metropolitana,1758273,827,0,0,0.0,0.007968,0.017409,0.6128
A008534,Tarjeta,Metropolitana,6618445,810,171,4646844,0.4,0.010005,0.021256,0.6958
A000143,Microempresa,Otras,2269117,822,114,3197379,0.4,0.00852,0.021241,0.5558
A010430,Automotriz,Otras,1391841,737,0,0,0.0,0.026388,0.055884,0.2869
A009939,Consumo,Otras,1779785,772,44,0,0.0,0.016609,0.035502,0.7394
A000235,Microempresa,Metropolitana,2493593,930,0,4378607,0.4,0.001993,0.004988,0.5504
A006995,Consumo,Metropolitana,257931,843,0,0,0.0,0.006429,0.016224,0.6664
A010944,Tarjeta,Metropolitana,1326967,790,14,2770066,0.4,0.013069,0.029665,0.7577
A013701,Tarjeta,Metropolitana,2526077,693,0,957767,0.4,0.046819,0.127076,0.638
A005211,Consumo,Biobío,2104310,828,225,0,0.0,0.007862,0.022617,0.6839
A002940,Tarjeta,Metropolitana,2327198,725,0,2854472,0.4,0.03089,0.098318,0.698
A006921,Tarjeta,Metropolitana,867664,914,0,828311,0.4,0.002473,0.007311,0.6749
A002065,Consumo,Valparaíso,158426,830,0,0,0.0,0.007654,0.022187,0.5729
A003362,Automotriz,Otras,7759480,758,90,0,0.0,0.019999,0.043574,0.4141
A005242,Tarjeta,Otras,1859761,868,0,2361339,0.4,0.004594,0.013568,0.712
A014333,Consumo,Metropolitana,277583,919,0,0,0.0,0.002311,0.006573,0.6406
A014522,Microempresa,Otras,719617,771,0,1203117,0.4,0.016831,0.041191,0.6439
A002872,Consumo,Metropolitana,1748293,862,0,0,0.0,0.00498,0.013647,0.5512
A010476,Automotriz,Metropolitana,2560169,850,17,0,0.0,0.005852,0.014626,0.4238
A002474,Consumo,Metropolitana,1156588,812,0,0,0.0,0.009741,0.021743,0.6739
A000458,Tarjeta,Otras,540776,698,46,197787,0.4,0.043894,0.117359,0.7006
A011812,Consumo,Metropolitana,1736299,869,0,0,0.0,0.004533,0.012724,0.5485
A000017,Consumo,Metropolitana,603797,844,0,0,0.0,0.006343,0.019051,0.6306
A014124,Tarjeta,Metropolitana,2000624,727,0,2679153,0.4,0.030091,0.092037,0.7687
A000982,Consumo,Metropolitana,134318,923,0,0,0.0,0.00219,0.007078,0.5841
A005806,Tarjeta,Otras,1520312,863,0,1876401,0.4,0.004914,0.015543,0.7535
A000953,Tarjeta,Metropolitana,627899,780,0,776930,0.4,0.014932,0.036015,0.6657
A001146,Consumo,Biobío,593586,950,0,0,0.0,0.001522,0.004889,0.69
A000913,Automotriz,Metropolitana,1642592,850,0,0,0.0,0.005852,0.013803,0.3626
A007669,Consumo,Metropolitana,1722142,735,6,0,0.0,0.027091,0.065498,0.6386
A004609,Tarjeta,Biobío,1410558,847,0,465963,0.4,0.006092,0.013318,0.6935
A008817,Consumo,Metropolitana,5880552,878,0,0,0.0,0.004016,0.009895,0.6245
A001058,Consumo,Biobío,1648202,831,0,0,0.0,0.007552,0.017831,0.6467
A004892,Tarjeta,Otras,1287936,730,0,2516017,0.4,0.02893,0.092513,0.7989
A011808,Tarjeta,Metropolitana,1808191,808,0,2367320,0.4,0.010276,0.032225,0.7537
A010878,Automotriz,Metropolitana,698290,903,0,0,0.0,0.002868,0.006588,0.3605
A003446,Automotriz,Metropolitana,1003053,744,77,0,0.0,0.024063,0.080113,0.3641
A007330,Microempresa,Otras,1980434,788,0,4187143,0.4,0.013423,0.03983,0.53
A011008,Microempresa,Metropolitana,4775634,779,44,4969610,0.4,0.015132,0.032163,0.4523
A005384,Automotriz,Otras,774110,725,0,0,0.0,0.03089,0.070567,0.4263
A003464,Tarjeta,Metropolitana,1969949,884,0,3777890,0.4,0.003704,0.012308,0.68
A006805,Automotriz,Otras,1395664,703,0,0,0.0,0.041145,0.099284,0.3845
A012528,Tarjeta,Metropolitana,1373087,859,0,2126620,0.4,0.005185,0.011364,0.6991
A002812,Consumo,Otras,917808,867,0,0,0.0,0.004656,0.01198,0.5894
A006970,Consumo,Metropolitana,556758,905,0,0,0.0,0.002792,0.007323,0.5816
A011587,Consumo,Metropolitana,2082404,771,0,0,0.0,0.016831,0.041669,0.5465
A013253,Consumo,Valparaíso,2173286,877,0,0,0.0,0.00407,0.008936,0.6393
A011996,Tarjeta,Metropolitana,1894622,776,0,2650972,0.4,0.015749,0.044718,0.7028
A004717,Consumo,Valparaíso,2386291,950,0,0,0.0,0.001522,0.003642,0.7045
A000132,Consumo,Metropolitana,1281412,884,0,0,0.0,0.003704,0.008447,0.7061
A006961,Tarjeta,Biobío,2415998,674,90,3873755,0.4,0.059706,0.19833,0.718
A004847,Automotriz,Biobío,2555774,720,0,0,0.0,0.032978,0.104469,0.3732
A009182,Consumo,Metropolitana,648597,793,0,0,0.0,0.012557,0.031899,0.6137
A008992,Tarjeta,Metropolitana,823533,839,0,1368543,0.4,0.006783,0.020631,0.659
A011988,Tarjeta,Metropolitana,611077,774,0,1054966,0.4,0.016173,0.03999,0.6804
A002787,Tarjeta,Otras,4596025,726,90,9137702,0.4,0.030488,0.081762,0.7473
A004323,Consumo,Metropolitana,2642541,884,0,0,0.0,0.003704,0.008367,0.5868
A012270,Consumo,Metropolitana,1522117,819,0,0,0.0,0.00887,0.026888,0.587
A008390,Tarjeta,Metropolitana,2292381,950,0,3730516,0.4,0.001522,0.004174,0.6923
A008938,Consumo,Valparaíso,1447999,950,0,0,0.0,0.001522,0.004956,0.6869
A002770,Consumo,Metropolitana,4139716,935,0,0,0.0,0.001863,0.006017,0.594
A009525,Consumo,Metropolitana,1351039,950,0,0,0.0,0.001522,0.004013,0.6099
A009648,Automotriz,Metropolitana,638666,884,0,0,0.0,0.003704,0.007941,0.3733
A004226,Consumo,Metropolitana,619873,735,0,0,0.0,0.027091,0.061175,0.6185
A013016,Consumo,Otras,867017,789,0,0,0.0,0.013245,0.035157,0.5511
A001641,Consumo,Otras,1719357,924,0,0,0.0,0.002161,0.006296,0.636
A007698,Tarjeta,Valparaíso,360384,846,0,463225,0.4,0.006175,0.019545,0.6528
A014135,Tarjeta,Metropolitana,1369461,788,0,459683,0.4,0.013423,0.039485,0.659
A010308,Microempresa,Otras,3811155,842,0,2407706,0.4,0.006516,0.018526,0.5491
A003525,Tarjeta,Metropolitana,1222431,876,0,2231378,0.4,0.004125,0.011021,0.7035
A010096,Tarjeta,Biobío,829487,892,0,1391089,0.4,0.003326,0.008118,0.7067
A011465,Microempresa,Otras,1840485,880,13,3234382,0.4,0.003909,0.011764,0.6275
A011127,Automotriz,Metropolitana,1730639,816,0,0,0.0,0.009233,0.020759,0.422
A012123,Consumo,Biobío,2263850,837,85,0,0.0,0.006968,0.015095,0.5814
A005349,Consumo,Metropolitana,2115501,840,0,0,0.0,0.006693,0.020963,0.6402
A000836,Tarjeta,Metropolitana,407266,882,0,564084,0.4,0.003805,0.011561,0.6445
A012156,Consumo,Metropolitana,355327,900,4,0,0.0,0.002986,0.009348,0.6837
A003891,Tarjeta,Metropolitana,1092819,801,0,2109984,0.4,0.011285,0.029409,0.7153
A000806,Consumo,Metropolitana,2456008,710,63,0,0.0,0.03757,0.080228,0.6238
A007808,Consumo,Metropolitana,1128544,888,0,0,0.0,0.00351,0.010492,0.6864
A006950,Consumo,Metropolitana,2312718,821,0,0,0.0,0.008635,0.018468,0.6245
A008922,Consumo,Biobío,4757278,553,90,0,0.0,0.245711,0.61072,0.614
A012747,Automotriz,Metropolitana,396889,950,0,0,0.0,0.001522,0.004971,0.4612
A014801,Tarjeta,Metropolitana,2070799,884,0,1477975,0.4,0.003704,0.007948,0.6874
A013524,Tarjeta,Metropolitana,604949,764,0,621328,0.4,0.01847,0.062418,0.6769
A009679,Automotriz,Metropolitana,4503172,785,0,0,0.0,0.01397,0.038731,0.3852
A001676,Microempresa,Otras,214584,768,51,128139,0.4,0.017515,0.051352,0.6262
A006227,Consumo,Metropolitana,753331,836,0,0,0.0,0.007062,0.022957,0.6472
A000971,Consumo,Metropolitana,871790,897,23,0,0.0,0.003109,0.008748,0.6147
A009346,Consumo,Metropolitana,3482371,798,0,0,0.0,0.011746,0.028051,0.6866
A008077,Consumo,Biobío,534027,950,39,0,0.0,0.001522,0.003397,0.6908
A003576,Automotriz,Biobío,2963244,803,0,0,0.0,0.010987,0.030455,0.4856
A012434,Tarjeta,Otras,835717,791,0,1295234,0.4,0.012896,0.039899,0.733
A001742,Consumo,Otras,622639,936,0,0,0.0,0.001838,0.005334,0.514
A014659,Automotriz,Otras,1646306,797,0,0,0.0,0.011904,0.039941,0.353
A006065,Automotriz,Metropolitana,3772355,539,139,0,0.0,0.282431,0.674548,0.4091
A006352,Tarjeta,Biobío,2250480,740,0,1659747,0.4,0.025366,0.05333,0.7263
A000579,Automotriz,Valparaíso,1725083,788,0,0,0.0,0.013423,0.039551,0.3938
A004845,Consumo,Valparaíso,4460136,845,0,0,0.0,0.006258,0.015134,0.6359
A006599,Automotriz,Valparaíso,1500532,805,0,0,0.0,0.010697,0.028848,0.3582
A012340,Tarjeta,Valparaíso,841545,798,0,1107976,0.4,0.011746,0.033972,0.7121
A013939,Microempresa,Biobío,3598954,854,0,3724955,0.4,0.005546,0.015713,0.547
A011403,Consumo,Otras,1300957,830,0,0,0.0,0.007654,0.023076,0.6192
A008957,Tarjeta,Otras,1333276,730,0,1282137,0.4,0.02893,0.096062,0.7288
A010531,Automotriz,Valparaíso,252385,789,0,0,0.0,0.013245,0.044232,0.4178
A001407,Consumo,Metropolitana,331958,864,0,0,0.0,0.004848,0.010681,0.5568
A009005,Microempresa,Metropolitana,1545269,886,90,495509,0.4,0.003606,0.012022,0.5795
A002288,Microempresa,Metropolitana,928223,903,39,1175674,0.4,0.002868,0.009274,0.6184
A006287,Consumo,Valparaíso,1685568,785,0,0,0.0,0.01397,0.046409,0.6171
A006111,Consumo,Biobío,2306651,717,0,0,0.0,0.034296,0.087147,0.6436
A010869,Microempresa,Valparaíso,2049474,786,0,4350259,0.4,0.013785,0.03027,0.6092
A012233,Consumo,Biobío,741643,950,0,0,0.0,0.001522,0.004986,0.6743
A014867,Consumo,Metropolitana,1123146,832,0,0,0.0,0.007451,0.018393,0.5337
A005665,Consumo,Metropolitana,218437,878,24,0,0.0,0.004016,0.010811,0.5804
A013887,Automotriz,Otras,2628734,904,0,0,0.0,0.002829,0.007033,0.3623
A005923,Microempresa,Biobío,980814,752,0,1893636,0.4,0.021651,0.066977,0.5967
A006157,Tarjeta,Metropolitana,1567325,834,0,904203,0.4,0.007254,0.023399,0.7876
A010732,Automotriz,Otras,1923195,750,0,0,0.0,0.022231,0.066153,0.4283
A005200,Automotriz,Biobío,483381,921,0,0,0.0,0.00225,0.005027,0.4263
A014912,Tarjeta,Metropolitana,2246665,829,0,1655973,0.4,0.007757,0.019892,0.7601
A012314,Consumo,Metropolitana,854424,736,0,0,0.0,0.026737,0.074435,0.5723
A001228,Automotriz,Otras,807267,839,0,0,0.0,0.006783,0.018829,0.3543
A003592,Consumo,Biobío,3876523,810,0,0,0.0,0.010005,0.026554,0.6562
A014562,Microempresa,Metropolitana,6711182,859,0,6671351,0.4,0.005185,0.015862,0.5674
A007589,Consumo,Valparaíso,940190,933,41,0,0.0,0.001914,0.004203,0.665
A006338,Automotriz,Valparaíso,1178246,805,7,0,0.0,0.010697,0.025632,0.2864
A012470,Automotriz,Metropolitana,2336682,565,202,0,0.0,0.216907,0.665715,0.4363
A013217,Consumo,Metropolitana,254015,860,0,0,0.0,0.005116,0.01648,0.651
A009013,Tarjeta,Otras,809371,814,0,728070,0.4,0.009484,0.031616,0.6815
A010706,Tarjeta,Valparaíso,3047061,760,0,1594427,0.4,0.019476,0.064739,0.6496
A012444,Microempresa,Metropolitana,1502794,799,0,3159008,0.4,0.01159,0.0331,0.5305
A014477,Tarjeta,Otras,2037288,780,130,3826902,0.4,0.014932,0.036474,0.7276
A014308,Tarjeta,Valparaíso,398665,796,15,586353,0.4,0.012064,0.030744,0.7505
A000627,Automotriz,Metropolitana,1326145,943,0,0,0.0,0.001672,0.004814,0.3649
A009624,Consumo,Metropolitana,860170,872,0,0,0.0,0.004353,0.01044,0.5643
A001450,Consumo,Metropolitana,2961317,434,147,0,0.0,0.619278,0.97,0.6966
A008721,Microempresa,Otras,791723,853,90,1664839,0.4,0.005621,0.015811,0.4585
A006447,Consumo,Metropolitana,494745,841,0,0,0.0,0.006604,0.01885,0.536
A002382,Consumo,Metropolitana,2913636,759,0,0,0.0,0.019735,0.062378,0.675
A013764,Automotriz,Metropolitana,234280,850,75,0,0.0,0.005852,0.014674,0.3581
A001209,Consumo,Otras,709151,948,0,0,0.0,0.001563,0.003713,0.4752
A005577,Consumo,Metropolitana,1052637,882,0,0,0.0,0.003805,0.008073,0.6863
A000938,Consumo,Biobío,1989294,821,0,0,0.0,0.008635,0.018991,0.6449
A008263,Tarjeta,Metropolitana,673634,821,0,378819,0.4,0.008635,0.028014,0.6388
A009578,Consumo,Metropolitana,1003683,834,0,0,0.0,0.007254,0.016881,0.6972
A001430,Tarjeta,Otras,4155461,839,383,1453321,0.4,0.006783,0.021957,0.802
A002316,Automotriz,Metropolitana,2411511,799,0,0,0.0,0.01159,0.026301,0.4273
A012571,Tarjeta,Metropolitana,1532005,950,0,745190,0.4,0.001522,0.004066,0.7238
A005171,Tarjeta,Metropolitana,2679106,865,14,1379727,0.4,0.004783,0.010431,0.7334
A006288,Tarjeta,Metropolitana,1517178,766,0,2003911,0.4,0.017986,0.050377,0.6579
A012664,Tarjeta,Biobío,1439358,919,0,2039079,0.4,0.002311,0.006428,0.6986
A001034,Tarjeta,Metropolitana,741722,913,0,281295,0.4,0.002506,0.007887,0.6884
A005345,Automotriz,Biobío,702066,884,0,0,0.0,0.003704,0.010289,0.321
A008578,Microempresa,Metropolitana,225293,818,0,287297,0.4,0.008989,0.024329,0.5289
A003560,Consumo,Biobío,1974730,798,0,0,0.0,0.011746,0.025324,0.5459
A003572,Consumo,Otras,800881,914,0,0,0.0,0.002473,0.006203,0.6967
A007879,Tarjeta,Metropolitana,2100548,950,0,1757477,0.4,0.001522,0.004097,0.7913
A012118,Consumo,Valparaíso,4671885,918,0,0,0.0,0.002343,0.007416,0.5868
A005038,Consumo,Valparaíso,2524076,649,90,0,0.0,0.081741,0.244627,0.696
A003467,Tarjeta,Metropolitana,1304603,800,0,646345,0.4,0.011436,0.028155,0.5933
A004660,Tarjeta,Otras,5372174,739,0,2162477,0.4,0.025702,0.06177,0.6607
A014785,Automotriz,Metropolitana,4999084,909,90,0,0.0,0.002645,0.00645,0.3418
A007156,Microempresa,Otras,1243006,918,0,1193364,0.4,0.002343,0.005571,0.5185
A005615,Microempresa,Metropolitana,588273,782,0,215487,0.4,0.01454,0.034598,0.5338
A005146,Tarjeta,Metropolitana,1204661,769,0,1962544,0.4,0.017284,0.052361,0.7231
A011158,Tarjeta,Metropolitana,791486,902,0,650940,0.4,0.002907,0.007195,0.7444
A010187,Consumo,Metropolitana,1524951,748,21,0,0.0,0.022826,0.073631,0.6741
A006407,Tarjeta,Metropolitana,1887142,835,93,2335449,0.4,0.007157,0.015244,0.7697
A000994,Tarjeta,Metropolitana,883335,803,0,1099042,0.4,0.010987,0.032283,0.5972
A001470,Consumo,Valparaíso,1512513,907,0,0,0.0,0.002717,0.007044,0.6751
A011396,Consumo,Valparaíso,1155233,801,84,0,0.0,0.011285,0.034551,0.578
A011235,Automotriz,Valparaíso,951671,853,0,0,0.0,0.005621,0.01909,0.3213
A003352,Tarjeta,Metropolitana,1729142,834,0,3277731,0.4,0.007254,0.020421,0.6652
A014089,Tarjeta,Metropolitana,8457897,743,90,9782011,0.4,0.024383,0.068593,0.7696
A014752,Consumo,Metropolitana,1763485,827,0,0,0.0,0.007968,0.018838,0.6172
A003816,Consumo,Otras,934499,866,0,0,0.0,0.004719,0.012265,0.6111
A002598,Microempresa,Metropolitana,2399338,854,66,4701598,0.4,0.005546,0.014027,0.4243
A001245,Consumo,Metropolitana,869374,832,0,0,0.0,0.007451,0.015832,0.7005
A003044,Automotriz,Metropolitana,872781,847,24,0,0.0,0.006092,0.016499,0.3325
A010609,Automotriz,Otras,609065,830,0,0,0.0,0.007654,0.025965,0.301
A001866,Consumo,Biobío,1627036,857,52,0,0.0,0.005326,0.013387,0.6438
A007257,Consumo,Metropolitana,1222772,940,0,0,0.0,0.001741,0.005351,0.5947
A005563,Automotriz,Metropolitana,1040833,810,76,0,0.0,0.010005,0.027894,0.4202
A008520,Consumo,Otras,460630,950,0,0,0.0,0.001522,0.003992,0.5766
A013057,Tarjeta,Metropolitana,6667502,863,0,2902596,0.4,0.004914,0.015385,0.7106
A010310,Microempresa,Otras,3674515,904,99,2977692,0.4,0.002829,0.008818,0.5696
A001234,Microempresa,Metropolitana,433750,654,0,131919,0.4,0.076811,0.221658,0.6161
A011691,Consumo,Valparaíso,211087,824,0,0,0.0,0.008295,0.024298,0.628
A004028,Microempresa,Metropolitana,534394,914,0,532020,0.4,0.002473,0.005231,0.5936
A007510,Tarjeta,Valparaíso,645516,838,0,338501,0.4,0.006875,0.021063,0.6744
A010277,Microempresa,Valparaíso,854491,775,0,1787238,0.4,0.015959,0.034096,0.5628
A007904,Consumo,Metropolitana,1587800,869,0,0,0.0,0.004533,0.012707,0.6664
A014876,Tarjeta,Otras,692146,805,0,950877,0.4,0.010697,0.026887,0.7625
A005023,Microempresa,Biobío,470637,888,0,882485,0.4,0.00351,0.011175,0.5594
A014413,Consumo,Otras,368661,898,68,0,0.0,0.003068,0.010312,0.6103
A013611,Tarjeta,Metropolitana,3341762,811,0,4757066,0.4,0.009872,0.029776,0.7385
A012863,Consumo,Metropolitana,695502,883,0,0,0.0,0.003754,0.011813,0.7078
A010683,Consumo,Biobío,626364,788,0,0,0.0,0.013423,0.03749,0.6565
A001958,Consumo,Metropolitana,1554780,889,0,0,0.0,0.003463,0.009138,0.6444
A004927,Consumo,Metropolitana,675928,785,0,0,0.0,0.01397,0.030192,0.6063
A010254,Tarjeta,Metropolitana,1853389,825,218,1211197,0.4,0.008184,0.025104,0.6979
A010338,Automotriz,Otras,2402428,903,0,0,0.0,0.002868,0.006285,0.3854
A004972,Consumo,Valparaíso,1322030,869,0,0,0.0,0.004533,0.012386,0.6017
A008959,Automotriz,Metropolitana,2357022,874,0,0,0.0,0.004238,0.010157,0.3801
A009090,Consumo,Otras,1656515,795,90,0,0.0,0.012226,0.039054,0.6904
A011931,Tarjeta,Valparaíso,494806,838,0,809353,0.4,0.006875,0.020981,0.7036
A014563,Microempresa,Valparaíso,6772641,752,0,3331598,0.4,0.021651,0.053016,0.5656
A008481,Consumo,Metropolitana,2920812,875,0,0,0.0,0.004181,0.01238,0.6984
A012321,Tarjeta,Otras,708462,782,3,590190,0.4,0.01454,0.041382,0.6414
A002744,Microempresa,Metropolitana,785055,868,0,679929,0.4,0.004594,0.013636,0.5185
A010503,Automotriz,Otras,2455767,585,0,0,0.0,0.174502,0.551,0.4527
A009188,Consumo,Metropolitana,1273701,751,0,0,0.0,0.021939,0.06056,0.6507
A002430,Microempresa,Metropolitana,7866360,950,0,6754084,0.4,0.001522,0.003442,0.5262
A001152,Consumo,Metropolitana,3075526,821,0,0,0.0,0.008635,0.027535,0.6374
A007519,Microempresa,Biobío,2449207,744,0,4918142,0.4,0.024063,0.059225,0.5382
A011546,Tarjeta,Metropolitana,2273943,811,0,3564349,0.4,0.009872,0.033163,0.716
A004317,Consumo,Metropolitana,876362,833,0,0,0.0,0.007352,0.018305,0.5265
A003398,Consumo,Otras,597858,871,0,0,0.0,0.004412,0.010828,0.5065
A004584,Tarjeta,Metropolitana,940255,638,0,2061793,0.4,0.093615,0.297974,0.6327
A008125,Tarjeta,Metropolitana,167795,950,0,262971,0.4,0.001522,0.004489,0.6231
A009086,Automotriz,Biobío,1116768,911,0,0,0.0,0.002575,0.008122,0.3888
A014006,Automotriz,Biobío,147259,797,0,0,0.0,0.011904,0.033225,0.3618
A013102,Tarjeta,Biobío,462939,807,0,536340,0.4,0.010415,0.033992,0.6958
A012213,Consumo,Otras,709504,783,0,0,0.0,0.014347,0.047129,0.5513
A001021,Consumo,Otras,4132750,798,0,0,0.0,0.011746,0.029075,0.609
A000980,Consumo,Biobío,1429743,841,0,0,0.0,0.006604,0.017284,0.6158
A011838,Automotriz,Metropolitana,689277,887,0,0,0.0,0.003557,0.009404,0.3623
A014880,Consumo,Metropolitana,669191,719,0,0,0.0,0.033412,0.089808,0.5431
A002989,Tarjeta,Otras,6320787,737,0,12067922,0.4,0.026388,0.084183,0.6945
A012756,Consumo,Metropolitana,397117,950,0,0,0.0,0.001522,0.004043,0.6308
A000758,Tarjeta,Metropolitana,2368898,796,0,1933207,0.4,0.012064,0.034137,0.7229
A005129,Automotriz,Valparaíso,1121606,818,217,0,0.0,0.008989,0.026568,0.3705
A014219,Tarjeta,Metropolitana,4165441,737,5,6034326,0.4,0.026388,0.068127,0.7861
A003544,Tarjeta,Metropolitana,681060,872,0,863327,0.4,0.004353,0.010101,0.7024
A012283,Consumo,Metropolitana,2382159,742,259,0,0.0,0.024706,0.052735,0.5295
A000830,Consumo,Metropolitana,1527575,845,0,0,0.0,0.006258,0.019252,0.5715
A001092,Consumo,Biobío,664537,827,0,0,0.0,0.007968,0.018878,0.565
A005121,Consumo,Valparaíso,980374,765,0,0,0.0,0.018226,0.054911,0.5791
A004734,Automotriz,Otras,437309,913,0,0,0.0,0.002506,0.005777,0.4044
A011089,Tarjeta,Biobío,2268535,741,0,3523502,0.4,0.025034,0.055271,0.7636
A000875,Automotriz,Metropolitana,565757,833,0,0,0.0,0.007352,0.022333,0.4824
A000396,Automotriz,Biobío,2930329,877,0,0,0.0,0.00407,0.009667,0.4472
A002569,Consumo,Metropolitana,492530,893,0,0,0.0,0.003281,0.007311,0.6211
A009501,Automotriz,Biobío,693219,797,0,0,0.0,0.011904,0.031512,0.4494
A005019,Consumo,Metropolitana,375489,775,0,0,0.0,0.015959,0.041787,0.6121
A002179,Consumo,Metropolitana,1426667,810,0,0,0.0,0.010005,0.026492,0.579
A014358,Tarjeta,Metropolitana,1752208,818,0,2816534,0.4,0.008989,0.026734,0.7448
A011375,Tarjeta,Metropolitana,163379,873,0,100080,0.4,0.004295,0.009348,0.6751
A011159,Tarjeta,Metropolitana,1477443,798,0,2836769,0.4,0.011746,0.029979,0.6023
A007577,Consumo,Biobío,460780,875,0,0,0.0,0.004181,0.013928,0.6343
A012820,Consumo,Biobío,8534901,887,0,0,0.0,0.003557,0.011033,0.6159
A000139,Consumo,Metropolitana,757057,872,0,0,0.0,0.004353,0.014408,0.6171
A002862,Tarjeta,Biobío,218731,926,0,207487,0.4,0.002103,0.004579,0.7063
A003841,Automotriz,Biobío,1723330,864,15,0,0.0,0.004848,0.011886,0.3093
A013773,Tarjeta,Metropolitana,270731,818,0,108061,0.4,0.008989,0.028969,0.6957
A003818,Automotriz,Biobío,2789046,875,0,0,0.0,0.004181,0.009725,0.4171
A001480,Tarjeta,Biobío,1312579,781,0,1907174,0.4,0.014735,0.046419,0.6722
A001151,Consumo,Metropolitana,946809,890,0,0,0.0,0.003417,0.008989,0.5877
A002573,Microempresa,Otras,2087355,750,0,807731,0.4,0.022231,0.058696,0.5208
A003511,Microempresa,Biobío,3940152,950,0,3987732,0.4,0.001522,0.003447,0.582
A004342,Consumo,Otras,1270102,801,0,0,0.0,0.011285,0.029863,0.6853
A003142,Consumo,Metropolitana,3646604,714,0,0,0.0,0.035664,0.09948,0.6517
A014543,Tarjeta,Metropolitana,1025245,737,0,2157888,0.4,0.026388,0.056399,0.7336
A009680,Tarjeta,Otras,281978,789,0,213520,0.4,0.013245,0.042716,0.722
A012981,Consumo,Metropolitana,2147079,854,0,0,0.0,0.005546,0.012028,0.6464
A010387,Consumo,Metropolitana,1867434,781,0,0,0.0,0.014735,0.036683,0.6626
A009384,Consumo,Metropolitana,837281,900,20,0,0.0,0.002986,0.009119,0.6563
A003326,Consumo,Valparaíso,5307799,896,0,0,0.0,0.003151,0.009675,0.6261
A002927,Consumo,Otras,2917637,851,159,0,0.0,0.005774,0.018843,0.5748
A005516,Microempresa,Valparaíso,263558,905,0,452302,0.4,0.002792,0.006867,0.5277
A003951,Consumo,Metropolitana,5777974,875,0,0,0.0,0.004181,0.011716,0.6342
A004940,Consumo,Metropolitana,2620302,861,0,0,0.0,0.005048,0.014733,0.5854
A001196,Consumo,Valparaíso,3088541,642,183,0,0.0,0.089128,0.265469,0.6049
A003015,Consumo,Metropolitana,1775630,806,0,0,0.0,0.010555,0.02815,0.7009
A005406,Automotriz,Metropolitana,3710717,804,0,0,0.0,0.010841,0.03078,0.4179
A007731,Consumo,Otras,3179532,697,196,0,0.0,0.044465,0.097445,0.6994
A002289,Tarjeta,Metropolitana,2100578,682,90,4524038,0.4,0.053918,0.114369,0.6799
A012920,Consumo,Metropolitana,1628394,847,67,0,0.0,0.006092,0.015718,0.6827
A011830,Consumo,Metropolitana,2698972,857,0,0,0.0,0.005326,0.015387,0.6771
A003325,Consumo,Valparaíso,3426757,880,0,0,0.0,0.003909,0.010111,0.5737
A009317,Consumo,Metropolitana,900753,950,0,0,0.0,0.001522,0.003555,0.7099
A005876,Microempresa,Otras,1119913,894,0,1069415,0.4,0.003237,0.008679,0.4875
A007433,Microempresa,Valparaíso,862773,861,0,1261726,0.4,0.005048,0.016293,0.5106
A008157,Tarjeta,Valparaíso,5813562,899,198,9116709,0.4,0.003027,0.007309,0.8
A008609,Consumo,Metropolitana,2024130,879,0,0,0.0,0.003962,0.011459,0.626
A000543,Consumo,Metropolitana,667374,893,0,0,0.0,0.003281,0.007358,0.5971
A006974,Consumo,Metropolitana,841348,783,90,0,0.0,0.014347,0.043674,0.6897
A000964,Microempresa,Otras,1330289,883,528,1113651,0.4,0.003754,0.010221,0.5105
A006203,Consumo,Metropolitana,1096162,777,0,0,0.0,0.01554,0.040038,0.6794
A003084,Tarjeta,Valparaíso,1082746,710,0,855761,0.4,0.03757,0.127064,0.643
A010397,Tarjeta,Valparaíso,2089688,835,0,1763306,0.4,0.007157,0.018013,0.7191
A012671,Automotriz,Otras,579174,790,7,0,0.0,0.013069,0.036942,0.3961
A014043,Automotriz,Otras,416179,772,33,0,0.0,0.016609,0.039418,0.3789
A010406,Consumo,Otras,2219695,825,0,0,0.0,0.008184,0.021334,0.6277
A005009,Consumo,Metropolitana,4231474,872,0,0,0.0,0.004353,0.010288,0.5914
A010850,Automotriz,Otras,1489462,948,0,0,0.0,0.001563,0.003859,0.4021
A005028,Microempresa,Biobío,2096702,707,0,4333906,0.4,0.039064,0.096388,0.4739
A007058,Consumo,Metropolitana,3132876,825,101,0,0.0,0.008184,0.020118,0.6106
A011892,Consumo,Metropolitana,1117432,894,0,0,0.0,0.003237,0.010501,0.611
A010189,Tarjeta,Valparaíso,570177,836,0,1157829,0.4,0.007062,0.020775,0.6465
A013150,Tarjeta,Metropolitana,339246,861,0,517670,0.4,0.005048,0.015431,0.7112
A004784,Automotriz,Metropolitana,610258,865,0,0,0.0,0.004783,0.013331,0.3247
A001580,Tarjeta,Otras,845580,778,0,1803079,0.4,0.015335,0.044843,0.7088
A008818,Microempresa,Valparaíso,756615,921,0,354612,0.4,0.00225,0.005246,0.5072
A009967,Consumo,Metropolitana,2399801,850,0,0,0.0,0.005852,0.014671,0.6103
A010327,Automotriz,Metropolitana,161969,834,24,0,0.0,0.007254,0.017808,0.438
A009457,Microempresa,Metropolitana,1304146,834,0,2863293,0.4,0.007254,0.018264,0.5535
A002733,Consumo,Biobío,3672563,737,0,0,0.0,0.026388,0.064362,0.5631
A012205,Automotriz,Otras,3213016,785,171,0,0.0,0.01397,0.047435,0.3231
A008859,Consumo,Otras,4902502,889,0,0,0.0,0.003463,0.009029,0.6647
A001275,Microempresa,Biobío,4300772,810,0,5129504,0.4,0.010005,0.031707,0.5203
A007927,Consumo,Metropolitana,806942,874,0,0,0.0,0.004238,0.01234,0.6192
A009727,Consumo,Biobío,3316473,819,90,0,0.0,0.00887,0.021745,0.5951
A010704,Microempresa,Metropolitana,4343946,825,0,4879026,0.4,0.008184,0.021387,0.604
A004625,Consumo,Metropolitana,3916586,941,45,0,0.0,0.001718,0.003767,0.711
A005475,Consumo,Valparaíso,5455593,783,0,0,0.0,0.014347,0.032719,0.7151
A011801,Consumo,Otras,2445398,786,90,0,0.0,0.013785,0.038179,0.6361
A005759,Consumo,Metropolitana,312187,881,0,0,0.0,0.003857,0.01044,0.5626
A000021,Tarjeta,Metropolitana,2138471,854,0,3853464,0.4,0.005546,0.016753,0.7743
A007234,Consumo,Metropolitana,405019,868,0,0,0.0,0.004594,0.013047,0.5952
A000599,Consumo,Metropolitana,762552,758,82,0,0.0,0.019999,0.0435,0.5992
A009482,Microempresa,Metropolitana,428003,752,0,623083,0.4,0.021651,0.054262,0.5511
A004174,Consumo,Metropolitana,2322982,805,0,0,0.0,0.010697,0.026142,0.6996
A004090,Consumo,Valparaíso,841575,908,0,0,0.0,0.002681,0.008915,0.5707
A002578,Consumo,Metropolitana,813588,851,0,0,0.0,0.005774,0.015492,0.6531
A009917,Consumo,Otras,2318040,739,0,0,0.0,0.025702,0.07206,0.6471
A003566,Consumo,Biobío,428985,766,0,0,0.0,0.017986,0.04112,0.5739
A010101,Consumo,Otras,6008801,735,0,0,0.0,0.027091,0.083111,0.5774
A006771,Consumo,Metropolitana,728758,885,0,0,0.0,0.003655,0.009662,0.6714
A010180,Consumo,Valparaíso,4062608,612,90,0,0.0,0.127982,0.400334,0.5102
A014679,Tarjeta,Otras,2408774,747,0,1016000,0.4,0.02313,0.072247,0.7244
A002448,Microempresa,Valparaíso,1787759,832,0,1717046,0.4,0.007451,0.019357,0.5861
A004600,Automotriz,Otras,875028,743,0,0,0.0,0.024383,0.058756,0.3507
A010660,Microempresa,Metropolitana,1027272,943,86,1595073,0.4,0.001672,0.003695,0.5755
A006984,Consumo,Metropolitana,769677,838,0,0,0.0,0.006875,0.018481,0.5353
A008939,Tarjeta,Metropolitana,749286,892,0,1299277,0.4,0.003326,0.0102,0.7177
A011388,Automotriz,Metropolitana,929645,801,0,0,0.0,0.011285,0.036188,0.3311
A014835,Automotriz,Metropolitana,1102519,862,0,0,0.0,0.00498,0.016845,0.4966
A006943,Consumo,Biobío,5428653,908,0,0,0.0,0.002681,0.008055,0.5773
A004533,Tarjeta,Metropolitana,1404818,762,0,1076338,0.4,0.018966,0.060995,0.7257
A004814,Automotriz,Biobío,1049203,950,0,0,0.0,0.001522,0.003433,0.4357
A006860,Consumo,Valparaíso,3764734,806,0,0,0.0,0.010555,0.029167,0.6124
A011734,Consumo,Otras,1135371,845,0,0,0.0,0.006258,0.016834,0.55
A010560,Consumo,Biobío,2689669,805,0,0,0.0,0.010697,0.033235,0.6704
A004570,Consumo,Valparaíso,541798,936,0,0,0.0,0.001838,0.006175,0.6269
A008972,Tarjeta,Biobío,1672513,711,197,650673,0.4,0.037085,0.087304,0.7654
A014251,Tarjeta,Otras,2349851,769,0,3280815,0.4,0.017284,0.056719,0.7747
A004309,Consumo,Metropolitana,2559195,650,0,0,0.0,0.080733,0.225048,0.6433
A003633,Consumo,Biobío,5371582,812,0,0,0.0,0.009741,0.027579,0.532
A012015,Tarjeta,Metropolitana,1322014,890,0,1128758,0.4,0.003417,0.009134,0.726
A009249,Tarjeta,Biobío,1645386,645,0,1332977,0.4,0.085891,0.187654,0.6818
A012003,Automotriz,Otras,383604,860,0,0,0.0,0.005116,0.013944,0.3188
A003191,Tarjeta,Valparaíso,299436,870,0,579047,0.4,0.004472,0.012215,0.7655
A006569,Consumo,Valparaíso,3530541,767,0,0,0.0,0.017749,0.047968,0.6315
A004569,Tarjeta,Valparaíso,1749232,874,0,2308482,0.4,0.004238,0.012725,0.6986
A005689,Automotriz,Metropolitana,1631657,852,0,0,0.0,0.005697,0.019189,0.3033
A009520,Tarjeta,Metropolitana,1616350,857,0,2941468,0.4,0.005326,0.012279,0.6708
A008505,Consumo,Metropolitana,4345415,802,0,0,0.0,0.011135,0.036878,0.5885
A003368,Tarjeta,Biobío,2105930,750,0,3323666,0.4,0.022231,0.070932,0.6106
A011605,Consumo,Otras,305574,837,0,0,0.0,0.006968,0.01679,0.5621
A002464,Consumo,Biobío,1038766,939,0,0,0.0,0.001765,0.00443,0.606
A000792,Consumo,Otras,2611812,927,0,0,0.0,0.002075,0.004925,0.6191
A009396,Consumo,Metropolitana,530220,858,0,0,0.0,0.005255,0.012919,0.6826
A009223,Consumo,Otras,4540472,809,0,0,0.0,0.01014,0.026768,0.5468
A006718,Tarjeta,Otras,377636,829,0,674735,0.4,0.007757,0.026002,0.8219
A012988,Tarjeta,Metropolitana,3623711,831,0,2870261,0.4,0.007552,0.023206,0.7643
A000642,Microempresa,Biobío,620366,929,0,281121,0.4,0.00202,0.004298,0.5223
A008476,Consumo,Metropolitana,550235,784,0,0,0.0,0.014158,0.032342,0.6328
A012145,Microempresa,Otras,1139297,746,0,816180,0.4,0.023437,0.073743,0.5276
A001560,Consumo,Metropolitana,3184336,889,42,0,0.0,0.003463,0.011399,0.582
A007540,Tarjeta,Otras,461786,950,0,661398,0.4,0.001522,0.003254,0.7257
A006958,Microempresa,Metropolitana,966508,911,0,1124446,0.4,0.002575,0.006882,0.714
A010969,Consumo,Otras,721403,852,0,0,0.0,0.005697,0.014002,0.6033
A014737,Automotriz,Biobío,546659,929,0,0,0.0,0.00202,0.005043,0.3771
A006467,Tarjeta,Metropolitana,1127128,731,0,1545033,0.4,0.028553,0.076553,0.7238
A009941,Automotriz,Metropolitana,492264,874,0,0,0.0,0.004238,0.010758,0.3224
A012362,Automotriz,Metropolitana,635116,781,0,0,0.0,0.014735,0.043361,0.3321
A014724,Microempresa,Biobío,346967,895,0,222214,0.4,0.003194,0.010575,0.5749
A011177,Tarjeta,Biobío,1220810,836,0,1043398,0.4,0.007062,0.022621,0.7014
A014839,Consumo,Valparaíso,4550221,809,0,0,0.0,0.01014,0.026318,0.6124
A004094,Consumo,Metropolitana,256356,924,0,0,0.0,0.002161,0.005585,0.7681
A013930,Consumo,Otras,733219,820,17,0,0.0,0.008752,0.026689,0.6925
A009132,Microempresa,Metropolitana,3548867,802,0,2165106,0.4,0.011135,0.032485,0.5532
A000555,Tarjeta,Metropolitana,3598209,757,0,4061888,0.4,0.020265,0.059267,0.6822
A007045,Consumo,Metropolitana,109148,903,0,0,0.0,0.002868,0.008435,0.5714
A004928,Microempresa,Metropolitana,1853864,647,0,3714482,0.4,0.083793,0.209304,0.4926
A014851,Microempresa,Otras,111362,912,0,235053,0.4,0.00254,0.007202,0.6056
A003448,Tarjeta,Biobío,3252561,839,34,3944542,0.4,0.006783,0.02034,0.6929
A011654,Consumo,Metropolitana,734975,736,0,0,0.0,0.026737,0.078572,0.6582
A004708,Microempresa,Metropolitana,1533530,759,14,861963,0.4,0.019735,0.065858,0.5399
A007982,Tarjeta,Valparaíso,2536938,735,165,2089918,0.4,0.027091,0.078988,0.686
A002865,Consumo,Metropolitana,1880107,795,0,0,0.0,0.012226,0.028365,0.5933
A014221,Microempresa,Otras,5970319,811,3,4233552,0.4,0.009872,0.027091,0.5576
A011982,Consumo,Metropolitana,1746012,765,198,0,0.0,0.018226,0.05096,0.7041
A014010,Consumo,Otras,173733,835,0,0,0.0,0.007157,0.023966,0.5377
A003548,Consumo,Valparaíso,501933,845,40,0,0.0,0.006258,0.015233,0.5217
A013781,Automotriz,Valparaíso,5119516,690,90,0,0.0,0.048662,0.105304,0.4164
A000075,Automotriz,Metropolitana,826093,914,0,0,0.0,0.002473,0.008349,0.4559
A008250,Tarjeta,Valparaíso,5182047,787,0,10577563,0.4,0.013603,0.030814,0.6235
A005166,Tarjeta,Metropolitana,998949,778,0,961535,0.4,0.015335,0.036402,0.8351
A012458,Consumo,Valparaíso,867051,840,0,0,0.0,0.006693,0.015515,0.6
A010909,Automotriz,Valparaíso,2637761,861,2,0,0.0,0.005048,0.011728,0.4015
A014218,Automotriz,Valparaíso,1129267,708,90,0,0.0,0.03856,0.087824,0.4535
A012373,Automotriz,Metropolitana,349713,950,0,0,0.0,0.001522,0.00349,0.3137
A006141,Consumo,Otras,484171,950,0,0,0.0,0.001522,0.004665,0.587
A012984,Tarjeta,Metropolitana,960471,727,0,1618780,0.4,0.030091,0.091191,0.703
A010901,Microempresa,Metropolitana,3921806,897,0,2142278,0.4,0.003109,0.0099,0.4725
A012253,Microempresa,Metropolitana,275644,900,0,549581,0.4,0.002986,0.006424,0.5848
A009913,Consumo,Valparaíso,5195790,543,258,0,0.0,0.271607,0.599716,0.6359
A006143,Consumo,Metropolitana,2363454,715,0,0,0.0,0.035202,0.108265,0.6182
A003707,Consumo,Metropolitana,3381268,738,112,0,0.0,0.026043,0.080651,0.659
A006481,Consumo,Otras,1043188,743,15,0,0.0,0.024383,0.060495,0.5401
A008497,Microempresa,Valparaíso,641175,892,49,1209835,0.4,0.003326,0.009644,0.6781
A004711,Automotriz,Valparaíso,340514,809,34,0,0.0,0.01014,0.031391,0.3612
A005150,Consumo,Otras,269223,736,0,0,0.0,0.026737,0.078709,0.6551
A007780,Tarjeta,Metropolitana,1206428,877,0,1895630,0.4,0.00407,0.012364,0.7508
A001955,Consumo,Metropolitana,567429,929,0,0,0.0,0.00202,0.005049,0.6484
A011042,Tarjeta,Otras,689681,808,0,916133,0.4,0.010276,0.031294,0.6959
A002000,Automotriz,Metropolitana,2134348,780,0,0,0.0,0.014932,0.033448,0.2793
A006955,Microempresa,Otras,2806152,790,0,4155151,0.4,0.013069,0.030201,0.6241
A005644,Microempresa,Metropolitana,1889967,914,0,2199849,0.4,0.002473,0.007237,0.535
A000524,Consumo,Valparaíso,1993795,811,0,0,0.0,0.009872,0.024716,0.6228
A004471,Tarjeta,Metropolitana,2276390,736,90,2127787,0.4,0.026737,0.07984,0.6798
A002949,Consumo,Biobío,1747002,800,0,0,0.0,0.011436,0.028074,0.4843
A005676,Automotriz,Metropolitana,2798766,910,0,0,0.0,0.00261,0.007302,0.419
A014691,Consumo,Otras,345759,938,0,0,0.0,0.001789,0.003981,0.6104
A000240,Tarjeta,Otras,1764548,859,0,2009748,0.4,0.005185,0.012595,0.717
A004169,Consumo,Metropolitana,1492892,844,0,0,0.0,0.006343,0.015007,0.5776
A006291,Automotriz,Metropolitana,910429,838,0,0,0.0,0.006875,0.022943,0.3424
A012461,Consumo,Valparaíso,990202,842,0,0,0.0,0.006516,0.019447,0.7018
A013860,Tarjeta,Otras,287132,730,0,392828,0.4,0.02893,0.078322,0.7257
A010237,Consumo,Metropolitana,771448,755,0,0,0.0,0.020809,0.053793,0.6459
A011889,Consumo,Metropolitana,3649627,933,0,0,0.0,0.001914,0.004372,0.671
A013690,Consumo,Metropolitana,1526465,866,0,0,0.0,0.004719,0.013387,0.6303
A011472,Microempresa,Biobío,1219237,902,0,703741,0.4,0.002907,0.006265,0.5581
A009032,Tarjeta,Metropolitana,335130,783,0,102198,0.4,0.014347,0.036975,0.6939
A009025,Automotriz,Otras,2028225,950,0,0,0.0,0.001522,0.005015,0.4062
A000408,Microempresa,Metropolitana,1650947,867,90,3406203,0.4,0.004656,0.010062,0.4798
A011456,Consumo,Biobío,4759168,758,57,0,0.0,0.019999,0.059943,0.5677
A008917,Consumo,Metropolitana,351023,891,0,0,0.0,0.003371,0.009661,0.6039
A007883,Tarjeta,Biobío,509820,815,0,745572,0.4,0.009358,0.030755,0.7074
A011746,Consumo,Valparaíso,2757604,950,0,0,0.0,0.001522,0.004335,0.7231
A006636,Consumo,Metropolitana,3567741,577,0,0,0.0,0.190626,0.459527,0.6533
A001596,Consumo,Otras,2088641,791,0,0,0.0,0.012896,0.034264,0.6145
A002659,Tarjeta,Otras,1794441,892,0,2121550,0.4,0.003326,0.007451,0.6996
A007705,Automotriz,Valparaíso,879661,894,28,0,0.0,0.003237,0.01015,0.423
A004973,Automotriz,Metropolitana,272791,764,0,0,0.0,0.01847,0.053162,0.3618
A005593,Automotriz,Otras,1736305,630,192,0,0.0,0.1032,0.284034,0.2801
A007687,Automotriz,Metropolitana,2099972,810,0,0,0.0,0.010005,0.025915,0.3479
A010475,Automotriz,Metropolitana,1818197,847,0,0,0.0,0.006092,0.014019,0.3878
A008688,Consumo,Metropolitana,587232,924,0,0,0.0,0.002161,0.006353,0.6646
A009641,Microempresa,Otras,547563,950,0,1109434,0.4,0.001522,0.00357,0.625
A011660,Tarjeta,Metropolitana,1904692,578,375,767634,0.4,0.18855,0.39678,0.6289
A006827,Consumo,Otras,2011910,874,0,0,0.0,0.004238,0.009472,0.5767
A001721,Consumo,Metropolitana,2676044,542,117,0,0.0,0.274288,0.915087,0.4647
A000161,Tarjeta,Metropolitana,769316,857,0,1280737,0.4,0.005326,0.016557,0.8071
A006146,Consumo,Valparaíso,1352220,728,0,0,0.0,0.029699,0.099007,0.6613
A013656,Tarjeta,Otras,1114427,834,0,670179,0.4,0.007254,0.018668,0.7049
A001895,Tarjeta,Metropolitana,3051683,819,0,2742932,0.4,0.00887,0.021346,0.7289
A012625,Consumo,Metropolitana,590944,871,0,0,0.0,0.004412,0.013391,0.6248
A013153,Consumo,Metropolitana,474511,773,0,0,0.0,0.016389,0.052692,0.579
A010940,Consumo,Otras,2528328,767,0,0,0.0,0.017749,0.04356,0.5746
A001776,Tarjeta,Valparaíso,823376,774,0,1006781,0.4,0.016173,0.041453,0.7312
A001453,Microempresa,Metropolitana,520734,695,0,211720,0.4,0.045628,0.099142,0.5354
A000269,Tarjeta,Metropolitana,167426,796,0,63804,0.4,0.012064,0.035523,0.6561
A008049,Consumo,Otras,3316118,817,0,0,0.0,0.00911,0.021165,0.5963
A001129,Consumo,Metropolitana,2971983,669,90,0,0.0,0.063614,0.178202,0.662
A003650,Consumo,Metropolitana,2051844,885,0,0,0.0,0.003655,0.011159,0.6446
A007788,Consumo,Otras,1100877,914,0,0,0.0,0.002473,0.007672,0.6709
A014324,Consumo,Otras,2922607,771,373,0,0.0,0.016831,0.043352,0.5667
A012521,Consumo,Metropolitana,891898,801,0,0,0.0,0.011285,0.035828,0.5801
A014487,Consumo,Metropolitana,1078363,815,0,0,0.0,0.009358,0.028498,0.6071
A006222,Tarjeta,Valparaíso,10787845,881,0,5598142,0.4,0.003857,0.011272,0.7195
A010078,Tarjeta,Otras,1984930,894,0,3256156,0.4,0.003237,0.007976,0.8139
A002500,Tarjeta,Metropolitana,2574671,751,0,2016432,0.4,0.021939,0.052426,0.6819
A012936,Consumo,Metropolitana,283352,922,0,0,0.0,0.00222,0.005884,0.6401
A003647,Consumo,Metropolitana,1045257,832,0,0,0.0,0.007451,0.022981,0.5769
A002852,Consumo,Otras,762827,814,0,0,0.0,0.009484,0.026944,0.6081
A008254,Consumo,Metropolitana,2674252,829,0,0,0.0,0.007757,0.025317,0.5734
A001853,Consumo,Metropolitana,1388021,903,0,0,0.0,0.002868,0.006947,0.5761
A013639,Tarjeta,Metropolitana,5079306,829,111,8932977,0.4,0.007757,0.021639,0.6986
A000796,Tarjeta,Biobío,1146857,818,0,2309769,0.4,0.008989,0.029581,0.7676
A010103,Consumo,Metropolitana,624497,789,41,0,0.0,0.013245,0.041839,0.5336
A001830,Consumo,Biobío,618586,950,0,0,0.0,0.001522,0.004411,0.6753
A010725,Tarjeta,Biobío,1291932,764,90,1249258,0.4,0.01847,0.059505,0.677
A006561,Automotriz,Metropolitana,568954,798,52,0,0.0,0.011746,0.029856,0.4074
A005180,Microempresa,Metropolitana,4641364,849,0,6716955,0.4,0.005931,0.017988,0.4794
A004763,Tarjeta,Valparaíso,2770765,859,0,1314479,0.4,0.005185,0.012381,0.7065
A007134,Consumo,Metropolitana,1604800,855,0,0,0.0,0.005472,0.017635,0.7196
A005170,Consumo,Biobío,765669,868,0,0,0.0,0.004594,0.012571,0.5666
A000511,Tarjeta,Metropolitana,2137354,872,77,1367131,0.4,0.004353,0.01455,0.7354
A009517,Tarjeta,Metropolitana,5032884,797,0,1776633,0.4,0.011904,0.035322,0.7529
A008039,Tarjeta,Metropolitana,489684,857,0,979201,0.4,0.005326,0.012678,0.6901
A003271,Automotriz,Metropolitana,2001462,849,86,0,0.0,0.005931,0.015953,0.4175
A013838,Consumo,Metropolitana,616454,950,0,0,0.0,0.001522,0.00362,0.7063
A006273,Consumo,Otras,1964021,881,0,0,0.0,0.003857,0.009289,0.5941
A002446,Consumo,Metropolitana,592010,886,0,0,0.0,0.003606,0.008996,0.5975
A014407,Tarjeta,Valparaíso,2305168,820,0,4969874,0.4,0.008752,0.023732,0.6968
A010875,Consumo,Otras,2457697,919,81,0,0.0,0.002311,0.005398,0.6398
A006987,Consumo,Biobío,231292,908,0,0,0.0,0.002681,0.006404,0.6253
A007245,Consumo,Metropolitana,1653754,808,56,0,0.0,0.010276,0.034086,0.6494
A001064,Consumo,Metropolitana,1449100,767,0,0,0.0,0.017749,0.05606,0.6193
A013089,Consumo,Metropolitana,4814214,880,79,0,0.0,0.003909,0.012398,0.6337
A010086,Consumo,Biobío,1431692,784,0,0,0.0,0.014158,0.044848,0.598
A010515,Consumo,Biobío,965300,749,6,0,0.0,0.022527,0.063149,0.6085
A009576,Tarjeta,Valparaíso,2026061,842,90,1775684,0.4,0.006516,0.017569,0.6971
A006727,Consumo,Otras,1660428,862,0,0,0.0,0.00498,0.012076,0.635
A004403,Automotriz,Metropolitana,1674935,803,0,0,0.0,0.010987,0.029749,0.3404
A001123,Tarjeta,Metropolitana,1331832,879,0,2035460,0.4,0.003962,0.011184,0.6645
A001303,Tarjeta,Metropolitana,570690,701,0,1190138,0.4,0.042224,0.115375,0.7239
A001042,Tarjeta,Metropolitana,810655,950,0,1528255,0.4,0.001522,0.00431,0.6478
A000410,Consumo,Biobío,1161063,872,29,0,0.0,0.004353,0.014476,0.4846
A001283,Tarjeta,Valparaíso,4646653,839,0,6076596,0.4,0.006783,0.016344,0.667
A002133,Tarjeta,Otras,2642197,790,0,3213572,0.4,0.013069,0.035844,0.7568
A011467,Consumo,Metropolitana,2377939,830,0,0,0.0,0.007654,0.021643,0.5691
A013941,Consumo,Metropolitana,1585723,813,0,0,0.0,0.009612,0.032125,0.7017
A000759,Tarjeta,Valparaíso,3802056,800,0,6466955,0.4,0.011436,0.026314,0.7474
A012900,Consumo,Valparaíso,5587669,950,0,0,0.0,0.001522,0.003938,0.6172
A013434,Automotriz,Metropolitana,559642,852,0,0,0.0,0.005697,0.018969,0.3587
A013637,Tarjeta,Valparaíso,291707,900,19,321391,0.4,0.002986,0.009234,0.7857
A002740,Automotriz,Metropolitana,681787,950,0,0,0.0,0.001522,0.003955,0.3602
A002153,Tarjeta,Valparaíso,2074328,602,108,649603,0.4,0.143837,0.342221,0.7271
A012934,Microempresa,Otras,2270666,886,0,4492585,0.4,0.003606,0.009602,0.5513
A002806,Tarjeta,Metropolitana,1552282,744,0,1043943,0.4,0.024063,0.069076,0.7695
A003870,Tarjeta,Valparaíso,2037127,747,110,1867615,0.4,0.02313,0.069232,0.6486
A011657,Microempresa,Valparaíso,3284170,859,0,3136235,0.4,0.005185,0.01101,0.4624
A006496,Microempresa,Otras,871110,886,0,851511,0.4,0.003606,0.009276,0.5128
A013120,Microempresa,Valparaíso,4537070,750,0,7828999,0.4,0.022231,0.053483,0.5444
A004842,Tarjeta,Valparaíso,1818544,878,0,891029,0.4,0.004016,0.010513,0.7853
A010312,Tarjeta,Biobío,2380888,770,0,1578143,0.4,0.017056,0.036346,0.6947
A006577,Automotriz,Otras,1291649,905,0,0,0.0,0.002792,0.007048,0.355
A001031,Consumo,Metropolitana,517335,855,0,0,0.0,0.005472,0.018228,0.5438
A007248,Tarjeta,Valparaíso,472735,869,0,1003411,0.4,0.004533,0.014879,0.6024
A003557,Consumo,Metropolitana,3661894,481,90,0,0.0,0.462906,0.97,0.6796
A007484,Tarjeta,Otras,202121,790,0,265058,0.4,0.013069,0.037426,0.8276
A009250,Consumo,Valparaíso,1653173,793,0,0,0.0,0.012557,0.034839,0.673
A000502,Consumo,Valparaíso,2398911,858,0,0,0.0,0.005255,0.011905,0.6117
A007909,Consumo,Metropolitana,643049,856,0,0,0.0,0.005399,0.01754,0.6475
A001790,Tarjeta,Valparaíso,1098678,799,0,1287390,0.4,0.01159,0.032851,0.734
A012865,Consumo,Metropolitana,983410,810,0,0,0.0,0.010005,0.034003,0.6852
A013367,Automotriz,Metropolitana,2352493,837,0,0,0.0,0.006968,0.02149,0.5063
A009682,Consumo,Otras,1668837,916,0,0,0.0,0.002407,0.006856,0.5464
A002606,Tarjeta,Valparaíso,517528,917,44,848850,0.4,0.002375,0.006341,0.7147
A006624,Tarjeta,Valparaíso,1884329,776,0,2918142,0.4,0.015749,0.04104,0.7272
A002970,Consumo,Metropolitana,2798918,915,0,0,0.0,0.00244,0.007355,0.6605
A005399,Automotriz,Metropolitana,4200329,669,320,0,0.0,0.063614,0.190255,0.306
A000393,Consumo,Metropolitana,1657557,727,0,0,0.0,0.030091,0.081772,0.5912
A009490,Tarjeta,Biobío,1813539,755,177,1587645,0.4,0.020809,0.047976,0.6919
A008399,Consumo,Metropolitana,2204801,848,0,0,0.0,0.006011,0.014736,0.5693
A004680,Automotriz,Valparaíso,1526395,892,0,0,0.0,0.003326,0.00966,0.3483
A011983,Consumo,Metropolitana,1076870,928,3,0,0.0,0.002047,0.006187,0.5697
A013074,Automotriz,Otras,2462086,950,0,0,0.0,0.001522,0.004369,0.3894
A007117,Automotriz,Otras,634889,811,0,0,0.0,0.009872,0.024266,0.4335
A013238,Automotriz,Otras,563004,940,0,0,0.0,0.001741,0.004863,0.2857
A014976,Tarjeta,Metropolitana,106625,807,0,35887,0.4,0.010415,0.03472,0.7466
A009778,Tarjeta,Biobío,5264770,828,90,3989241,0.4,0.007862,0.019595,0.6208
A013204,Consumo,Metropolitana,217956,896,0,0,0.0,0.003151,0.01008,0.5816
A008987,Consumo,Metropolitana,1581062,732,0,0,0.0,0.02818,0.061048,0.6212
A008533,Consumo,Biobío,937649,820,0,0,0.0,0.008752,0.024597,0.6143
A007497,Consumo,Metropolitana,2129672,886,0,0,0.0,0.003606,0.010479,0.6242
A000881,Tarjeta,Metropolitana,2456294,868,76,1474063,0.4,0.004594,0.014045,0.6708
A012819,Consumo,Metropolitana,3903984,767,25,0,0.0,0.017749,0.051867,0.6385
A014143,Consumo,Metropolitana,3007759,950,0,0,0.0,0.001522,0.00481,0.6259
A008901,Consumo,Metropolitana,1068889,764,0,0,0.0,0.01847,0.04902,0.7153
A003542,Consumo,Metropolitana,2297566,780,0,0,0.0,0.014932,0.036671,0.6751
A013175,Tarjeta,Otras,2486390,856,0,4837837,0.4,0.005399,0.016363,0.6785
A004270,Tarjeta,Otras,3299232,861,0,1803367,0.4,0.005048,0.01181,0.6363
A008964,Tarjeta,Valparaíso,411465,782,0,882368,0.4,0.01454,0.037283,0.6779
A000870,Automotriz,Metropolitana,814594,925,0,0,0.0,0.002132,0.006531,0.2999
A012325,Tarjeta,Otras,6022437,674,0,4943208,0.4,0.059706,0.163311,0.6734
A014304,Automotriz,Metropolitana,1155820,747,0,0,0.0,0.02313,0.071811,0.3896
A008007,Automotriz,Otras,4113424,827,0,0,0.0,0.007968,0.022191,0.4247
A014840,Consumo,Metropolitana,2166434,785,0,0,0.0,0.01397,0.039133,0.6173
A001784,Consumo,Otras,3916337,749,188,0,0.0,0.022527,0.049467,0.5313
A002392,Automotriz,Metropolitana,200056,788,0,0,0.0,0.013423,0.044389,0.3915
A006534,Consumo,Valparaíso,2538928,873,0,0,0.0,0.004295,0.013581,0.6169
A000486,Consumo,Biobío,543080,894,0,0,0.0,0.003237,0.008631,0.4982
A012866,Consumo,Otras,4777496,828,0,0,0.0,0.007862,0.020951,0.5713
A012650,Consumo,Valparaíso,871100,894,87,0,0.0,0.003237,0.00894,0.7207
A012200,Tarjeta,Metropolitana,1472866,759,0,1126299,0.4,0.019735,0.063449,0.7025
A003888,Consumo,Metropolitana,1218505,797,0,0,0.0,0.011904,0.036767,0.631
A014979,Tarjeta,Biobío,3476835,931,201,5644872,0.4,0.001966,0.004313,0.7371
A003930,Consumo,Metropolitana,403713,844,0,0,0.0,0.006343,0.013473,0.6359
A005983,Tarjeta,Metropolitana,2752597,847,0,2018323,0.4,0.006092,0.017214,0.7102
A007791,Automotriz,Valparaíso,927190,781,0,0,0.0,0.014735,0.032867,0.3777
A005636,Consumo,Otras,1990830,898,0,0,0.0,0.003068,0.009219,0.5604
A014798,Consumo,Metropolitana,2140094,890,0,0,0.0,0.003417,0.009441,0.6247
A000969,Automotriz,Metropolitana,884539,828,0,0,0.0,0.007862,0.025321,0.3359
A002753,Consumo,Otras,1851027,859,0,0,0.0,0.005185,0.015835,0.6378
A009350,Consumo,Metropolitana,514569,778,0,0,0.0,0.015335,0.045709,0.6033
A011902,Consumo,Otras,5723997,882,0,0,0.0,0.003805,0.012825,0.5748
A006966,Automotriz,Valparaíso,2425296,826,0,0,0.0,0.008076,0.022831,0.395
A003884,Microempresa,Valparaíso,4572176,859,0,3302527,0.4,0.005185,0.016081,0.5688
A005821,Tarjeta,Valparaíso,679751,806,0,1209061,0.4,0.010555,0.025371,0.744
A010889,Consumo,Otras,537088,834,0,0,0.0,0.007254,0.020489,0.5542
A011429,Consumo,Biobío,729246,862,0,0,0.0,0.00498,0.012158,0.6725
A002140,Tarjeta,Valparaíso,1025272,713,0,2237190,0.4,0.036132,0.113694,0.806
A005903,Consumo,Metropolitana,2455871,755,0,0,0.0,0.020809,0.047138,0.6544
A014681,Consumo,Valparaíso,2928809,744,198,0,0.0,0.024063,0.051558,0.6289
A009212,Tarjeta,Valparaíso,2227613,748,90,794372,0.4,0.022826,0.061216,0.6692
A001943,Consumo,Metropolitana,1969408,912,0,0,0.0,0.00254,0.007075,0.6987
A009770,Consumo,Metropolitana,2500226,744,0,0,0.0,0.024063,0.079777,0.6369
A000098,Microempresa,Biobío,2476527,649,90,2692820,0.4,0.081741,0.193396,0.4986
A000424,Tarjeta,Biobío,1039801,796,90,2023775,0.4,0.012064,0.037391,0.6271
A010437,Consumo,Metropolitana,819428,885,0,0,0.0,0.003655,0.011624,0.6289
A014869,Automotriz,Metropolitana,1988383,634,267,0,0.0,0.098304,0.326717,0.36
A012401,Consumo,Metropolitana,1419751,881,0,0,0.0,0.003857,0.011255,0.5554
A002521,Consumo,Biobío,3644306,839,0,0,0.0,0.006783,0.017455,0.6744
A000387,Consumo,Valparaíso,1895945,893,0,0,0.0,0.003281,0.008783,0.5849
A004422,Consumo,Metropolitana,1240390,805,0,0,0.0,0.010697,0.027824,0.6733
A011389,Microempresa,Metropolitana,2794764,766,0,1070630,0.4,0.017986,0.047469,0.4864
A014382,Consumo,Otras,2325481,950,0,0,0.0,0.001522,0.003476,0.5074
A003028,Consumo,Metropolitana,782318,950,0,0,0.0,0.001522,0.004168,0.6066
A003392,Consumo,Biobío,1047884,687,0,0,0.0,0.050573,0.161646,0.5254
A014816,Tarjeta,Metropolitana,1225433,838,0,568676,0.4,0.006875,0.018921,0.7062
A005481,Tarjeta,Otras,2274343,790,0,952232,0.4,0.013069,0.032371,0.7285
A007001,Consumo,Metropolitana,5269333,850,0,0,0.0,0.005852,0.013094,0.5904
A005791,Automotriz,Metropolitana,4717239,715,0,0,0.0,0.035202,0.100818,0.2901
A008214,Consumo,Metropolitana,1040320,950,0,0,0.0,0.001522,0.004025,0.6435
A003298,Automotriz,Metropolitana,470246,840,0,0,0.0,0.006693,0.017734,0.3624
A007992,Automotriz,Valparaíso,3000682,950,0,0,0.0,0.001522,0.004545,0.392
A014181,Automotriz,Otras,1165890,872,59,0,0.0,0.004353,0.010178,0.3339
A002048,Tarjeta,Valparaíso,2099287,950,0,2317642,0.4,0.001522,0.003248,0.7256
A002020,Consumo,Metropolitana,1604738,761,0,0,0.0,0.019219,0.041601,0.6568
A007231,Consumo,Metropolitana,638763,865,0,0,0.0,0.004783,0.014346,0.5849
A006533,Consumo,Metropolitana,529893,875,0,0,0.0,0.004181,0.01033,0.6429
A012577,Consumo,Otras,381782,851,32,0,0.0,0.005774,0.016896,0.6444
A000297,Automotriz,Otras,1830886,950,0,0,0.0,0.001522,0.005079,0.386
A008301,Consumo,Metropolitana,808176,819,0,0,0.0,0.00887,0.028708,0.6961
A008909,Tarjeta,Metropolitana,3491802,781,0,5636045,0.4,0.014735,0.036449,0.7941
A001828,Automotriz,Otras,2801240,856,0,0,0.0,0.005399,0.015684,0.5134
A000507,Automotriz,Metropolitana,1005231,911,11,0,0.0,0.002575,0.006117,0.3897
A001887,Tarjeta,Metropolitana,957865,806,0,1716642,0.4,0.010555,0.027306,0.7203
A002694,Consumo,Valparaíso,459997,821,33,0,0.0,0.008635,0.028189,0.7012
A014992,Automotriz,Otras,2696057,720,119,0,0.0,0.032978,0.078004,0.3353
A014491,Tarjeta,Valparaíso,1364769,739,0,630037,0.4,0.025702,0.054688,0.7022
A009244,Consumo,Metropolitana,9040579,678,225,0,0.0,0.056743,0.157503,0.6632
A003673,Automotriz,Metropolitana,1541619,818,247,0,0.0,0.008989,0.029479,0.4092
A000785,Tarjeta,Biobío,2998688,950,0,2560375,0.4,0.001522,0.003354,0.6432
A009971,Consumo,Otras,1093285,736,0,0,0.0,0.026737,0.078876,0.5328
A011620,Consumo,Metropolitana,780373,832,0,0,0.0,0.007451,0.017326,0.662
A002372,Consumo,Valparaíso,275517,841,0,0,0.0,0.006604,0.019217,0.6278
A007298,Tarjeta,Metropolitana,1917099,730,0,2443887,0.4,0.02893,0.069249,0.68
A014509,Tarjeta,Valparaíso,1024125,743,0,2130030,0.4,0.024383,0.058471,0.7346
A007275,Tarjeta,Metropolitana,4864221,732,90,3537357,0.4,0.02818,0.094444,0.7538
A013790,Consumo,Valparaíso,6819637,689,0,0,0.0,0.049291,0.127772,0.5188
A001799,Tarjeta,Biobío,4013552,731,90,4729953,0.4,0.028553,0.085755,0.6943
A012736,Microempresa,Otras,338386,837,0,508785,0.4,0.006968,0.020152,0.6113
A004623,Consumo,Metropolitana,932061,843,36,0,0.0,0.006429,0.017112,0.706
A012805,Tarjeta,Biobío,909738,774,0,1402200,0.4,0.016173,0.040149,0.7002
A011418,Automotriz,Valparaíso,2617414,762,0,0,0.0,0.018966,0.045116,0.3266
A008272,Consumo,Metropolitana,751560,886,0,0,0.0,0.003606,0.008861,0.6345
A014969,Tarjeta,Metropolitana,1184555,825,0,1755403,0.4,0.008184,0.017939,0.7446
A000342,Consumo,Metropolitana,2092305,928,3,0,0.0,0.002047,0.005912,0.6591
A009046,Tarjeta,Metropolitana,2484162,895,0,4173210,0.4,0.003194,0.01042,0.6997
A009401,Consumo,Otras,1354394,844,0,0,0.0,0.006343,0.013381,0.6416
A007229,Consumo,Metropolitana,1128257,841,26,0,0.0,0.006604,0.017338,0.6286
A010527,Microempresa,Valparaíso,1120645,787,0,1449304,0.4,0.013603,0.036165,0.6027
A000621,Microempresa,Metropolitana,1571189,810,0,1796695,0.4,0.010005,0.031167,0.4567
A004380,Consumo,Valparaíso,4069950,658,0,0,0.0,0.073065,0.191801,0.6244
A010639,Consumo,Metropolitana,428881,823,0,0,0.0,0.008407,0.0272,0.5649
A009316,Microempresa,Otras,889105,801,72,1200775,0.4,0.011285,0.030703,0.664
A007918,Consumo,Metropolitana,372029,679,0,0,0.0,0.056024,0.136891,0.645
A008666,Consumo,Metropolitana,1208467,918,0,0,0.0,0.002343,0.006829,0.6349
A005014,Consumo,Biobío,676431,792,0,0,0.0,0.012725,0.042792,0.6645
A002019,Tarjeta,Otras,524894,781,0,477789,0.4,0.014735,0.035879,0.762
A003642,Consumo,Biobío,970776,818,0,0,0.0,0.008989,0.029512,0.6222
A013535,Consumo,Metropolitana,874145,910,0,0,0.0,0.00261,0.008161,0.5491
A009304,Consumo,Otras,1155096,855,22,0,0.0,0.005472,0.014308,0.6696
A013160,Tarjeta,Biobío,476342,877,19,541367,0.4,0.00407,0.011491,0.7498
A010627,Consumo,Valparaíso,230655,835,0,0,0.0,0.007157,0.017223,0.5888
A012545,Tarjeta,Otras,287620,862,0,598261,0.4,0.00498,0.014029,0.7093
A012800,Consumo,Metropolitana,1355541,800,0,0,0.0,0.011436,0.030116,0.5774
A006362,Tarjeta,Metropolitana,8848709,780,0,13626992,0.4,0.014932,0.042636,0.6963
A006904,Consumo,Metropolitana,727979,675,0,0,0.0,0.058952,0.198677,0.6444
A005382,Consumo,Valparaíso,210487,943,0,0,0.0,0.001672,0.004147,0.6665
A008477,Tarjeta,Valparaíso,1177220,831,0,2178827,0.4,0.007552,0.023429,0.6936
A009806,Tarjeta,Otras,3603990,795,0,7114530,0.4,0.012226,0.038119,0.7898
A005813,Microempresa,Valparaíso,4739748,783,0,2102960,0.4,0.014347,0.041639,0.5479
A000777,Consumo,Otras,1229836,790,0,0,0.0,0.013069,0.03708,0.6505
A013629,Tarjeta,Metropolitana,5885571,698,90,11612054,0.4,0.043894,0.125828,0.7231
A000480,Consumo,Valparaíso,848809,884,0,0,0.0,0.003704,0.012521,0.6014
A013046,Tarjeta,Biobío,582712,900,0,207286,0.4,0.002986,0.007438,0.7601
A004476,Consumo,Biobío,2526375,862,0,0,0.0,0.00498,0.012424,0.6007
A000527,Consumo,Otras,1639669,868,0,0,0.0,0.004594,0.013433,0.6372
A004041,Tarjeta,Otras,2586494,792,0,2426849,0.4,0.012725,0.036218,0.8345
A010162,Tarjeta,Biobío,1475649,800,0,1754023,0.4,0.011436,0.036669,0.7366
A002327,Consumo,Otras,950170,950,0,0,0.0,0.001522,0.003656,0.5606
A007277,Tarjeta,Biobío,551529,833,0,1002727,0.4,0.007352,0.023366,0.6825
A004277,Consumo,Metropolitana,549725,814,0,0,0.0,0.009484,0.029725,0.6266
A002299,Automotriz,Biobío,1752960,808,0,0,0.0,0.010276,0.030822,0.3989
A004164,Consumo,Metropolitana,7518239,843,72,0,0.0,0.006429,0.020334,0.5443
A005277,Automotriz,Valparaíso,387322,872,0,0,0.0,0.004353,0.012527,0.3655
A000233,Consumo,Metropolitana,1173210,835,0,0,0.0,0.007157,0.021871,0.5668
A000333,Consumo,Otras,1467697,873,0,0,0.0,0.004295,0.010919,0.7057
A001918,Tarjeta,Metropolitana,2168902,689,0,3779532,0.4,0.049291,0.132574,0.7289
A003746,Consumo,Valparaíso,3867563,892,0,0,0.0,0.003326,0.010085,0.4863
A012642,Consumo,Otras,436334,774,0,0,0.0,0.016173,0.046775,0.5444
A003639,Microempresa,Otras,1563066,693,6,1070719,0.4,0.046819,0.129871,0.5249
A012776,Automotriz,Biobío,2940086,765,68,0,0.0,0.018226,0.052401,0.3457
A007737,Consumo,Otras,1747645,851,0,0,0.0,0.005774,0.013051,0.6064
A011661,Consumo,Metropolitana,745745,940,0,0,0.0,0.001741,0.005703,0.6167
A000586,Tarjeta,Otras,5056842,908,0,6737263,0.4,0.002681,0.007574,0.653
A002066,Consumo,Metropolitana,714862,868,0,0,0.0,0.004594,0.013306,0.5322
A010820,Tarjeta,Valparaíso,761964,861,72,714699,0.4,0.005048,0.014321,0.7055
A011432,Consumo,Biobío,957391,891,0,0,0.0,0.003371,0.010487,0.6477
A008394,Tarjeta,Otras,436924,768,0,655939,0.4,0.017515,0.05075,0.7756
A010922,Tarjeta,Otras,471037,854,56,850443,0.4,0.005546,0.01542,0.6819
A006953,Consumo,Metropolitana,731963,849,0,0,0.0,0.005931,0.016046,0.6485
A010431,Consumo,Biobío,1179393,763,51,0,0.0,0.018716,0.054925,0.5852
A010565,Consumo,Metropolitana,674741,915,0,0,0.0,0.00244,0.008181,0.5628
A011466,Microempresa,Metropolitana,6202322,831,0,9512412,0.4,0.007552,0.018554,0.526
A013591,Microempresa,Metropolitana,895450,887,0,782288,0.4,0.003557,0.008461,0.4944
A012160,Consumo,Otras,4774253,766,0,0,0.0,0.017986,0.040214,0.5733
A007975,Automotriz,Metropolitana,544714,838,0,0,0.0,0.006875,0.022557,0.4071
A014983,Consumo,Metropolitana,6428646,950,0,0,0.0,0.001522,0.003993,0.5916
A012852,Tarjeta,Valparaíso,511889,682,0,276824,0.4,0.053918,0.137163,0.703
A000551,Consumo,Metropolitana,248210,815,0,0,0.0,0.009358,0.025125,0.6196
A006194,Consumo,Otras,1085958,859,0,0,0.0,0.005185,0.014817,0.673
A005142,Consumo,Valparaíso,1091968,950,0,0,0.0,0.001522,0.004704,0.5633
A011918,Tarjeta,Metropolitana,305699,785,0,600914,0.4,0.01397,0.036488,0.6603
A012701,Tarjeta,Otras,5833011,876,0,10594033,0.4,0.004125,0.012245,0.752
A006745,Tarjeta,Metropolitana,2173925,838,0,1658387,0.4,0.006875,0.016912,0.7474
A013893,Consumo,Valparaíso,342680,869,0,0,0.0,0.004533,0.01438,0.6242
A011134,Consumo,Otras,1656709,876,78,0,0.0,0.004125,0.013399,0.7067
A013871,Consumo,Biobío,587564,915,62,0,0.0,0.00244,0.006552,0.6439
A000940,Consumo,Metropolitana,2120683,642,316,0,0.0,0.089128,0.237892,0.6181
A006432,Microempresa,Biobío,2681735,782,0,3389597,0.4,0.01454,0.041646,0.5628
A010710,Microempresa,Otras,3784640,841,0,6462118,0.4,0.006604,0.018075,0.629
A009059,Consumo,Otras,1450101,856,0,0,0.0,0.005399,0.014914,0.6787
A009548,Microempresa,Metropolitana,1265506,605,0,1632443,0.4,0.138916,0.433788,0.5361
A003048,Consumo,Otras,2530078,786,180,0,0.0,0.013785,0.043839,0.6667
A000093,Automotriz,Valparaíso,5390943,865,0,0,0.0,0.004783,0.016124,0.3972
A009638,Automotriz,Metropolitana,151389,909,0,0,0.0,0.002645,0.005974,0.3464
A007660,Consumo,Valparaíso,1243701,792,0,0,0.0,0.012725,0.029173,0.6297
A013203,Microempresa,Metropolitana,1247765,868,0,1547052,0.4,0.004594,0.010272,0.6045
A002467,Tarjeta,Biobío,682046,789,0,515216,0.4,0.013245,0.043837,0.6536
A011024,Consumo,Valparaíso,746857,947,0,0,0.0,0.001584,0.003379,0.6044
A006025,Consumo,Metropolitana,982503,807,0,0,0.0,0.010415,0.021877,0.5782
A001825,Automotriz,Otras,6609398,846,0,0,0.0,0.006175,0.015653,0.4602
A003497,Microempresa,Metropolitana,2554415,932,0,1327932,0.4,0.00194,0.005559,0.6118
A005179,Consumo,Otras,4021817,869,0,0,0.0,0.004533,0.013329,0.6452
A012974,Automotriz,Biobío,3818035,835,0,0,0.0,0.007157,0.016338,0.4179
A009473,Consumo,Metropolitana,1690395,749,0,0,0.0,0.022527,0.069043,0.62
A007700,Automotriz,Metropolitana,1267818,794,0,0,0.0,0.01239,0.03031,0.4228
A000845,Tarjeta,Biobío,2339595,710,0,3581736,0.4,0.03757,0.104826,0.653
A009202,Consumo,Metropolitana,2073819,830,0,0,0.0,0.007654,0.022753,0.6132
A009652,Consumo,Metropolitana,490177,906,0,0,0.0,0.002754,0.006122,0.6277
A007116,Tarjeta,Otras,565921,857,0,616679,0.4,0.005326,0.0151,0.7071
A004874,Consumo,Valparaíso,476249,847,65,0,0.0,0.006092,0.018409,0.5596
A005238,Consumo,Otras,370475,950,0,0,0.0,0.001522,0.004154,0.666
A006319,Consumo,Otras,10525827,902,44,0,0.0,0.002907,0.00896,0.6544
A005999,Consumo,Otras,811156,909,0,0,0.0,0.002645,0.007265,0.6024
A010640,Consumo,Valparaíso,3187739,914,0,0,0.0,0.002473,0.005518,0.5851
A013202,Tarjeta,Otras,2780126,873,0,5717435,0.4,0.004295,0.012893,0.8218
A009854,Consumo,Metropolitana,1404944,910,0,0,0.0,0.00261,0.008806,0.6428
A011518,Tarjeta,Otras,2206683,718,0,2525231,0.4,0.033851,0.089912,0.8035
A009895,Consumo,Metropolitana,534647,858,0,0,0.0,0.005255,0.012377,0.5068
A001168,Consumo,Valparaíso,1214853,754,0,0,0.0,0.021086,0.054042,0.6314
A013296,Microempresa,Otras,587433,832,0,1280005,0.4,0.007451,0.023089,0.543
A011322,Consumo,Metropolitana,1646633,778,0,0,0.0,0.015335,0.046277,0.6183
A006791,Microempresa,Metropolitana,415343,879,0,390153,0.4,0.003962,0.009821,0.5834
A002739,Consumo,Otras,2472238,679,90,0,0.0,0.056024,0.158991,0.6096
A010289,Consumo,Metropolitana,2983745,750,0,0,0.0,0.022231,0.075539,0.6399
A008970,Consumo,Metropolitana,1998137,825,25,0,0.0,0.008184,0.023807,0.579
A012594,Consumo,Valparaíso,744841,794,0,0,0.0,0.01239,0.031233,0.6871
A008195,Consumo,Otras,377756,751,0,0,0.0,0.021939,0.0673,0.5579
A010119,Consumo,Metropolitana,2626374,679,234,0,0.0,0.056024,0.153617,0.6588
A004643,Consumo,Metropolitana,1162521,749,0,0,0.0,0.022527,0.048133,0.5504
A010000,Tarjeta,Metropolitana,739965,804,0,886826,0.4,0.010841,0.032469,0.7739
A004343,Consumo,Otras,873389,845,0,0,0.0,0.006258,0.014812,0.5766
A011448,Tarjeta,Biobío,1835962,857,142,1282295,0.4,0.005326,0.016009,0.6233
A008691,Consumo,Metropolitana,318401,804,0,0,0.0,0.010841,0.024204,0.6452
A014815,Microempresa,Metropolitana,3534136,901,0,3467081,0.4,0.002946,0.009363,0.5447
A014727,Consumo,Valparaíso,3417249,857,0,0,0.0,0.005326,0.016696,0.6819
A000644,Consumo,Metropolitana,1865974,896,0,0,0.0,0.003151,0.009354,0.6354
A010226,Automotriz,Valparaíso,2768738,780,0,0,0.0,0.014932,0.039722,0.338
A010270,Tarjeta,Valparaíso,557660,856,48,1045177,0.4,0.005399,0.016945,0.7087
A005374,Microempresa,Otras,198992,900,0,201535,0.4,0.002986,0.007916,0.528
A000379,Tarjeta,Otras,2460248,637,0,2103157,0.4,0.094768,0.274476,0.759
A013510,Tarjeta,Otras,2940536,771,0,3101549,0.4,0.016831,0.043296,0.6402
A005268,Consumo,Metropolitana,2637736,804,52,0,0.0,0.010841,0.031402,0.6325
A001844,Tarjeta,Otras,3369139,788,0,4019395,0.4,0.013423,0.03355,0.6672
A007023,Tarjeta,Metropolitana,2452224,860,0,4873367,0.4,0.005116,0.015435,0.7286
A005064,Consumo,Valparaíso,670196,915,52,0,0.0,0.00244,0.006523,0.566
A000868,Automotriz,Otras,1105909,808,0,0,0.0,0.010276,0.024516,0.4173
A002775,Automotriz,Biobío,730447,928,0,0,0.0,0.002047,0.006788,0.399
A014394,Consumo,Otras,249547,930,0,0,0.0,0.001993,0.006469,0.5788
A002996,Consumo,Valparaíso,900693,950,0,0,0.0,0.001522,0.004831,0.5603
A010950,Microempresa,Valparaíso,1094692,832,0,685073,0.4,0.007451,0.018821,0.5072
A001886,Consumo,Valparaíso,1441231,840,0,0,0.0,0.006693,0.019221,0.6016
A014046,Consumo,Valparaíso,452776,950,0,0,0.0,0.001522,0.003412,0.5192
A006131,Tarjeta,Otras,1096033,950,0,1174542,0.4,0.001522,0.004768,0.7485
A013183,Tarjeta,Metropolitana,248114,782,0,376420,0.4,0.01454,0.033884,0.6412
A006965,Microempresa,Metropolitana,635668,905,0,1205201,0.4,0.002792,0.008151,0.558
A007348,Consumo,Metropolitana,1278217,837,414,0,0.0,0.006968,0.022639,0.6997
A000007,Consumo,Otras,323204,898,0,0,0.0,0.003068,0.009869,0.631
A003502,Consumo,Biobío,2030347,770,0,0,0.0,0.017056,0.054987,0.5942
A007344,Tarjeta,Otras,6202671,768,123,9246278,0.4,0.017515,0.046853,0.6968
A006149,Automotriz,Valparaíso,1593956,897,0,0,0.0,0.003109,0.00973,0.4065
A008749,Consumo,Valparaíso,2090641,796,0,0,0.0,0.012064,0.035186,0.5747
A008027,Consumo,Metropolitana,2418069,909,0,0,0.0,0.002645,0.008352,0.6519
A005479,Consumo,Metropolitana,3076298,588,0,0,0.0,0.168738,0.563011,0.5574
A007125,Tarjeta,Metropolitana,2747741,651,11,5436764,0.4,0.079736,0.223626,0.7466
A007302,Tarjeta,Metropolitana,1083722,881,0,777326,0.4,0.003857,0.010694,0.7379
A006173,Consumo,Metropolitana,1939290,768,0,0,0.0,0.017515,0.053983,0.5155
A011175,Consumo,Otras,4398032,725,90,0,0.0,0.03089,0.091864,0.6472
A014362,Microempresa,Metropolitana,1738230,795,0,3019046,0.4,0.012226,0.039678,0.6038
A008894,Consumo,Otras,6557270,669,95,0,0.0,0.063614,0.204529,0.5673
A003944,Consumo,Metropolitana,3594243,950,0,0,0.0,0.001522,0.004009,0.5723
A011678,Tarjeta,Metropolitana,4260361,775,0,8946717,0.4,0.015959,0.047324,0.7479
A004530,Automotriz,Otras,300238,942,0,0,0.0,0.001695,0.003789,0.3862
A006265,Tarjeta,Metropolitana,530517,861,0,304386,0.4,0.005048,0.010796,0.698
A004562,Microempresa,Metropolitana,1403909,808,0,612771,0.4,0.010276,0.021725,0.5361
A004957,Automotriz,Metropolitana,525408,894,0,0,0.0,0.003237,0.007984,0.3629
A001036,Automotriz,Metropolitana,593320,934,0,0,0.0,0.001888,0.005832,0.4545
A000157,Tarjeta,Metropolitana,1512598,932,0,1983352,0.4,0.00194,0.004515,0.6822
A010212,Consumo,Metropolitana,296317,892,0,0,0.0,0.003326,0.007638,0.6533
A007885,Automotriz,Metropolitana,929460,947,0,0,0.0,0.001584,0.004277,0.4371
A008537,Tarjeta,Otras,1867768,763,374,3790641,0.4,0.018716,0.060094,0.6327
A006979,Consumo,Valparaíso,207295,836,0,0,0.0,0.007062,0.016091,0.5698
A006415,Automotriz,Metropolitana,1852062,751,0,0,0.0,0.021939,0.047399,0.3814
A007672,Consumo,Otras,1123008,655,0,0,0.0,0.075858,0.181023,0.5997
A009504,Tarjeta,Metropolitana,1905525,833,0,975560,0.4,0.007352,0.01678,0.6668
A005385,Consumo,Metropolitana,2365664,765,0,0,0.0,0.018226,0.05454,0.6585
A001875,Consumo,Otras,619681,880,0,0,0.0,0.003909,0.009185,0.5556
A011083,Microempresa,Metropolitana,715517,779,0,1411186,0.4,0.015132,0.050618,0.6436
A009757,Consumo,Metropolitana,733449,595,0,0,0.0,0.155882,0.343251,0.6712
A004098,Tarjeta,Metropolitana,498444,788,0,617867,0.4,0.013423,0.040877,0.7342
A007922,Consumo,Valparaíso,3121864,875,0,0,0.0,0.004181,0.013806,0.6473
A007066,Consumo,Valparaíso,158117,778,0,0,0.0,0.015335,0.03843,0.6345
A001070,Microempresa,Biobío,2803827,650,0,4492930,0.4,0.080733,0.208153,0.5475
A010099,Automotriz,Valparaíso,1409272,950,0,0,0.0,0.001522,0.003414,0.3545
A000337,Consumo,Otras,135225,950,0,0,0.0,0.001522,0.00503,0.6726
A005778,Automotriz,Otras,495704,825,36,0,0.0,0.008184,0.017467,0.5184
A008660,Consumo,Metropolitana,1432433,759,0,0,0.0,0.019735,0.057395,0.6541
A002747,Consumo,Metropolitana,500582,827,0,0,0.0,0.007968,0.024177,0.5713
A002917,Consumo,Metropolitana,652905,950,0,0,0.0,0.001522,0.004419,0.6157
A012148,Consumo,Metropolitana,1086502,819,0,0,0.0,0.00887,0.019363,0.5907
A002886,Tarjeta,Metropolitana,458791,851,45,764874,0.4,0.005774,0.016135,0.6744
A000002,Consumo,Valparaíso,277198,851,0,0,0.0,0.005774,0.016193,0.5628
A011137,Consumo,Valparaíso,1341460,836,0,0,0.0,0.007062,0.019857,0.6082
A006230,Tarjeta,Otras,1255187,789,0,1962738,0.4,0.013245,0.028578,0.6622
A007104,Automotriz,Metropolitana,978007,894,0,0,0.0,0.003237,0.0088,0.4194
A000478,Consumo,Metropolitana,1198328,767,0,0,0.0,0.017749,0.056879,0.6477
A002732,Consumo,Biobío,556791,847,0,0,0.0,0.006092,0.019064,0.641
A008704,Microempresa,Metropolitana,958042,778,0,304822,0.4,0.015335,0.033631,0.5831
A012296,Consumo,Valparaíso,3267889,564,389,0,0.0,0.219211,0.460791,0.6544
A004281,Microempresa,Metropolitana,1026725,792,0,1661940,0.4,0.012725,0.032191,0.5032
A008740,Automotriz,Metropolitana,531997,801,0,0,0.0,0.011285,0.027325,0.355
A010670,Consumo,Otras,2248234,873,0,0,0.0,0.004295,0.012292,0.5626
A010232,Microempresa,Metropolitana,268211,945,0,151591,0.4,0.001628,0.003692,0.5346
A013970,Consumo,Metropolitana,8126760,950,0,0,0.0,0.001522,0.004484,0.6179
A013821,Consumo,Otras,205429,900,0,0,0.0,0.002986,0.009088,0.5391
A008255,Tarjeta,Biobío,1758596,796,0,919751,0.4,0.012064,0.027525,0.679
A014147,Consumo,Biobío,2528810,795,82,0,0.0,0.012226,0.03723,0.6373
A012868,Automotriz,Valparaíso,1163270,628,0,0,0.0,0.105728,0.288263,0.3196
A008659,Consumo,Metropolitana,2712841,843,0,0,0.0,0.006429,0.018246,0.6285
A004909,Tarjeta,Metropolitana,154166,894,0,238452,0.4,0.003237,0.009789,0.6786
A008886,Microempresa,Otras,1175819,915,0,532060,0.4,0.00244,0.006303,0.5171
A003435,Tarjeta,Metropolitana,2286411,808,0,3650861,0.4,0.010276,0.022923,0.706
A010128,Consumo,Otras,4072674,823,0,0,0.0,0.008407,0.027187,0.5926
A012363,Automotriz,Metropolitana,1650222,839,170,0,0.0,0.006783,0.014348,0.4134
A000601,Consumo,Metropolitana,706173,789,0,0,0.0,0.013245,0.037359,0.6269
A009004,Consumo,Metropolitana,2017896,669,85,0,0.0,0.063614,0.172343,0.6281
A013807,Consumo,Metropolitana,797992,637,0,0,0.0,0.094768,0.202399,0.6203
A012279,Consumo,Otras,306032,868,0,0,0.0,0.004594,0.0139,0.6019
A000153,Consumo,Metropolitana,4179731,865,0,0,0.0,0.004783,0.011211,0.5644
A013415,Consumo,Metropolitana,6983326,836,0,0,0.0,0.007062,0.020299,0.6637
A006110,Consumo,Valparaíso,1501701,950,90,0,0.0,0.001522,0.004257,0.6373
A000695,Consumo,Otras,4549030,797,294,0,0.0,0.011904,0.032373,0.6146
A013870,Consumo,Metropolitana,588553,794,0,0,0.0,0.01239,0.032685,0.5869
A013776,Tarjeta,Metropolitana,4115570,779,0,2173755,0.4,0.015132,0.0421,0.6835
A009058,Consumo,Valparaíso,410050,844,0,0,0.0,0.006343,0.015509,0.6115
A011711,Automotriz,Metropolitana,4002777,950,0,0,0.0,0.001522,0.004963,0.3623
A009617,Automotriz,Valparaíso,1153677,693,0,0,0.0,0.046819,0.099615,0.2887
A010230,Tarjeta,Metropolitana,1431203,820,0,2096133,0.4,0.008752,0.028986,0.6417
A009185,Consumo,Valparaíso,545292,950,0,0,0.0,0.001522,0.003531,0.5884
A014459,Tarjeta,Otras,1243938,855,45,566818,0.4,0.005472,0.017325,0.6843
A001709,Consumo,Metropolitana,829776,882,0,0,0.0,0.003805,0.008698,0.6178
A014792,Consumo,Valparaíso,3556619,754,0,0,0.0,0.021086,0.071664,0.5958
A009855,Automotriz,Valparaíso,1792898,739,0,0,0.0,0.025702,0.074587,0.2823
A000699,Tarjeta,Otras,1035853,846,98,1976736,0.4,0.006175,0.019361,0.7891
A000178,Tarjeta,Metropolitana,2856141,685,62,879010,0.4,0.051887,0.129419,0.7298
A009508,Automotriz,Metropolitana,1524336,950,0,0,0.0,0.001522,0.005143,0.3421
A014827,Consumo,Valparaíso,699467,844,0,0,0.0,0.006343,0.013552,0.6327
A000259,Tarjeta,Valparaíso,2371245,934,0,776023,0.4,0.001888,0.004212,0.7504
A001662,Microempresa,Metropolitana,2383314,713,0,3813094,0.4,0.036132,0.110419,0.4803
A008913,Consumo,Metropolitana,1701151,902,0,0,0.0,0.002907,0.007513,0.6283
A014177,Consumo,Metropolitana,2423024,561,90,0,0.0,0.226229,0.550927,0.5972
A010707,Automotriz,Metropolitana,463551,843,0,0,0.0,0.006429,0.021245,0.3598
A007522,Consumo,Metropolitana,3483586,798,0,0,0.0,0.011746,0.029843,0.551
A003003,Microempresa,Biobío,215467,950,0,148671,0.4,0.001522,0.003325,0.6057
A007299,Microempresa,Metropolitana,9293293,858,139,18969510,0.4,0.005255,0.016586,0.5702
A004328,Automotriz,Metropolitana,842099,877,0,0,0.0,0.00407,0.013733,0.3309
A006393,Consumo,Metropolitana,2960686,792,0,0,0.0,0.012725,0.040937,0.5913
A005708,Consumo,Otras,932586,819,0,0,0.0,0.00887,0.026701,0.6194
A002845,Tarjeta,Metropolitana,5071261,752,0,10532404,0.4,0.021651,0.048192,0.6826
A000010,Tarjeta,Valparaíso,4717716,630,0,6542474,0.4,0.1032,0.283742,0.6764
A009441,Tarjeta,Otras,596321,764,0,383640,0.4,0.01847,0.047376,0.7197
A008809,Automotriz,Otras,145898,894,0,0,0.0,0.003237,0.009476,0.475
A003958,Tarjeta,Metropolitana,1735043,883,74,3491312,0.4,0.003754,0.008452,0.6254
A002520,Consumo,Otras,1423864,848,0,0,0.0,0.006011,0.018984,0.6995
A008877,Consumo,Biobío,281249,933,0,0,0.0,0.001914,0.006442,0.5698
A002375,Tarjeta,Otras,3968405,758,0,5277243,0.4,0.019999,0.042054,0.7942
A011195,Consumo,Valparaíso,120828,812,49,0,0.0,0.009741,0.024171,0.5994
A010012,Consumo,Metropolitana,1616215,680,90,0,0.0,0.055313,0.175299,0.6038
A002184,Tarjeta,Otras,154795,829,0,178816,0.4,0.007757,0.024814,0.6701
A005590,Consumo,Metropolitana,601365,873,0,0,0.0,0.004295,0.014075,0.5668
A004780,Tarjeta,Metropolitana,2382063,800,0,2471169,0.4,0.011436,0.028594,0.6634
A004556,Consumo,Metropolitana,3737952,804,0,0,0.0,0.010841,0.02702,0.6586
A013223,Consumo,Valparaíso,3249868,947,0,0,0.0,0.001584,0.00482,0.5576
A012413,Automotriz,Metropolitana,706409,670,0,0,0.0,0.062814,0.155558,0.3948
A012004,Consumo,Metropolitana,1122477,923,0,0,0.0,0.00219,0.005473,0.6211
A014100,Consumo,Otras,1793775,791,0,0,0.0,0.012896,0.035007,0.55
A006307,Consumo,Valparaíso,798573,849,42,0,0.0,0.005931,0.017557,0.6353
A006710,Tarjeta,Otras,1638581,806,0,2232650,0.4,0.010555,0.030869,0.6943
A011614,Consumo,Otras,2667893,847,0,0,0.0,0.006092,0.020192,0.5678
A012138,Consumo,Metropolitana,512063,883,0,0,0.0,0.003754,0.008004,0.63
A002530,Consumo,Valparaíso,1701762,843,63,0,0.0,0.006429,0.018415,0.566
A001634,Consumo,Otras,1897328,760,0,0,0.0,0.019476,0.051874,0.6315
A002024,Tarjeta,Metropolitana,1381728,879,0,2567666,0.4,0.003962,0.011996,0.7392
A007516,Microempresa,Metropolitana,1697812,699,0,1397567,0.4,0.043331,0.095761,0.5762
A010488,Tarjeta,Metropolitana,818534,775,0,1423347,0.4,0.015959,0.050847,0.7782
A004216,Tarjeta,Metropolitana,3246531,700,90,5743338,0.4,0.042774,0.097683,0.7009
A006482,Consumo,Metropolitana,1152138,809,0,0,0.0,0.01014,0.026327,0.5469
A004753,Automotriz,Valparaíso,1236599,771,0,0,0.0,0.016831,0.054668,0.4501
A000681,Consumo,Otras,1427985,950,0,0,0.0,0.001522,0.00413,0.5758
A004172,Microempresa,Valparaíso,767732,877,0,321650,0.4,0.00407,0.00993,0.5391
A001404,Automotriz,Metropolitana,6015255,829,0,0,0.0,0.007757,0.023777,0.4012
A011961,Microempresa,Metropolitana,6735532,861,0,11891751,0.4,0.005048,0.016109,0.5218
A000916,Consumo,Metropolitana,3536359,902,0,0,0.0,0.002907,0.006775,0.6843
A008697,Tarjeta,Otras,1256135,802,6,1430383,0.4,0.011135,0.031566,0.7402
A000435,Automotriz,Otras,933334,780,0,0,0.0,0.014932,0.049542,0.422
A000348,Tarjeta,Metropolitana,3813769,769,90,1904926,0.4,0.017284,0.055884,0.7709
A003858,Consumo,Biobío,2753512,732,77,0,0.0,0.02818,0.079466,0.6565
A000252,Consumo,Metropolitana,1397717,853,0,0,0.0,0.005621,0.017006,0.6181
A001870,Consumo,Otras,169003,883,0,0,0.0,0.003754,0.01132,0.5804
A010684,Automotriz,Valparaíso,2718874,849,0,0,0.0,0.005931,0.013596,0.3744
A010384,Consumo,Metropolitana,1173425,900,0,0,0.0,0.002986,0.00906,0.6422
A009916,Microempresa,Otras,2139303,883,0,3525241,0.4,0.003754,0.012645,0.5146
A003290,Consumo,Valparaíso,402259,950,64,0,0.0,0.001522,0.00365,0.664
A014725,Consumo,Otras,2276359,760,24,0,0.0,0.019476,0.059999,0.6508
A014712,Consumo,Valparaíso,857003,871,26,0,0.0,0.004412,0.013425,0.6717
A011611,Tarjeta,Otras,5500193,860,0,5904079,0.4,0.005116,0.012739,0.7116
A003240,Tarjeta,Metropolitana,1485770,856,0,3172104,0.4,0.005399,0.014091,0.7701
A008008,Consumo,Biobío,698424,895,0,0,0.0,0.003194,0.008459,0.6601
A007659,Consumo,Biobío,1941513,924,0,0,0.0,0.002161,0.007076,0.6581
A011028,Tarjeta,Otras,2732073,670,90,5705009,0.4,0.062814,0.163025,0.6935
A014381,Consumo,Otras,763109,886,0,0,0.0,0.003606,0.010869,0.6707
A000043,Consumo,Metropolitana,971687,881,0,0,0.0,0.003857,0.011217,0.6455
A007184,Consumo,Metropolitana,1862356,867,0,0,0.0,0.004656,0.012236,0.628
A006647,Microempresa,Otras,3732476,931,0,2155565,0.4,0.001966,0.006102,0.5269
A003759,Microempresa,Metropolitana,204950,823,82,368402,0.4,0.008407,0.028479,0.5286
A000474,Automotriz,Metropolitana,1826400,950,0,0,0.0,0.001522,0.004455,0.409
A008591,Tarjeta,Valparaíso,2111583,790,0,1359193,0.4,0.013069,0.037248,0.7374
A006653,Tarjeta,Metropolitana,180866,950,0,108790,0.4,0.001522,0.0048,0.6602
A004545,Tarjeta,Biobío,3061603,792,0,2516198,0.4,0.012725,0.035461,0.736
A014323,Tarjeta,Biobío,3640631,691,90,4884161,0.4,0.04804,0.15659,0.743
A002213,Consumo,Metropolitana,577966,946,0,0,0.0,0.001606,0.003661,0.6342
A013182,Tarjeta,Metropolitana,1097059,845,0,736434,0.4,0.006258,0.014714,0.7392
A001105,Tarjeta,Otras,119698,819,0,187657,0.4,0.00887,0.025755,0.6594
A002670,Microempresa,Metropolitana,385396,878,0,717204,0.4,0.004016,0.010496,0.4707
A009420,Consumo,Biobío,2786731,819,0,0,0.0,0.00887,0.022841,0.6051
A006028,Tarjeta,Metropolitana,2393995,893,0,2811468,0.4,0.003281,0.007135,0.7158
A003668,Microempresa,Biobío,921982,823,0,939514,0.4,0.008407,0.021781,0.5514
A012280,Consumo,Otras,1920749,867,0,0,0.0,0.004656,0.011699,0.5484
A006125,Tarjeta,Valparaíso,2980794,610,0,2623138,0.4,0.131029,0.387641,0.6859
A001464,Automotriz,Valparaíso,2562039,903,85,0,0.0,0.002868,0.008428,0.3653
A003580,Automotriz,Metropolitana,2483420,835,355,0,0.0,0.007157,0.018971,0.372
A013814,Tarjeta,Metropolitana,1182599,746,90,1276880,0.4,0.023437,0.062891,0.7311
A014387,Consumo,Biobío,1819831,798,256,0,0.0,0.011746,0.032668,0.6119
A003758,Consumo,Otras,3569739,884,60,0,0.0,0.003704,0.010052,0.5995
A010854,Automotriz,Otras,2129030,636,90,0,0.0,0.095934,0.261057,0.3606
A009336,Consumo,Metropolitana,1458698,795,11,0,0.0,0.012226,0.038595,0.6391
A005063,Microempresa,Biobío,2402592,823,0,1289950,0.4,0.008407,0.024545,0.6039
A001581,Tarjeta,Otras,283801,838,0,481727,0.4,0.006875,0.018883,0.7261
A009754,Tarjeta,Metropolitana,896396,880,0,319577,0.4,0.003909,0.009601,0.7413
A011904,Consumo,Metropolitana,2465488,882,0,0,0.0,0.003805,0.010682,0.612
A000945,Consumo,Metropolitana,595814,903,0,0,0.0,0.002868,0.007076,0.5057
A003129,Tarjeta,Valparaíso,453441,504,0,638117,0.4,0.387114,0.97,0.7481
A008778,Consumo,Otras,892784,876,0,0,0.0,0.004125,0.008958,0.6544
A000090,Microempresa,Valparaíso,799181,916,0,335305,0.4,0.002407,0.005993,0.5567
A014574,Automotriz,Valparaíso,2146011,937,0,0,0.0,0.001813,0.004402,0.3782
A002943,Tarjeta,Metropolitana,1095101,767,0,1349529,0.4,0.017749,0.051039,0.7225
A003265,Consumo,Otras,2590988,813,0,0,0.0,0.009612,0.032479,0.5586
A008916,Automotriz,Otras,1319225,891,0,0,0.0,0.003371,0.009934,0.3363
A001063,Consumo,Otras,1282633,824,5,0,0.0,0.008295,0.02441,0.6079
A001871,Consumo,Valparaíso,1307647,782,0,0,0.0,0.01454,0.046182,0.6108
A010083,Consumo,Otras,987495,709,69,0,0.0,0.038062,0.084927,0.6079
A010240,Tarjeta,Biobío,1091506,795,0,1527173,0.4,0.012226,0.039738,0.6751
A014688,Microempresa,Metropolitana,592874,839,0,389778,0.4,0.006783,0.014812,0.6452
A007164,Consumo,Valparaíso,630451,850,35,0,0.0,0.005852,0.012577,0.4865
A002233,Consumo,Otras,918435,858,0,0,0.0,0.005255,0.017683,0.5749
A005403,Consumo,Biobío,1519237,868,43,0,0.0,0.004594,0.011506,0.5071
A007997,Tarjeta,Otras,2194786,877,142,2397733,0.4,0.00407,0.010702,0.67
A001908,Tarjeta,Metropolitana,2018837,750,0,2457798,0.4,0.022231,0.056508,0.6948
A002582,Automotriz,Otras,1604642,715,0,0,0.0,0.035202,0.081569,0.3445
A005795,Tarjeta,Metropolitana,3052018,797,0,5824849,0.4,0.011904,0.027774,0.6482
A014905,Consumo,Valparaíso,1373482,704,0,0,0.0,0.040615,0.117072,0.6697
A013027,Tarjeta,Otras,640392,788,0,1164429,0.4,0.013423,0.043054,0.6512
A010730,Consumo,Metropolitana,1134552,826,0,0,0.0,0.008076,0.024332,0.6217
A000832,Tarjeta,Metropolitana,1153019,903,0,2498695,0.4,0.002868,0.007684,0.6649
A003102,Consumo,Metropolitana,610948,655,0,0,0.0,0.075858,0.194107,0.5767
A002396,Consumo,Biobío,367418,796,0,0,0.0,0.012064,0.026453,0.613
A011858,Consumo,Metropolitana,515309,760,19,0,0.0,0.019476,0.056191,0.6601
A005161,Consumo,Metropolitana,1393885,823,0,0,0.0,0.008407,0.026454,0.6087
A010992,Consumo,Valparaíso,730761,950,0,0,0.0,0.001522,0.003502,0.6467
A009358,Consumo,Metropolitana,683134,901,0,0,0.0,0.002946,0.00977,0.7156
A009590,Consumo,Valparaíso,829738,733,0,0,0.0,0.027813,0.091575,0.5368
A012546,Tarjeta,Valparaíso,4822422,900,0,1560139,0.4,0.002986,0.008267,0.7364
A010537,Automotriz,Otras,3654810,809,0,0,0.0,0.01014,0.029269,0.3993
A001774,Consumo,Valparaíso,854501,748,0,0,0.0,0.022826,0.071408,0.566
A014001,Consumo,Biobío,607748,775,35,0,0.0,0.015959,0.036217,0.5797
A001897,Automotriz,Otras,1218652,946,62,0,0.0,0.001606,0.004943,0.4244
A008656,Consumo,Metropolitana,16301255,854,0,0,0.0,0.005546,0.012619,0.6475
A006839,Microempresa,Valparaíso,4431306,885,0,3469348,0.4,0.003655,0.009806,0.5271
A013023,Consumo,Valparaíso,689385,886,0,0,0.0,0.003606,0.008841,0.6114
A008413,Tarjeta,Biobío,585262,804,0,478394,0.4,0.010841,0.02371,0.6711
A005226,Microempresa,Otras,2879067,625,0,2828480,0.4,0.109623,0.334487,0.6112
A006801,Consumo,Otras,470988,840,0,0,0.0,0.006693,0.021569,0.589
A005077,Tarjeta,Valparaíso,1742944,746,0,3636636,0.4,0.023437,0.079242,0.6448
A003469,Consumo,Metropolitana,347268,844,0,0,0.0,0.006343,0.014901,0.6086
A005913,Consumo,Metropolitana,1433879,679,0,0,0.0,0.056024,0.170554,0.6815
A004654,Automotriz,Metropolitana,541747,911,0,0,0.0,0.002575,0.00633,0.4356
A014624,Consumo,Otras,955142,804,0,0,0.0,0.010841,0.032127,0.7148
A014812,Automotriz,Biobío,4876012,916,0,0,0.0,0.002407,0.008121,0.3438
A004933,Consumo,Otras,2536513,920,20,0,0.0,0.00228,0.006106,0.5847
A014028,Consumo,Metropolitana,524552,812,0,0,0.0,0.009741,0.027191,0.5438
A002128,Tarjeta,Otras,1617984,766,167,1290323,0.4,0.017986,0.048734,0.6276
A002584,Consumo,Metropolitana,1920284,878,0,0,0.0,0.004016,0.009522,0.5495
A014329,Automotriz,Otras,535161,950,0,0,0.0,0.001522,0.005061,0.4096
A004768,Automotriz,Metropolitana,5393176,950,0,0,0.0,0.001522,0.003262,0.3853
A000729,Automotriz,Metropolitana,1711847,922,0,0,0.0,0.00222,0.006656,0.4545
A003977,Tarjeta,Metropolitana,1588495,950,0,2062275,0.4,0.001522,0.004536,0.836
A004551,Automotriz,Metropolitana,2011083,902,0,0,0.0,0.002907,0.006359,0.3756
A000864,Microempresa,Metropolitana,4361754,844,0,4696766,0.4,0.006343,0.020432,0.488
A008585,Consumo,Metropolitana,434253,926,0,0,0.0,0.002103,0.00698,0.5532
A005113,Automotriz,Biobío,638454,950,0,0,0.0,0.001522,0.004847,0.3638
A014141,Consumo,Biobío,2606643,872,10,0,0.0,0.004353,0.010195,0.586
A013918,Microempresa,Metropolitana,2197970,623,301,3661266,0.4,0.112289,0.335367,0.5873
A006248,Consumo,Otras,1148067,715,90,0,0.0,0.035202,0.076813,0.732
A014954,Automotriz,Biobío,1145588,803,0,0,0.0,0.010987,0.033819,0.447
A001225,Tarjeta,Metropolitana,233452,880,0,223225,0.4,0.003909,0.010879,0.7026
A010948,Consumo,Otras,5549548,883,27,0,0.0,0.003754,0.009063,0.5649
A012515,Tarjeta,Valparaíso,2069426,848,0,1558915,0.4,0.006011,0.014164,0.7386
A007419,Tarjeta,Otras,2017152,579,90,835091,0.4,0.186491,0.579217,0.7549
A008168,Consumo,Valparaíso,1861844,838,76,0,0.0,0.006875,0.015248,0.6449
A012600,Tarjeta,Biobío,4560810,727,90,4916481,0.4,0.030091,0.067539,0.6599
A003376,Consumo,Biobío,756614,791,0,0,0.0,0.012896,0.037807,0.6341
A007546,Consumo,Metropolitana,696181,724,0,0,0.0,0.031297,0.086861,0.5679
A009818,Consumo,Metropolitana,1643505,877,0,0,0.0,0.00407,0.011921,0.623
A004162,Consumo,Otras,2469155,950,0,0,0.0,0.001522,0.003373,0.631
A004617,Consumo,Valparaíso,4709007,839,0,0,0.0,0.006783,0.022321,0.629
A001295,Consumo,Otras,1151587,703,0,0,0.0,0.041145,0.137778,0.5622
A007099,Microempresa,Metropolitana,3149244,818,0,4177601,0.4,0.008989,0.021597,0.5061
A002082,Automotriz,Biobío,1238901,929,0,0,0.0,0.00202,0.005213,0.4357
A013472,Consumo,Metropolitana,3120488,769,0,0,0.0,0.017284,0.0494,0.5962
A013148,Tarjeta,Metropolitana,3723536,893,0,2292133,0.4,0.003281,0.009432,0.6739
A011865,Microempresa,Metropolitana,1929882,855,0,2740458,0.4,0.005472,0.0157,0.4464
A014228,Automotriz,Metropolitana,2001720,814,0,0,0.0,0.009484,0.028634,0.4062
A012380,Tarjeta,Biobío,320432,910,0,592889,0.4,0.00261,0.007137,0.6658
A000545,Consumo,Valparaíso,1886375,903,0,0,0.0,0.002868,0.006435,0.5742
A010054,Consumo,Biobío,817386,567,0,0,0.0,0.212351,0.498414,0.6107
A014570,Tarjeta,Metropolitana,2632940,845,0,2812973,0.4,0.006258,0.016468,0.732
A007170,Consumo,Otras,645902,928,0,0,0.0,0.002047,0.0058,0.6176
A008878,Consumo,Biobío,492614,889,0,0,0.0,0.003463,0.010474,0.6406
A009063,Consumo,Biobío,2184757,777,0,0,0.0,0.01554,0.041052,0.5949
A001020,Consumo,Metropolitana,1952651,749,90,0,0.0,0.022527,0.05887,0.6052
A000671,Automotriz,Otras,792683,894,0,0,0.0,0.003237,0.008767,0.3956
A007592,Automotriz,Valparaíso,283707,917,0,0,0.0,0.002375,0.005662,0.4196
A000001,Consumo,Biobío,481874,866,0,0,0.0,0.004719,0.012638,0.618
A013942,Microempresa,Metropolitana,2394791,801,90,4563859,0.4,0.011285,0.035821,0.6708
A002445,Tarjeta,Valparaíso,538256,932,0,1159086,0.4,0.00194,0.006163,0.6247
A007485,Tarjeta,Biobío,1269123,851,0,1877031,0.4,0.005774,0.015478,0.7223
A012192,Tarjeta,Metropolitana,1215247,697,0,1658677,0.4,0.044465,0.096939,0.7118
A002821,Consumo,Metropolitana,1821110,827,0,0,0.0,0.007968,0.026257,0.6101
A002773,Tarjeta,Metropolitana,3996231,812,0,8153357,0.4,0.009741,0.032287,0.7238
A005222,Consumo,Biobío,355203,872,60,0,0.0,0.004353,0.01255,0.6803
A006622,Automotriz,Valparaíso,1681030,837,0,0,0.0,0.006968,0.021478,0.3834
A003059,Consumo,Otras,2592951,723,0,0,0.0,0.031709,0.083305,0.5508
A000532,Automotriz,Biobío,6829936,791,122,0,0.0,0.012896,0.041306,0.3818
A009103,Consumo,Metropolitana,4812490,777,0,0,0.0,0.01554,0.04692,0.5291
A014998,Consumo,Biobío,442230,819,0,0,0.0,0.00887,0.023514,0.6439
A013283,Tarjeta,Metropolitana,5578297,889,0,6583868,0.4,0.003463,0.01079,0.6717
A005879,Tarjeta,Metropolitana,616335,865,52,541484,0.4,0.004783,0.011757,0.6833
A012783,Microempresa,Biobío,422920,922,81,925287,0.4,0.00222,0.005573,0.5777
A004479,Automotriz,Metropolitana,938521,791,0,0,0.0,0.012896,0.038409,0.3133
A002381,Tarjeta,Valparaíso,10044723,690,90,6435521,0.4,0.048662,0.123114,0.7299
A000325,Consumo,Metropolitana,352753,911,0,0,0.0,0.002575,0.006853,0.6744
A013056,Automotriz,Valparaíso,2857374,685,0,0,0.0,0.051887,0.141289,0.4248
A000818,Consumo,Metropolitana,5613257,770,121,0,0.0,0.017056,0.044985,0.6348
A003203,Consumo,Metropolitana,1438894,533,0,0,0.0,0.299149,0.887448,0.6478
A009118,Consumo,Metropolitana,3003333,662,281,0,0.0,0.069487,0.191305,0.6169
A008496,Automotriz,Biobío,1331051,891,0,0,0.0,0.003371,0.010541,0.3083
A000343,Tarjeta,Metropolitana,3792822,598,175,8132103,0.4,0.150622,0.424279,0.5972
A014695,Tarjeta,Biobío,2742618,717,0,3488861,0.4,0.034296,0.09749,0.6871
A005524,Consumo,Metropolitana,2256685,710,0,0,0.0,0.03757,0.095468,0.6004
A012753,Consumo,Otras,2816913,899,0,0,0.0,0.003027,0.01001,0.6008
A012066,Consumo,Valparaíso,2033548,850,0,0,0.0,0.005852,0.013463,0.5896
A001253,Microempresa,Otras,1595652,846,0,2808336,0.4,0.006175,0.014843,0.513
A007215,Consumo,Otras,3950429,887,0,0,0.0,0.003557,0.011445,0.6624
A008194,Tarjeta,Metropolitana,2487960,804,0,2635749,0.4,0.010841,0.023413,0.7099
A011443,Consumo,Biobío,6270105,828,23,0,0.0,0.007862,0.021129,0.5849
A010249,Tarjeta,Otras,695125,829,0,1486666,0.4,0.007757,0.019929,0.7713
A000813,Tarjeta,Metropolitana,2158691,789,41,3017959,0.4,0.013245,0.038632,0.7227
A004827,Consumo,Biobío,1646821,866,0,0,0.0,0.004719,0.014643,0.5907
A009224,Consumo,Valparaíso,251298,893,0,0,0.0,0.003281,0.008436,0.633
A009968,Automotriz,Metropolitana,662292,867,0,0,0.0,0.004656,0.015341,0.4084
A014485,Microempresa,Metropolitana,1139626,829,0,1477229,0.4,0.007757,0.018443,0.4763
A001252,Tarjeta,Metropolitana,2816441,793,0,2278332,0.4,0.012557,0.040315,0.6358
A010512,Consumo,Valparaíso,1031622,697,0,0,0.0,0.044465,0.138269,0.6096
A003123,Consumo,Metropolitana,832628,924,42,0,0.0,0.002161,0.005592,0.6691
A013657,Consumo,Otras,880314,931,0,0,0.0,0.001966,0.004606,0.6943
A000087,Tarjeta,Metropolitana,1716430,774,0,2823085,0.4,0.016173,0.05092,0.7052
A002599,Tarjeta,Metropolitana,474375,745,0,1019352,0.4,0.023748,0.055873,0.6447
A014793,Tarjeta,Metropolitana,2188014,927,0,1641176,0.4,0.002075,0.005342,0.7073
A008582,Consumo,Biobío,471724,907,0,0,0.0,0.002717,0.008616,0.6094
A007122,Microempresa,Biobío,1014174,722,0,1847801,0.4,0.032127,0.080958,0.6298
A007766,Tarjeta,Biobío,504662,804,34,305743,0.4,0.010841,0.032234,0.6878
A006176,Microempresa,Metropolitana,2000966,802,0,3805539,0.4,0.011135,0.024268,0.5451
A003366,Consumo,Metropolitana,2333190,847,0,0,0.0,0.006092,0.019489,0.6144
A010803,Automotriz,Metropolitana,348165,789,23,0,0.0,0.013245,0.037914,0.3633
A009303,Automotriz,Biobío,1275845,759,0,0,0.0,0.019735,0.059394,0.4426
A005103,Tarjeta,Valparaíso,3024820,694,0,3677516,0.4,0.04622,0.137187,0.7258
A002587,Tarjeta,Otras,2795047,794,0,3823886,0.4,0.01239,0.034872,0.6749
A008087,Tarjeta,Otras,3994071,813,0,2203734,0.4,0.009612,0.027284,0.6617
A014021,Consumo,Biobío,2276712,873,15,0,0.0,0.004295,0.014129,0.5192
A014220,Tarjeta,Valparaíso,365264,886,0,420721,0.4,0.003606,0.011895,0.7816
A003279,Consumo,Otras,5435063,667,0,0,0.0,0.065243,0.20854,0.6193
A012751,Microempresa,Metropolitana,1062935,855,0,1556043,0.4,0.005472,0.012092,0.5192
A009368,Tarjeta,Biobío,2685058,704,90,2367824,0.4,0.040615,0.091611,0.7397
A007658,Consumo,Metropolitana,615270,928,2,0,0.0,0.002047,0.00597,0.6776
A005790,Tarjeta,Otras,455861,796,0,138498,0.4,0.012064,0.035717,0.7251
A007163,Tarjeta,Metropolitana,529223,802,0,202305,0.4,0.011135,0.030487,0.6611
A008283,Tarjeta,Metropolitana,2165191,849,0,4111086,0.4,0.005931,0.014607,0.7905
A013898,Automotriz,Metropolitana,4397227,878,0,0,0.0,0.004016,0.010961,0.3683
A005719,Microempresa,Biobío,949889,934,0,1952362,0.4,0.001888,0.006284,0.6075
A005804,Automotriz,Valparaíso,970165,793,0,0,0.0,0.012557,0.031959,0.3182
A002384,Automotriz,Valparaíso,932661,818,78,0,0.0,0.008989,0.022472,0.4874
A005309,Tarjeta,Valparaíso,2259660,926,0,4796136,0.4,0.002103,0.006599,0.7222
A007974,Consumo,Metropolitana,348131,894,0,0,0.0,0.003237,0.010302,0.5346
A003156,Consumo,Biobío,4961698,822,0,0,0.0,0.00852,0.018864,0.5466
A001595,Tarjeta,Metropolitana,4964964,658,0,4163440,0.4,0.073065,0.189378,0.7105
A006667,Tarjeta,Otras,8979705,846,0,12979290,0.4,0.006175,0.013395,0.7223
A005012,Consumo,Valparaíso,1018850,763,26,0,0.0,0.018716,0.05726,0.6922
A005627,Automotriz,Metropolitana,167829,862,0,0,0.0,0.00498,0.015739,0.4215
A006384,Consumo,Valparaíso,1301885,831,0,0,0.0,0.007552,0.023634,0.5293
A011370,Consumo,Biobío,1078174,930,0,0,0.0,0.001993,0.006362,0.6588
A006522,Tarjeta,Valparaíso,9886158,713,0,3563627,0.4,0.036132,0.098534,0.7029
A003340,Tarjeta,Biobío,929060,821,0,1360415,0.4,0.008635,0.023167,0.709
A009101,Consumo,Otras,1337766,902,0,0,0.0,0.002907,0.008855,0.6072
A004709,Tarjeta,Metropolitana,2638976,873,0,3336301,0.4,0.004295,0.012815,0.7194
A014898,Consumo,Metropolitana,2182356,746,0,0,0.0,0.023437,0.072448,0.6662
A011783,Microempresa,Otras,1011730,749,0,537346,0.4,0.022527,0.059883,0.653
A003952,Automotriz,Metropolitana,452847,748,69,0,0.0,0.022826,0.074344,0.3961
A010966,Tarjeta,Otras,4329299,696,90,5078869,0.4,0.045043,0.1465,0.733
A004869,Microempresa,Metropolitana,756183,852,0,1431077,0.4,0.005697,0.01503,0.5427
A000239,Consumo,Otras,363078,852,0,0,0.0,0.005697,0.017435,0.6053
A012812,Consumo,Otras,1571631,719,0,0,0.0,0.033412,0.081956,0.6016
A006260,Tarjeta,Otras,561345,807,52,570982,0.4,0.010415,0.02208,0.6808
A012554,Consumo,Metropolitana,770723,854,0,0,0.0,0.005546,0.012927,0.5843
A008601,Consumo,Otras,807510,885,0,0,0.0,0.003655,0.010919,0.6988
A010321,Automotriz,Otras,722905,932,0,0,0.0,0.00194,0.004704,0.4926
A014162,Tarjeta,Metropolitana,1154285,877,0,409245,0.4,0.00407,0.011928,0.6798
A000274,Tarjeta,Metropolitana,1090871,814,0,2072344,0.4,0.009484,0.027327,0.7059
A004379,Automotriz,Biobío,992642,938,0,0,0.0,0.001789,0.005356,0.3222
A004779,Microempresa,Metropolitana,894239,817,0,669740,0.4,0.00911,0.024121,0.5827
A001684,Consumo,Biobío,328317,814,0,0,0.0,0.009484,0.021482,0.615
A007368,Automotriz,Metropolitana,3949377,900,0,0,0.0,0.002986,0.008124,0.4066
A007080,Consumo,Metropolitana,1632716,869,0,0,0.0,0.004533,0.014972,0.6055
A004205,Consumo,Metropolitana,769590,826,46,0,0.0,0.008076,0.019109,0.6615
A011471,Consumo,Valparaíso,585916,793,0,0,0.0,0.012557,0.026951,0.6072
A012045,Automotriz,Metropolitana,1695968,898,66,0,0.0,0.003068,0.008064,0.311
A012619,Microempresa,Otras,646098,848,0,995860,0.4,0.006011,0.012937,0.5061
A006175,Automotriz,Metropolitana,783895,866,0,0,0.0,0.004719,0.012314,0.3907
A005059,Consumo,Metropolitana,3919271,919,0,0,0.0,0.002311,0.005734,0.6388
A003941,Microempresa,Metropolitana,2131024,950,0,4060509,0.4,0.001522,0.004881,0.6223
A008009,Automotriz,Metropolitana,385827,817,0,0,0.0,0.00911,0.027815,0.3036
A004045,Consumo,Biobío,2790401,799,105,0,0.0,0.01159,0.039331,0.6113
A000739,Microempresa,Metropolitana,3364340,913,0,2120808,0.4,0.002506,0.008226,0.5319
A000243,Tarjeta,Metropolitana,3921107,858,72,3714463,0.4,0.005255,0.013983,0.653
A014697,Automotriz,Metropolitana,900128,816,0,0,0.0,0.009233,0.01989,0.4238
A009428,Consumo,Biobío,621319,937,0,0,0.0,0.001813,0.005255,0.6204
A005195,Microempresa,Metropolitana,329970,903,21,602897,0.4,0.002868,0.009058,0.5872
A000700,Consumo,Valparaíso,188970,900,0,0,0.0,0.002986,0.009985,0.6032
A003389,Automotriz,Metropolitana,132182,809,0,0,0.0,0.01014,0.033263,0.3673
A001672,Microempresa,Metropolitana,5481184,915,0,6110843,0.4,0.00244,0.005854,0.4623
A003978,Tarjeta,Otras,1613414,894,0,3337161,0.4,0.003237,0.007387,0.6621
A003762,Consumo,Otras,1709846,851,0,0,0.0,0.005774,0.013253,0.6662
A006434,Automotriz,Metropolitana,517406,778,48,0,0.0,0.015335,0.045047,0.3425
A001582,Microempresa,Metropolitana,1447533,883,0,2724707,0.4,0.003754,0.012715,0.5805
A001474,Consumo,Metropolitana,624781,849,0,0,0.0,0.005931,0.014612,0.6258
A004388,Consumo,Valparaíso,2303581,818,0,0,0.0,0.008989,0.020365,0.5232
A010080,Automotriz,Biobío,392747,812,20,0,0.0,0.009741,0.027471,0.369
A007437,Consumo,Metropolitana,3113157,805,364,0,0.0,0.010697,0.024174,0.5965
A004529,Consumo,Metropolitana,1045302,841,0,0,0.0,0.006604,0.021141,0.6388
A007252,Consumo,Metropolitana,237600,836,0,0,0.0,0.007062,0.018647,0.6576
A002210,Microempresa,Metropolitana,978325,757,0,1087845,0.4,0.020265,0.048839,0.5107
A007711,Consumo,Metropolitana,5970229,816,90,0,0.0,0.009233,0.019904,0.6166
A000347,Tarjeta,Metropolitana,231887,832,0,72663,0.4,0.007451,0.018389,0.7055
A004614,Consumo,Metropolitana,214227,828,0,0,0.0,0.007862,0.026479,0.6497
A006067,Automotriz,Metropolitana,232652,883,0,0,0.0,0.003754,0.010819,0.3476
A007499,Tarjeta,Valparaíso,3016141,762,0,2373661,0.4,0.018966,0.040016,0.6437
A011860,Automotriz,Metropolitana,1296793,708,0,0,0.0,0.03856,0.085016,0.3626
A003150,Tarjeta,Biobío,2628083,815,0,3299964,0.4,0.009358,0.029922,0.7224
A009329,Tarjeta,Metropolitana,1216096,811,67,902267,0.4,0.009872,0.022029,0.7047
A007354,Consumo,Otras,731521,884,0,0,0.0,0.003704,0.011181,0.6136
A007166,Tarjeta,Metropolitana,613863,884,0,928420,0.4,0.003704,0.008288,0.744
A014877,Automotriz,Metropolitana,180903,894,0,0,0.0,0.003237,0.008759,0.3995
A001863,Consumo,Biobío,1361775,807,0,0,0.0,0.010415,0.028795,0.6845
A003579,Consumo,Metropolitana,498777,881,46,0,0.0,0.003857,0.008769,0.6861
A014229,Consumo,Metropolitana,1389031,925,0,0,0.0,0.002132,0.005802,0.5886
A010314,Automotriz,Biobío,510423,950,0,0,0.0,0.001522,0.004533,0.2916
A012673,Automotriz,Valparaíso,2396611,814,45,0,0.0,0.009484,0.032023,0.443
A000091,Consumo,Metropolitana,631974,884,0,0,0.0,0.003704,0.010894,0.6091
A004721,Tarjeta,Metropolitana,395342,742,0,181874,0.4,0.024706,0.076891,0.7248
A001668,Tarjeta,Otras,923478,785,0,391375,0.4,0.01397,0.030141,0.6959
A013000,Tarjeta,Valparaíso,1603050,712,0,1710637,0.4,0.036605,0.109741,0.7487
A008743,Microempresa,Otras,552450,886,0,669786,0.4,0.003606,0.010783,0.61
A002144,Consumo,Metropolitana,1091393,763,0,0,0.0,0.018716,0.041499,0.6133
A010024,Consumo,Metropolitana,450117,927,0,0,0.0,0.002075,0.005348,0.6253
A010585,Consumo,Metropolitana,1760107,850,69,0,0.0,0.005852,0.0125,0.5426
A000767,Microempresa,Metropolitana,5616779,820,274,9809469,0.4,0.008752,0.021237,0.616
A007005,Tarjeta,Metropolitana,734549,883,0,300297,0.4,0.003754,0.00982,0.7401
A004366,Consumo,Otras,895526,901,0,0,0.0,0.002946,0.008091,0.6691
A000649,Microempresa,Biobío,463355,827,0,157758,0.4,0.007968,0.020008,0.5513
A005444,Tarjeta,Biobío,829076,895,0,506499,0.4,0.003194,0.007428,0.6467
A013903,Tarjeta,Valparaíso,517282,825,0,622124,0.4,0.008184,0.020767,0.6972
A001197,Tarjeta,Metropolitana,885975,839,0,1398739,0.4,0.006783,0.014668,0.6687
A013813,Consumo,Metropolitana,352271,864,0,0,0.0,0.004848,0.012329,0.7015
A014904,Tarjeta,Metropolitana,6749880,851,0,11936787,0.4,0.005774,0.015418,0.7357
A002823,Consumo,Otras,339029,750,0,0,0.0,0.022231,0.049895,0.6184
A013478,Consumo,Metropolitana,2608399,890,0,0,0.0,0.003417,0.011424,0.6372
A002545,Consumo,Metropolitana,2762067,883,0,0,0.0,0.003754,0.011597,0.6437
A011900,Tarjeta,Metropolitana,13085528,862,0,8296940,0.4,0.00498,0.012414,0.7712
A000735,Automotriz,Valparaíso,5448972,911,156,0,0.0,0.002575,0.007082,0.3491
A009160,Tarjeta,Otras,1033873,713,0,1076062,0.4,0.036132,0.078304,0.7522
A011590,Consumo,Valparaíso,481467,824,0,0,0.0,0.008295,0.024229,0.5638
A008756,Consumo,Metropolitana,834093,818,0,0,0.0,0.008989,0.018969,0.6143
A001371,Microempresa,Metropolitana,502667,948,57,903088,0.4,0.001563,0.004662,0.5268
A012460,Microempresa,Otras,2042407,835,0,3478263,0.4,0.007157,0.022424,0.6066
A012614,Tarjeta,Valparaíso,2870382,824,0,3651125,0.4,0.008295,0.021436,0.7365
A014005,Consumo,Biobío,1047698,782,0,0,0.0,0.01454,0.034004,0.543
A009801,Consumo,Metropolitana,2236284,870,0,0,0.0,0.004472,0.012143,0.6141
A011820,Automotriz,Biobío,5641476,720,0,0,0.0,0.032978,0.106008,0.3591
A007873,Tarjeta,Biobío,91729,850,0,138495,0.4,0.005852,0.019443,0.6804
A000578,Consumo,Biobío,1018244,885,0,0,0.0,0.003655,0.010952,0.6918
A011694,Consumo,Metropolitana,1583860,895,33,0,0.0,0.003194,0.009157,0.6897
A008498,Consumo,Metropolitana,1732107,775,44,0,0.0,0.015959,0.053247,0.6654
A010007,Automotriz,Metropolitana,4428545,735,0,0,0.0,0.027091,0.06769,0.3745
A006301,Consumo,Otras,2663724,766,90,0,0.0,0.017986,0.041431,0.6318
A005115,Automotriz,Metropolitana,2147498,845,0,0,0.0,0.006258,0.01927,0.3316
A008290,Tarjeta,Valparaíso,741438,815,0,1205208,0.4,0.009358,0.023733,0.6863
A006942,Automotriz,Metropolitana,3055164,614,299,0,0.0,0.124996,0.346924,0.4207
A012395,Consumo,Metropolitana,2600311,824,0,0,0.0,0.008295,0.022892,0.6404
A007321,Consumo,Otras,2476801,818,0,0,0.0,0.008989,0.023308,0.5971
A013436,Consumo,Valparaíso,5054951,909,0,0,0.0,0.002645,0.00674,0.5807
A012493,Consumo,Otras,584700,862,0,0,0.0,0.00498,0.01582,0.5336
A008286,Microempresa,Metropolitana,2101764,936,0,2780584,0.4,0.001838,0.005236,0.5679
A014709,Consumo,Metropolitana,390500,668,0,0,0.0,0.064424,0.159309,0.6093
A001494,Consumo,Valparaíso,1448260,875,0,0,0.0,0.004181,0.012343,0.5996
A006062,Tarjeta,Valparaíso,804174,857,0,1409447,0.4,0.005326,0.014223,0.6685
A003519,Automotriz,Biobío,782808,804,14,0,0.0,0.010841,0.029937,0.3653
A013015,Consumo,Biobío,389891,913,0,0,0.0,0.002506,0.007019,0.6057
A009485,Automotriz,Metropolitana,853642,772,0,0,0.0,0.016609,0.047619,0.3358
A004733,Consumo,Otras,2290448,949,0,0,0.0,0.001542,0.003656,0.5776
A001486,Consumo,Metropolitana,571539,891,87,0,0.0,0.003371,0.010357,0.7351
A005314,Automotriz,Biobío,486539,811,0,0,0.0,0.009872,0.022556,0.3396
A002158,Consumo,Valparaíso,715740,800,0,0,0.0,0.011436,0.032611,0.6704
A012435,Consumo,Metropolitana,3105535,815,0,0,0.0,0.009358,0.020646,0.7422
A010930,Tarjeta,Metropolitana,666081,520,0,1059128,0.4,0.337227,0.709352,0.7467
A013059,Consumo,Otras,266579,853,0,0,0.0,0.005621,0.018876,0.6004
A014671,Microempresa,Valparaíso,1650649,840,0,1926907,0.4,0.006693,0.019741,0.5199
A012486,Consumo,Metropolitana,1634494,661,0,0,0.0,0.070366,0.221799,0.6418
A003800,Consumo,Otras,449358,858,56,0,0.0,0.005255,0.015306,0.6267
A008432,Tarjeta,Metropolitana,4610806,807,73,9425371,0.4,0.010415,0.025857,0.7741
A005847,Consumo,Metropolitana,906694,756,0,0,0.0,0.020535,0.04818,0.641
A010993,Tarjeta,Otras,3071392,850,0,4804041,0.4,0.005852,0.014487,0.7528
A001457,Consumo,Otras,559006,855,0,0,0.0,0.005472,0.011801,0.6236
A000867,Automotriz,Valparaíso,582463,834,0,0,0.0,0.007254,0.017818,0.3752
A013333,Consumo,Metropolitana,716409,895,51,0,0.0,0.003194,0.010307,0.5564
A002350,Tarjeta,Metropolitana,6635955,723,0,8472016,0.4,0.031709,0.087518,0.6722
A014830,Automotriz,Metropolitana,1407669,815,0,0,0.0,0.009358,0.03025,0.4569
A004411,Tarjeta,Biobío,2191766,858,0,1433585,0.4,0.005255,0.014493,0.681
A010011,Consumo,Valparaíso,884561,856,0,0,0.0,0.005399,0.016674,0.5855
A009716,Tarjeta,Otras,837774,731,0,494874,0.4,0.028553,0.08306,0.7115
A008170,Microempresa,Metropolitana,229429,821,6,223050,0.4,0.008635,0.028063,0.4925
A000374,Tarjeta,Metropolitana,2452663,893,0,1675026,0.4,0.003281,0.011052,0.8264
A002397,Automotriz,Metropolitana,1106668,937,78,0,0.0,0.001813,0.005828,0.3097
A013306,Consumo,Metropolitana,1426554,897,0,0,0.0,0.003109,0.006669,0.571
A002591,Tarjeta,Otras,2355089,898,0,3855214,0.4,0.003068,0.008836,0.7229
A014510,Consumo,Metropolitana,802461,903,0,0,0.0,0.002868,0.008259,0.5326
A003481,Tarjeta,Metropolitana,1075753,874,0,662548,0.4,0.004238,0.012379,0.6521
A010837,Consumo,Otras,780278,788,0,0,0.0,0.013423,0.028239,0.599
A011940,Consumo,Metropolitana,1177107,878,74,0,0.0,0.004016,0.011647,0.5995
A000893,Tarjeta,Metropolitana,3629436,750,0,3133829,0.4,0.022231,0.065666,0.6502
A000025,Microempresa,Metropolitana,2345539,791,90,3335613,0.4,0.012896,0.035073,0.5365
A007008,Consumo,Biobío,329437,871,0,0,0.0,0.004412,0.013514,0.6077
A006070,Consumo,Valparaíso,2596834,790,0,0,0.0,0.013069,0.040958,0.6799
A008461,Tarjeta,Metropolitana,3122593,596,90,5803095,0.4,0.154113,0.400301,0.7205
A013431,Tarjeta,Otras,2432513,683,0,1900048,0.4,0.053233,0.130784,0.7714
A008128,Consumo,Otras,1385898,836,0,0,0.0,0.007062,0.02252,0.636
A005517,Consumo,Biobío,607466,878,0,0,0.0,0.004016,0.00881,0.6327
A011242,Tarjeta,Otras,408786,825,0,454877,0.4,0.008184,0.021449,0.7298
A004007,Tarjeta,Otras,374602,790,0,737699,0.4,0.013069,0.040573,0.745
A006279,Consumo,Metropolitana,1741336,878,0,0,0.0,0.004016,0.012909,0.7315
A002601,Automotriz,Metropolitana,562532,819,0,0,0.0,0.00887,0.020839,0.3432
A007336,Tarjeta,Biobío,1335970,901,0,2169935,0.4,0.002946,0.009172,0.618
A012660,Consumo,Metropolitana,979200,774,0,0,0.0,0.016173,0.050576,0.558
A006099,Tarjeta,Biobío,1062052,840,0,643689,0.4,0.006693,0.014397,0.7523
A003622,Tarjeta,Metropolitana,581569,779,60,192712,0.4,0.015132,0.038099,0.7332
A000817,Tarjeta,Valparaíso,1535562,768,0,1430478,0.4,0.017515,0.04211,0.783
A002683,Automotriz,Otras,552000,830,0,0,0.0,0.007654,0.017506,0.313
A012299,Automotriz,Otras,1995243,882,160,0,0.0,0.003805,0.009547,0.3841
A011833,Consumo,Metropolitana,457112,828,0,0,0.0,0.007862,0.024902,0.7022
A004941,Tarjeta,Otras,1370500,854,0,2845114,0.4,0.005546,0.013247,0.737
A014767,Automotriz,Metropolitana,1168457,872,0,0,0.0,0.004353,0.011722,0.4585
A002125,Consumo,Metropolitana,975141,772,0,0,0.0,0.016609,0.051221,0.5762
A013853,Tarjeta,Metropolitana,307426,782,0,292252,0.4,0.01454,0.040663,0.7568
A001336,Consumo,Metropolitana,2862710,773,141,0,0.0,0.016389,0.035054,0.6284
A000108,Microempresa,Metropolitana,1306564,908,0,1421123,0.4,0.002681,0.008582,0.4906
A014774,Tarjeta,Metropolitana,701663,778,0,1107070,0.4,0.015335,0.042388,0.6845
A011799,Automotriz,Metropolitana,2140563,912,156,0,0.0,0.00254,0.007148,0.4051
A008956,Consumo,Otras,5975221,906,0,0,0.0,0.002754,0.008264,0.5437
A006328,Tarjeta,Biobío,4012693,846,148,5599897,0.4,0.006175,0.020622,0.8342
A007076,Consumo,Metropolitana,349588,888,0,0,0.0,0.00351,0.009258,0.5652
A005073,Consumo,Metropolitana,2641810,671,167,0,0.0,0.062023,0.165817,0.5574
A010739,Automotriz,Valparaíso,230256,935,0,0,0.0,0.001863,0.004896,0.2939
A011437,Automotriz,Metropolitana,2871092,800,0,0,0.0,0.011436,0.037412,0.3756
A006354,Consumo,Otras,306434,838,0,0,0.0,0.006875,0.022187,0.5905
A002580,Consumo,Metropolitana,2938024,880,0,0,0.0,0.003909,0.008813,0.617
A003330,Microempresa,Biobío,266455,868,0,438099,0.4,0.004594,0.010792,0.521
A011510,Consumo,Metropolitana,2141311,781,0,0,0.0,0.014735,0.047253,0.6119
A011665,Tarjeta,Otras,821330,860,0,1094884,0.4,0.005116,0.015,0.7753
A003539,Microempresa,Biobío,857695,811,0,1768796,0.4,0.009872,0.026775,0.5464
A005917,Tarjeta,Metropolitana,1209757,930,63,1533316,0.4,0.001993,0.005455,0.7739
A012699,Tarjeta,Metropolitana,661907,861,0,538198,0.4,0.005048,0.011595,0.6974
A007801,Automotriz,Biobío,163680,928,4,0,0.0,0.002047,0.006494,0.3802
A011913,Automotriz,Valparaíso,2444359,846,0,0,0.0,0.006175,0.015403,0.4182
A008225,Tarjeta,Biobío,531048,936,12,527329,0.4,0.001838,0.005619,0.5668
A004085,Tarjeta,Metropolitana,2210598,878,0,3667458,0.4,0.004016,0.012927,0.7353
A012517,Consumo,Valparaíso,1435521,704,0,0,0.0,0.040615,0.091316,0.6783
A013926,Microempresa,Metropolitana,1675839,859,0,1821962,0.4,0.005185,0.013831,0.5171
A001656,Consumo,Metropolitana,3463812,705,97,0,0.0,0.040091,0.089384,0.6394
A003194,Automotriz,Metropolitana,1803539,861,0,0,0.0,0.005048,0.010717,0.4148
A012142,Consumo,Metropolitana,3055426,764,15,0,0.0,0.01847,0.062456,0.6484
A000207,Consumo,Metropolitana,3029092,926,0,0,0.0,0.002103,0.006199,0.6179
A010685,Consumo,Biobío,1529506,862,0,0,0.0,0.00498,0.014866,0.5741
A011085,Consumo,Biobío,1517723,818,0,0,0.0,0.008989,0.022516,0.7198
A006556,Consumo,Metropolitana,698691,874,0,0,0.0,0.004238,0.00981,0.6443
A003854,Automotriz,Otras,1444637,864,0,0,0.0,0.004848,0.012204,0.359
A007620,Consumo,Otras,701232,810,0,0,0.0,0.010005,0.025779,0.5842
A000370,Automotriz,Valparaíso,2487704,804,90,0,0.0,0.010841,0.029925,0.3337
A012717,Tarjeta,Valparaíso,1087000,720,79,620551,0.4,0.032978,0.109237,0.7014
A003104,Consumo,Otras,740789,879,0,0,0.0,0.003962,0.008589,0.6533
A001301,Tarjeta,Metropolitana,1896488,915,0,578133,0.4,0.00244,0.007439,0.7866
A000800,Tarjeta,Metropolitana,1441881,846,0,2810446,0.4,0.006175,0.019046,0.7451
A012672,Tarjeta,Metropolitana,1353655,800,0,460353,0.4,0.011436,0.026781,0.7317
A008074,Consumo,Otras,1850415,677,0,0,0.0,0.05747,0.121213,0.5596
A008278,Tarjeta,Metropolitana,6131274,794,0,5224772,0.4,0.01239,0.036739,0.6616
A008690,Microempresa,Metropolitana,1714511,845,0,1133114,0.4,0.006258,0.019079,0.532
A005325,Consumo,Valparaíso,1281583,871,0,0,0.0,0.004412,0.00958,0.6271
A009724,Automotriz,Metropolitana,492351,897,24,0,0.0,0.003109,0.007915,0.3715
A013300,Automotriz,Otras,1575817,908,0,0,0.0,0.002681,0.007423,0.4324
A007915,Microempresa,Metropolitana,479964,882,0,659289,0.4,0.003805,0.010465,0.4414
A011571,Consumo,Metropolitana,1005247,802,0,0,0.0,0.011135,0.036812,0.5387
A009214,Consumo,Valparaíso,2272748,817,0,0,0.0,0.00911,0.025845,0.5285
A001601,Tarjeta,Metropolitana,1638115,624,0,2249521,0.4,0.110949,0.268349,0.7752
A013896,Consumo,Metropolitana,1187645,940,0,0,0.0,0.001741,0.003957,0.6881
A000935,Consumo,Metropolitana,172950,809,0,0,0.0,0.01014,0.027765,0.5846
A010602,Automotriz,Biobío,1007379,942,0,0,0.0,0.001695,0.005689,0.2883
A008215,Automotriz,Valparaíso,2462281,673,90,0,0.0,0.060469,0.13442,0.4264
A014234,Consumo,Otras,2034064,852,75,0,0.0,0.005697,0.014004,0.6516
A011741,Consumo,Valparaíso,1941031,841,0,0,0.0,0.006604,0.020152,0.6206
A012828,Consumo,Metropolitana,313087,812,41,0,0.0,0.009741,0.024372,0.6084
A009862,Tarjeta,Biobío,1176525,847,5,2125423,0.4,0.006092,0.015554,0.7103
A003315,Consumo,Otras,1089558,835,0,0,0.0,0.007157,0.017702,0.5221
A012913,Consumo,Otras,2064143,671,29,0,0.0,0.062023,0.175153,0.6004
A012440,Consumo,Metropolitana,1020878,866,0,0,0.0,0.004719,0.011368,0.5699
A002172,Automotriz,Otras,2196286,921,0,0,0.0,0.00225,0.006205,0.2938
A002081,Consumo,Otras,1786117,857,0,0,0.0,0.005326,0.015452,0.5917
A013703,Tarjeta,Metropolitana,2181533,814,0,694985,0.4,0.009484,0.024704,0.6219
A004655,Automotriz,Metropolitana,1712038,906,0,0,0.0,0.002754,0.00903,0.2952
A000440,Automotriz,Otras,2219626,919,0,0,0.0,0.002311,0.005579,0.4052
A000790,Consumo,Biobío,4901437,806,0,0,0.0,0.010555,0.02696,0.7139
A002369,Consumo,Metropolitana,3085847,635,90,0,0.0,0.097112,0.249554,0.6456
A013975,Automotriz,Otras,6536556,915,0,0,0.0,0.00244,0.008178,0.3907
A013944,Tarjeta,Metropolitana,259443,881,0,256555,0.4,0.003857,0.008274,0.7799
A007630,Automotriz,Metropolitana,4815245,950,0,0,0.0,0.001522,0.003263,0.5053
A001186,Consumo,Metropolitana,187510,850,0,0,0.0,0.005852,0.01264,0.564
A004634,Microempresa,Metropolitana,2941446,858,35,5485461,0.4,0.005255,0.011917,0.5227
A003793,Automotriz,Otras,486348,823,0,0,0.0,0.008407,0.027647,0.3688
A000587,Tarjeta,Metropolitana,181347,856,0,133443,0.4,0.005399,0.015747,0.6761
A011480,Consumo,Metropolitana,680655,905,0,0,0.0,0.002792,0.008784,0.5945
A009522,Consumo,Metropolitana,717890,854,0,0,0.0,0.005546,0.015769,0.6265
A007206,Automotriz,Otras,5352924,811,0,0,0.0,0.009872,0.028182,0.3657
A008686,Tarjeta,Biobío,2946801,769,97,2191532,0.4,0.017284,0.040627,0.6719
A008191,Automotriz,Valparaíso,547659,840,0,0,0.0,0.006693,0.019053,0.3669
A005394,Consumo,Metropolitana,715819,837,0,0,0.0,0.006968,0.018446,0.6565
A012519,Consumo,Metropolitana,1083007,705,0,0,0.0,0.040091,0.104882,0.5654
A004671,Consumo,Otras,3073026,848,0,0,0.0,0.006011,0.017836,0.6143
A007438,Consumo,Otras,169214,950,0,0,0.0,0.001522,0.004368,0.7466
A006382,Automotriz,Metropolitana,2298684,819,0,0,0.0,0.00887,0.02478,0.3132
A000536,Consumo,Otras,4851630,870,0,0,0.0,0.004472,0.013703,0.5704
A004137,Consumo,Metropolitana,460579,873,0,0,0.0,0.004295,0.012443,0.5825
A006364,Tarjeta,Metropolitana,761064,774,0,229871,0.4,0.016173,0.039455,0.6458
A007020,Tarjeta,Otras,2135307,827,153,3412194,0.4,0.007968,0.01681,0.7055
A010866,Consumo,Biobío,3860881,711,70,0,0.0,0.037085,0.091055,0.6863
A012029,Tarjeta,Otras,4161521,744,0,5939699,0.4,0.024063,0.072231,0.6641
A002462,Automotriz,Biobío,5875815,859,0,0,0.0,0.005185,0.013401,0.3531
A008047,Tarjeta,Metropolitana,2795942,562,0,1415170,0.4,0.223872,0.564447,0.7102
A004931,Microempresa,Otras,518911,816,0,764176,0.4,0.009233,0.022677,0.6553
A003987,Automotriz,Metropolitana,951408,821,0,0,0.0,0.008635,0.024024,0.4485
A003568,Automotriz,Biobío,1519030,941,0,0,0.0,0.001718,0.005273,0.4064
A003085,Microempresa,Biobío,2318317,919,0,2241105,0.4,0.002311,0.006843,0.4951
A006016,Automotriz,Otras,1072811,906,0,0,0.0,0.002754,0.007078,0.41
A009586,Tarjeta,Metropolitana,2884117,770,0,1092235,0.4,0.017056,0.038439,0.8011
A008132,Consumo,Valparaíso,392421,809,0,0,0.0,0.01014,0.023697,0.6164
A008266,Consumo,Metropolitana,4217268,787,0,0,0.0,0.013603,0.041587,0.6761
A014331,Consumo,Otras,1222086,828,0,0,0.0,0.007862,0.01678,0.5627
A010548,Consumo,Metropolitana,1172676,802,0,0,0.0,0.011135,0.035102,0.6552
A008586,Tarjeta,Metropolitana,2793804,900,49,4777808,0.4,0.002986,0.009138,0.6918
A012189,Consumo,Biobío,2301713,871,0,0,0.0,0.004412,0.014674,0.4761
A004822,Automotriz,Valparaíso,1771478,779,0,0,0.0,0.015132,0.041405,0.4309
A005264,Automotriz,Valparaíso,3502473,732,0,0,0.0,0.02818,0.088965,0.3074
A012943,Tarjeta,Otras,736535,807,0,1508799,0.4,0.010415,0.028442,0.6663
A007458,Consumo,Metropolitana,4126790,908,0,0,0.0,0.002681,0.006124,0.5525
A001035,Microempresa,Metropolitana,1029198,719,0,1565027,0.4,0.033412,0.095927,0.581
A012908,Tarjeta,Otras,1795313,747,107,2293946,0.4,0.02313,0.074485,0.7485
A001087,Tarjeta,Otras,1466418,869,0,2416240,0.4,0.004533,0.013203,0.7333
A013618,Consumo,Valparaíso,9452316,950,13,0,0.0,0.001522,0.004627,0.7056
A013793,Consumo,Otras,717392,853,0,0,0.0,0.005621,0.015326,0.6983
A004005,Consumo,Valparaíso,2827554,785,0,0,0.0,0.01397,0.039908,0.6335
A003331,Consumo,Metropolitana,829472,819,0,0,0.0,0.00887,0.028744,0.6717
A009858,Tarjeta,Valparaíso,977152,819,0,1634651,0.4,0.00887,0.022764,0.7242
A004939,Microempresa,Biobío,1072895,925,0,1042961,0.4,0.002132,0.006017,0.6054
A014760,Microempresa,Valparaíso,1646950,756,0,1557212,0.4,0.020535,0.057817,0.596
A008489,Consumo,Biobío,326311,782,0,0,0.0,0.01454,0.03938,0.6929
A004962,Consumo,Metropolitana,2721805,767,249,0,0.0,0.017749,0.052101,0.5672
A011208,Consumo,Metropolitana,6680434,774,90,0,0.0,0.016173,0.038257,0.6374
A002577,Microempresa,Metropolitana,478822,876,0,492480,0.4,0.004125,0.013574,0.5661
A002129,Consumo,Metropolitana,1114548,722,0,0,0.0,0.032127,0.069352,0.6019
A009379,Tarjeta,Biobío,394742,770,0,620341,0.4,0.017056,0.041028,0.6992
A005734,Microempresa,Valparaíso,2828129,939,0,5360644,0.4,0.001765,0.005266,0.5137
A000247,Tarjeta,Metropolitana,2809391,833,0,1080724,0.4,0.007352,0.019173,0.7601
A003033,Consumo,Otras,504576,854,0,0,0.0,0.005546,0.013431,0.6981
A010396,Automotriz,Valparaíso,2582319,781,0,0,0.0,0.014735,0.045938,0.3864
A007025,Consumo,Metropolitana,3340477,706,0,0,0.0,0.039575,0.093694,0.6587
A014853,Consumo,Otras,621949,885,0,0,0.0,0.003655,0.011243,0.6292
A006158,Tarjeta,Metropolitana,798854,816,0,772345,0.4,0.009233,0.026988,0.6582
A006080,Consumo,Metropolitana,1391004,846,46,0,0.0,0.006175,0.016025,0.6561
A005488,Consumo,Valparaíso,2515731,874,0,0,0.0,0.004238,0.011918,0.6993
A006732,Automotriz,Otras,8544071,773,0,0,0.0,0.016389,0.047797,0.3186
A003564,Automotriz,Biobío,1046542,950,79,0,0.0,0.001522,0.003666,0.3426
A013407,Consumo,Biobío,1024773,754,0,0,0.0,0.021086,0.052438,0.5753
A007327,Consumo,Otras,333207,897,0,0,0.0,0.003109,0.007145,0.6475
A013302,Microempresa,Metropolitana,2638786,744,0,2231807,0.4,0.024063,0.077636,0.683
A004456,Automotriz,Metropolitana,2302668,895,0,0,0.0,0.003194,0.008039,0.434
A004810,Consumo,Biobío,4998387,950,0,0,0.0,0.001522,0.004144,0.6064
A000677,Automotriz,Metropolitana,729788,885,0,0,0.0,0.003655,0.010187,0.462
A009766,Tarjeta,Metropolitana,3831033,467,90,3953173,0.4,0.510134,0.97,0.6715
A014866,Consumo,Biobío,3269844,950,0,0,0.0,0.001522,0.003701,0.6739
A012102,Automotriz,Biobío,2568768,902,0,0,0.0,0.002907,0.008769,0.4534
A011105,Microempresa,Metropolitana,642738,870,0,1289847,0.4,0.004472,0.010344,0.5142
A009340,Tarjeta,Valparaíso,351903,881,0,615701,0.4,0.003857,0.008619,0.6194
A009344,Consumo,Metropolitana,680163,897,0,0,0.0,0.003109,0.009081,0.7114
A005750,Consumo,Metropolitana,1275026,751,0,0,0.0,0.021939,0.056626,0.5305
A007232,Consumo,Metropolitana,1077447,876,0,0,0.0,0.004125,0.011995,0.5291
A010549,Consumo,Metropolitana,4907526,890,0,0,0.0,0.003417,0.009041,0.5467
A006474,Automotriz,Metropolitana,674311,874,0,0,0.0,0.004238,0.012102,0.3851
A008395,Tarjeta,Metropolitana,114192,950,0,45514,0.4,0.001522,0.005003,0.6635
A009701,Microempresa,Biobío,1692783,681,118,1267698,0.4,0.054612,0.16943,0.528
A013449,Consumo,Valparaíso,1252905,705,0,0,0.0,0.040091,0.114429,0.6263
A011840,Consumo,Metropolitana,394105,914,0,0,0.0,0.002473,0.006979,0.6329
A013423,Tarjeta,Metropolitana,1167671,770,0,1671199,0.4,0.017056,0.053912,0.6987
A007602,Automotriz,Metropolitana,1878081,947,0,0,0.0,0.001584,0.003785,0.3788
A006726,Consumo,Valparaíso,2718335,843,0,0,0.0,0.006429,0.015576,0.606
A014422,Consumo,Otras,2139322,649,171,0,0.0,0.081741,0.276918,0.583
A009347,Consumo,Metropolitana,581927,900,0,0,0.0,0.002986,0.007068,0.5902
A003672,Consumo,Metropolitana,531609,950,0,0,0.0,0.001522,0.005028,0.5721
A012976,Automotriz,Otras,3299854,941,0,0,0.0,0.001718,0.005199,0.306
A014470,Consumo,Otras,98665,841,0,0,0.0,0.006604,0.015953,0.5569
A003357,Consumo,Metropolitana,1071773,821,233,0,0.0,0.008635,0.023587,0.6689
A003220,Consumo,Valparaíso,1336299,774,121,0,0.0,0.016173,0.038381,0.6505
A005782,Consumo,Valparaíso,1812136,781,0,0,0.0,0.014735,0.04997,0.5528
A010135,Consumo,Metropolitana,1054859,818,0,0,0.0,0.008989,0.022621,0.5946
A013808,Consumo,Biobío,1431223,826,0,0,0.0,0.008076,0.017322,0.5707
A014933,Automotriz,Metropolitana,1092529,895,0,0,0.0,0.003194,0.009934,0.4527
A007084,Consumo,Otras,852015,903,0,0,0.0,0.002868,0.006036,0.6537
A011797,Microempresa,Valparaíso,1424971,766,0,2387068,0.4,0.017986,0.057084,0.4287
A010747,Consumo,Otras,2502864,706,0,0,0.0,0.039575,0.125768,0.5901
A014923,Consumo,Metropolitana,2883637,779,0,0,0.0,0.015132,0.037665,0.6233
A012055,Consumo,Biobío,789845,812,0,0,0.0,0.009741,0.021794,0.6064
A008431,Automotriz,Biobío,1078398,891,0,0,0.0,0.003371,0.009129,0.4474
A008419,Tarjeta,Metropolitana,1078838,767,0,1464691,0.4,0.017749,0.040201,0.7249
A013447,Tarjeta,Metropolitana,363877,651,0,205586,0.4,0.079736,0.23258,0.6506
A004762,Microempresa,Otras,550893,781,0,455607,0.4,0.014735,0.04892,0.595
A010843,Tarjeta,Metropolitana,2568592,821,0,2746009,0.4,0.008635,0.025851,0.7018
A003954,Consumo,Otras,465798,816,0,0,0.0,0.009233,0.022352,0.6627
A000733,Tarjeta,Valparaíso,2271901,830,0,4915598,0.4,0.007654,0.019902,0.7008
A014638,Automotriz,Otras,1429666,790,0,0,0.0,0.013069,0.040711,0.3699
A007524,Consumo,Metropolitana,504533,935,56,0,0.0,0.001863,0.004521,0.5628
A008372,Consumo,Biobío,6646424,787,90,0,0.0,0.013603,0.039674,0.6212
A001331,Consumo,Metropolitana,1356621,690,0,0,0.0,0.048662,0.117219,0.6329
A008876,Tarjeta,Metropolitana,1024338,749,0,453625,0.4,0.022527,0.058002,0.6823
A007779,Consumo,Otras,1141032,950,0,0,0.0,0.001522,0.003684,0.6806
A003982,Tarjeta,Otras,2523985,689,0,2626833,0.4,0.049291,0.146265,0.5855
A012759,Consumo,Metropolitana,4791677,842,201,0,0.0,0.006516,0.016389,0.6613
A004265,Automotriz,Metropolitana,4543316,950,157,0,0.0,0.001522,0.003552,0.3035
A001048,Consumo,Metropolitana,1538411,749,257,0,0.0,0.022527,0.071686,0.5755
A005884,Tarjeta,Otras,627799,820,0,392939,0.4,0.008752,0.029635,0.6509
A010245,Consumo,Metropolitana,114575,945,0,0,0.0,0.001628,0.004414,0.6213
A009685,Tarjeta,Metropolitana,914834,851,90,1529270,0.4,0.005774,0.015445,0.7127
A008968,Consumo,Otras,3136781,894,0,0,0.0,0.003237,0.007309,0.6019
A011559,Automotriz,Metropolitana,1228402,895,0,0,0.0,0.003194,0.009286,0.3884
A007414,Consumo,Otras,217482,905,0,0,0.0,0.002792,0.008482,0.566
A006554,Consumo,Metropolitana,3673297,649,0,0,0.0,0.081741,0.247131,0.6895
A003802,Microempresa,Valparaíso,1464815,686,0,1872873,0.4,0.051226,0.115138,0.562
A003289,Consumo,Metropolitana,1138598,814,0,0,0.0,0.009484,0.030303,0.637
A006190,Automotriz,Metropolitana,2380660,762,0,0,0.0,0.018966,0.058417,0.3361
A008837,Tarjeta,Metropolitana,1758938,830,0,2977378,0.4,0.007654,0.022451,0.6928
A007447,Consumo,Valparaíso,6919408,706,450,0,0.0,0.039575,0.104418,0.5959
A009912,Tarjeta,Biobío,820260,844,0,678377,0.4,0.006343,0.016666,0.7685
A005668,Microempresa,Metropolitana,704916,887,0,1519593,0.4,0.003557,0.00777,0.5387
A001370,Automotriz,Metropolitana,3634809,878,71,0,0.0,0.004016,0.00932,0.4226
A007844,Microempresa,Biobío,2322245,695,0,4178701,0.4,0.045628,0.152405,0.5861
A002803,Consumo,Metropolitana,2355521,910,0,0,0.0,0.00261,0.007027,0.609
A006438,Microempresa,Biobío,769595,886,1,1207981,0.4,0.003606,0.010497,0.5583
A013305,Consumo,Otras,2898210,788,0,0,0.0,0.013423,0.036148,0.5969
A007615,Consumo,Valparaíso,605847,871,0,0,0.0,0.004412,0.013353,0.5316
A010650,Tarjeta,Otras,1201947,816,0,1239395,0.4,0.009233,0.023042,0.7711
A010292,Automotriz,Biobío,102092,832,0,0,0.0,0.007451,0.018087,0.2917
A000363,Microempresa,Otras,1881953,790,0,3952885,0.4,0.013069,0.031656,0.4829
A013131,Consumo,Metropolitana,157101,881,0,0,0.0,0.003857,0.013036,0.6175
A009746,Tarjeta,Metropolitana,2968932,768,0,5362738,0.4,0.017515,0.037864,0.7356
A002781,Tarjeta,Biobío,1145692,662,0,1617573,0.4,0.069487,0.223343,0.6528
A007011,Consumo,Valparaíso,3393963,915,0,0,0.0,0.00244,0.007623,0.6227
A004659,Consumo,Metropolitana,2419091,819,0,0,0.0,0.00887,0.030157,0.6243
A014618,Consumo,Metropolitana,1035748,851,40,0,0.0,0.005774,0.018995,0.6064
A002150,Automotriz,Metropolitana,564580,780,85,0,0.0,0.014932,0.043876,0.3553
A012288,Consumo,Metropolitana,619656,835,0,0,0.0,0.007157,0.017751,0.6084
A014399,Consumo,Otras,812069,840,0,0,0.0,0.006693,0.021414,0.6669
A013061,Automotriz,Metropolitana,412350,950,0,0,0.0,0.001522,0.003545,0.3273
A007864,Tarjeta,Otras,1757738,840,0,3701900,0.4,0.006693,0.017812,0.7655
A001734,Consumo,Otras,747538,830,0,0,0.0,0.007654,0.022059,0.7444
A009109,Consumo,Metropolitana,3733552,862,0,0,0.0,0.00498,0.011789,0.5974
A005974,Automotriz,Metropolitana,1395155,819,0,0,0.0,0.00887,0.019562,0.387
A012162,Consumo,Metropolitana,1117600,939,0,0,0.0,0.001765,0.004129,0.5712
A005789,Automotriz,Biobío,2298660,817,152,0,0.0,0.00911,0.029029,0.4032
A002565,Consumo,Metropolitana,2161854,815,0,0,0.0,0.009358,0.023145,0.6865
A007493,Tarjeta,Metropolitana,3245291,709,341,6379048,0.4,0.038062,0.080764,0.6356
A007260,Tarjeta,Otras,1936645,923,59,3425242,0.4,0.00219,0.005777,0.7381
A002510,Microempresa,Otras,2760648,863,37,1678771,0.4,0.004914,0.016566,0.5043
A013666,Consumo,Biobío,100154,915,0,0,0.0,0.00244,0.005401,0.6039
A014591,Consumo,Metropolitana,1920259,816,0,0,0.0,0.009233,0.027392,0.6898
A014931,Tarjeta,Metropolitana,669992,824,0,413717,0.4,0.008295,0.020817,0.6692
A000092,Microempresa,Metropolitana,806779,887,0,550213,0.4,0.003557,0.011416,0.5875
A011277,Tarjeta,Otras,1384697,768,0,450120,0.4,0.017515,0.055398,0.7558
A009148,Microempresa,Metropolitana,2119423,862,0,1445452,0.4,0.00498,0.013242,0.6111
A000320,Tarjeta,Metropolitana,636611,833,0,245691,0.4,0.007352,0.017826,0.693
A014130,Consumo,Metropolitana,3139002,895,90,0,0.0,0.003194,0.009696,0.6281
A009982,Tarjeta,Metropolitana,2871598,714,0,1930012,0.4,0.035664,0.075344,0.696
A000743,Tarjeta,Valparaíso,6845964,879,200,4083316,0.4,0.003962,0.010349,0.6362
A004068,Microempresa,Biobío,425719,921,0,920778,0.4,0.00225,0.005369,0.4861
A012789,Tarjeta,Biobío,335468,820,0,100769,0.4,0.008752,0.028839,0.8053
A012507,Automotriz,Metropolitana,1277220,774,0,0,0.0,0.016173,0.050558,0.2895
A005030,Automotriz,Valparaíso,4510192,830,71,0,0.0,0.007654,0.018906,0.4049
A013869,Tarjeta,Metropolitana,2001160,912,0,4091320,0.4,0.00254,0.008445,0.6647
A014554,Automotriz,Metropolitana,1236245,950,16,0,0.0,0.001522,0.003441,0.4948
A001164,Tarjeta,Metropolitana,856911,849,0,675973,0.4,0.005931,0.017902,0.6655
A010341,Automotriz,Metropolitana,1868166,839,0,0,0.0,0.006783,0.021454,0.3776
A000901,Consumo,Biobío,3784754,850,0,0,0.0,0.005852,0.012921,0.6259
A011142,Consumo,Metropolitana,3072427,831,0,0,0.0,0.007552,0.02157,0.579
A013539,Automotriz,Biobío,6888857,796,72,0,0.0,0.012064,0.033473,0.4154
A004004,Consumo,Metropolitana,2018482,784,0,0,0.0,0.014158,0.033173,0.6202
A005388,Consumo,Metropolitana,531634,841,0,0,0.0,0.006604,0.018496,0.6572
A001475,Consumo,Valparaíso,509049,835,0,0,0.0,0.007157,0.024132,0.7088
A000672,Microempresa,Otras,2206100,807,0,3943272,0.4,0.010415,0.032201,0.4598
A003097,Automotriz,Metropolitana,2513598,807,69,0,0.0,0.010415,0.024643,0.3524
A014024,Consumo,Metropolitana,931328,920,0,0,0.0,0.00228,0.007259,0.6235
A001018,Tarjeta,Metropolitana,1371494,913,0,2415227,0.4,0.002506,0.006949,0.6865
A011670,Consumo,Valparaíso,1816783,864,0,0,0.0,0.004848,0.010874,0.5901
A006835,Consumo,Otras,2033301,790,26,0,0.0,0.013069,0.039565,0.5607
A002142,Consumo,Metropolitana,240012,795,0,0,0.0,0.012226,0.035306,0.627
A012530,Consumo,Metropolitana,934162,915,49,0,0.0,0.00244,0.00624,0.5243
A007081,Automotriz,Metropolitana,2179988,936,0,0,0.0,0.001838,0.004232,0.4058
A012560,Consumo,Valparaíso,1837296,671,90,0,0.0,0.062023,0.191081,0.5526
A004386,Consumo,Metropolitana,168717,852,0,0,0.0,0.005697,0.01627,0.5067
A010117,Consumo,Metropolitana,279506,807,0,0,0.0,0.010415,0.028517,0.6184
A011422,Consumo,Biobío,2424953,809,0,0,0.0,0.01014,0.031319,0.6057
A012230,Tarjeta,Metropolitana,1819131,828,52,3892443,0.4,0.007862,0.016616,0.7688
A012022,Tarjeta,Metropolitana,2335877,725,0,4624343,0.4,0.03089,0.07525,0.7022
A011296,Automotriz,Metropolitana,2104225,816,0,0,0.0,0.009233,0.028108,0.3395
A007266,Automotriz,Metropolitana,2468124,874,0,0,0.0,0.004238,0.010462,0.3677
A005982,Automotriz,Metropolitana,854678,878,0,0,0.0,0.004016,0.008736,0.3664
A011721,Tarjeta,Metropolitana,3171251,802,0,2471365,0.4,0.011135,0.030882,0.6524
A003890,Tarjeta,Metropolitana,1820950,848,0,832688,0.4,0.006011,0.020272,0.6782
A006317,Consumo,Metropolitana,864629,913,0,0,0.0,0.002506,0.005509,0.5468
A000595,Consumo,Metropolitana,4191785,832,0,0,0.0,0.007451,0.022653,0.7236
A000065,Consumo,Biobío,1074885,776,0,0,0.0,0.015749,0.049614,0.5509
A005532,Consumo,Metropolitana,2406662,775,3,0,0.0,0.015959,0.046777,0.5382
A009081,Automotriz,Valparaíso,300583,781,0,0,0.0,0.014735,0.046334,0.4124
A001157,Consumo,Metropolitana,1039569,937,0,0,0.0,0.001813,0.005223,0.6025
A013348,Consumo,Metropolitana,2111395,678,0,0,0.0,0.056743,0.158431,0.6086
A001017,Consumo,Metropolitana,1097835,868,61,0,0.0,0.004594,0.013224,0.6713
A011353,Automotriz,Valparaíso,763980,838,0,0,0.0,0.006875,0.016783,0.4194
A009030,Tarjeta,Metropolitana,772641,864,0,1033177,0.4,0.004848,0.011768,0.6828
A007367,Consumo,Otras,160836,934,31,0,0.0,0.001888,0.004686,0.6304
A006491,Consumo,Valparaíso,1495306,904,0,0,0.0,0.002829,0.00891,0.5399
A005785,Consumo,Metropolitana,1261529,798,30,0,0.0,0.011746,0.03668,0.5706
A013044,Consumo,Biobío,1962018,799,4,0,0.0,0.01159,0.03527,0.5581
A011160,Consumo,Metropolitana,779930,902,0,0,0.0,0.002907,0.006266,0.6375
A010645,Automotriz,Biobío,9124014,787,116,0,0.0,0.013603,0.030371,0.3933
A013114,Automotriz,Metropolitana,1549630,659,0,0,0.0,0.072155,0.205995,0.3566
A004475,Consumo,Otras,994911,819,0,0,0.0,0.00887,0.029466,0.5917
A012742,Automotriz,Otras,2132756,921,0,0,0.0,0.00225,0.005112,0.3339
A002834,Microempresa,Metropolitana,1160121,887,0,1381495,0.4,0.003557,0.01186,0.598
A007370,Automotriz,Metropolitana,1842949,767,0,0,0.0,0.017749,0.053527,0.4544
A004430,Automotriz,Otras,1372452,950,0,0,0.0,0.001522,0.004878,0.3045
A000275,Microempresa,Otras,762334,872,0,448617,0.4,0.004353,0.012439,0.5628
A013817,Microempresa,Metropolitana,8507898,814,90,11130924,0.4,0.009484,0.022624,0.6138
A009773,Automotriz,Otras,3848666,807,64,0,0.0,0.010415,0.023813,0.3854
A002490,Consumo,Metropolitana,1061786,868,0,0,0.0,0.004594,0.014195,0.6183
A014532,Automotriz,Metropolitana,1069490,792,0,0,0.0,0.012725,0.039382,0.4283
A001832,Automotriz,Metropolitana,1850061,884,0,0,0.0,0.003704,0.011926,0.3771
A006285,Microempresa,Biobío,2243638,918,0,3014085,0.4,0.002343,0.007048,0.6108
A014551,Automotriz,Valparaíso,269403,689,0,0,0.0,0.049291,0.159357,0.3827
A001570,Automotriz,Otras,5149791,808,0,0,0.0,0.010276,0.026572,0.3712
A001803,Automotriz,Metropolitana,1078946,896,0,0,0.0,0.003151,0.007203,0.379
A002985,Tarjeta,Otras,2497816,783,0,1269665,0.4,0.014347,0.042326,0.6668
A010836,Consumo,Metropolitana,2487427,809,0,0,0.0,0.01014,0.023214,0.7204
A012224,Tarjeta,Otras,3580287,699,0,2386092,0.4,0.043331,0.141347,0.8209
A007202,Consumo,Metropolitana,740483,947,82,0,0.0,0.001584,0.004518,0.5502
A007101,Microempresa,Valparaíso,4153007,881,0,8348119,0.4,0.003857,0.011889,0.545
A013742,Consumo,Biobío,3154747,618,144,0,0.0,0.119203,0.363515,0.6558
A005741,Consumo,Metropolitana,1039865,804,0,0,0.0,0.010841,0.025124,0.5928
A011949,Consumo,Otras,383986,925,0,0,0.0,0.002132,0.004831,0.5182
A014198,Consumo,Metropolitana,2066414,913,50,0,0.0,0.002506,0.005401,0.5748
A007428,Automotriz,Biobío,739191,684,0,0,0.0,0.052556,0.118292,0.346
A011609,Tarjeta,Otras,6379234,719,126,2263266,0.4,0.033412,0.079748,0.7365
A005639,Consumo,Metropolitana,3780079,720,0,0,0.0,0.032978,0.107102,0.6197
A000469,Consumo,Metropolitana,819031,813,0,0,0.0,0.009612,0.023681,0.6587
A012947,Automotriz,Valparaíso,534170,898,0,0,0.0,0.003068,0.009348,0.2927
A002939,Consumo,Biobío,2604234,950,0,0,0.0,0.001522,0.004277,0.6562
A006682,Automotriz,Metropolitana,480204,799,0,0,0.0,0.01159,0.029789,0.3697
A010870,Automotriz,Otras,2857563,819,90,0,0.0,0.00887,0.022344,0.3461
A014699,Microempresa,Otras,1371783,805,0,1288530,0.4,0.010697,0.027677,0.5728
A002090,Tarjeta,Metropolitana,815003,806,0,1323593,0.4,0.010555,0.027666,0.6971
A004431,Automotriz,Metropolitana,217762,782,0,0,0.0,0.01454,0.038588,0.4057
A010235,Consumo,Valparaíso,443590,902,0,0,0.0,0.002907,0.008328,0.6172
A010667,Consumo,Biobío,664762,888,0,0,0.0,0.00351,0.0113,0.5895
A011950,Consumo,Otras,1632518,862,0,0,0.0,0.00498,0.012325,0.5284
A006837,Consumo,Valparaíso,857770,909,0,0,0.0,0.002645,0.007398,0.6469
A010628,Automotriz,Otras,327140,915,0,0,0.0,0.00244,0.006427,0.4642
A000241,Consumo,Metropolitana,132797,827,0,0,0.0,0.007968,0.020237,0.6474
A000373,Consumo,Valparaíso,6539674,932,0,0,0.0,0.00194,0.005177,0.6311
A010018,Tarjeta,Biobío,656942,950,0,1349110,0.4,0.001522,0.003797,0.8354
A006390,Tarjeta,Metropolitana,1439764,845,0,1758706,0.4,0.006258,0.014059,0.7768
A011613,Consumo,Valparaíso,4280854,781,0,0,0.0,0.014735,0.049863,0.6082
A014572,Automotriz,Metropolitana,803892,906,0,0,0.0,0.002754,0.009349,0.3873
A000564,Consumo,Metropolitana,2917624,567,0,0,0.0,0.212351,0.65404,0.6039
A003246,Consumo,Otras,2609410,837,0,0,0.0,0.006968,0.016204,0.5795
A010333,Consumo,Metropolitana,876240,896,0,0,0.0,0.003151,0.0104,0.5929
A002672,Consumo,Metropolitana,149755,939,0,0,0.0,0.001765,0.003781,0.5473
A003957,Automotriz,Otras,874795,800,135,0,0.0,0.011436,0.026103,0.3118
A009284,Tarjeta,Otras,2000006,824,0,3714016,0.4,0.008295,0.018826,0.7653
A005468,Automotriz,Biobío,972912,762,90,0,0.0,0.018966,0.054128,0.31
A003708,Consumo,Metropolitana,1932023,891,69,0,0.0,0.003371,0.01059,0.6891
A007803,Tarjeta,Metropolitana,815991,950,0,829850,0.4,0.001522,0.004566,0.7291
A003513,Automotriz,Valparaíso,199139,895,0,0,0.0,0.003194,0.008726,0.3645
A002422,Automotriz,Valparaíso,2548206,920,0,0,0.0,0.00228,0.005633,0.3241
A010918,Automotriz,Metropolitana,253062,895,0,0,0.0,0.003194,0.007677,0.3603
A012762,Tarjeta,Otras,5467743,823,0,7689169,0.4,0.008407,0.028529,0.7963
A011103,Consumo,Biobío,3175272,725,90,0,0.0,0.03089,0.08392,0.5791
A007573,Consumo,Metropolitana,1016658,831,0,0,0.0,0.007552,0.024834,0.6368
A012186,Consumo,Valparaíso,182538,812,0,0,0.0,0.009741,0.031905,0.5983
A007773,Consumo,Otras,769852,899,0,0,0.0,0.003027,0.006592,0.5612
A005961,Tarjeta,Biobío,4930204,947,0,3498666,0.4,0.001584,0.004723,0.6232
A012379,Consumo,Metropolitana,609829,839,0,0,0.0,0.006783,0.017005,0.5903
A005089,Consumo,Valparaíso,2311923,789,0,0,0.0,0.013245,0.03741,0.5325
A007970,Consumo,Metropolitana,1417382,893,0,0,0.0,0.003281,0.008462,0.5653
A013582,Consumo,Otras,3362928,849,0,0,0.0,0.005931,0.015307,0.5229
A011170,Consumo,Metropolitana,576263,868,0,0,0.0,0.004594,0.011857,0.6276
A012050,Consumo,Metropolitana,1750028,802,0,0,0.0,0.011135,0.029333,0.6331
A007183,Microempresa,Metropolitana,2868072,828,223,2662419,0.4,0.007862,0.019171,0.6248
A000635,Consumo,Biobío,1991139,876,0,0,0.0,0.004125,0.010943,0.6329
A009966,Consumo,Metropolitana,4180056,716,0,0,0.0,0.034746,0.073747,0.6507
A001960,Tarjeta,Biobío,322172,759,83,694595,0.4,0.019735,0.051923,0.7317
A006498,Consumo,Metropolitana,4436131,761,0,0,0.0,0.019219,0.046226,0.5621
A005172,Consumo,Otras,1419534,950,71,0,0.0,0.001522,0.004859,0.6168
A003902,Automotriz,Metropolitana,1964096,596,456,0,0.0,0.154113,0.386363,0.3972
A000977,Tarjeta,Metropolitana,2144987,688,0,1401086,0.4,0.049928,0.145942,0.6977
A001030,Tarjeta,Metropolitana,3131368,780,0,3125086,0.4,0.014932,0.040871,0.5915
A010255,Automotriz,Biobío,4766515,950,0,0,0.0,0.001522,0.004721,0.3295
A004597,Consumo,Valparaíso,460309,950,0,0,0.0,0.001522,0.003522,0.701
A001441,Tarjeta,Metropolitana,2678731,718,0,4727164,0.4,0.033851,0.094464,0.7366
A012822,Consumo,Biobío,484226,928,0,0,0.0,0.002047,0.00613,0.7216
A002246,Consumo,Biobío,1040455,889,0,0,0.0,0.003463,0.011021,0.525
A008144,Tarjeta,Otras,5149329,779,0,11222695,0.4,0.015132,0.037478,0.563
A010400,Tarjeta,Otras,386589,861,0,520476,0.4,0.005048,0.015336,0.7039
A006237,Consumo,Otras,855813,829,0,0,0.0,0.007757,0.021011,0.593
A000928,Tarjeta,Biobío,442777,859,66,579963,0.4,0.005185,0.016488,0.7197
A000481,Tarjeta,Biobío,827217,830,0,288574,0.4,0.007654,0.016654,0.6476
A007835,Consumo,Otras,3929136,787,0,0,0.0,0.013603,0.046201,0.6298
A011671,Consumo,Valparaíso,938908,853,0,0,0.0,0.005621,0.015545,0.7511
A012302,Consumo,Valparaíso,2666250,812,0,0,0.0,0.009741,0.026437,0.5627
A000874,Tarjeta,Otras,3920512,930,0,4634408,0.4,0.001993,0.005014,0.7843
A012732,Microempresa,Metropolitana,4532906,950,0,2045586,0.4,0.001522,0.005161,0.4891
A013064,Microempresa,Metropolitana,2316427,812,0,2180003,0.4,0.009741,0.02634,0.5373
A001246,Automotriz,Metropolitana,3538392,829,0,0,0.0,0.007757,0.017521,0.3584
A014806,Tarjeta,Metropolitana,1340943,827,0,579762,0.4,0.007968,0.023708,0.7477
A010459,Consumo,Metropolitana,4202887,917,0,0,0.0,0.002375,0.005904,0.5786
A014666,Consumo,Metropolitana,1073691,894,63,0,0.0,0.003237,0.010244,0.6401
A002687,Microempresa,Biobío,5333558,837,0,6539612,0.4,0.006968,0.020674,0.4994
A013159,Automotriz,Valparaíso,1054681,814,23,0,0.0,0.009484,0.030252,0.4828
A003139,Consumo,Otras,1202717,934,0,0,0.0,0.001888,0.005332,0.6589
A002557,Tarjeta,Metropolitana,2599620,786,0,916399,0.4,0.013785,0.044368,0.6623
A000411,Microempresa,Biobío,2594065,913,0,5529813,0.4,0.002506,0.007474,0.493
A014237,Automotriz,Valparaíso,1811376,845,0,0,0.0,0.006258,0.018722,0.3632
A006034,Consumo,Metropolitana,628396,748,0,0,0.0,0.022826,0.051213,0.6624
A013627,Consumo,Metropolitana,792755,818,0,0,0.0,0.008989,0.029601,0.6178
A003896,Consumo,Metropolitana,1749353,848,0,0,0.0,0.006011,0.019855,0.7408
A011542,Tarjeta,Metropolitana,852361,723,0,1778688,0.4,0.031709,0.079476,0.7927
A007862,Automotriz,Metropolitana,7245129,810,25,0,0.0,0.010005,0.029702,0.338
A001244,Tarjeta,Metropolitana,813518,844,0,1231273,0.4,0.006343,0.016674,0.7117
A004618,Tarjeta,Metropolitana,1019796,816,30,1518848,0.4,0.009233,0.024694,0.7129
A013917,Tarjeta,Metropolitana,1520854,736,23,1749773,0.4,0.026737,0.088978,0.7624
A001067,Consumo,Metropolitana,3313668,936,0,0,0.0,0.001838,0.004752,0.6004
A001277,Consumo,Metropolitana,2218399,746,0,0,0.0,0.023437,0.070201,0.6351
A003058,Automotriz,Otras,5239630,846,0,0,0.0,0.006175,0.020339,0.4024
A003122,Automotriz,Metropolitana,4530673,841,0,0,0.0,0.006604,0.015774,0.3752
A007316,Tarjeta,Otras,479147,733,0,403010,0.4,0.027813,0.060462,0.6561
A008777,Consumo,Metropolitana,3235706,950,0,0,0.0,0.001522,0.003911,0.669
A003493,Tarjeta,Metropolitana,244787,798,0,143371,0.4,0.011746,0.030185,0.7792
A012099,Consumo,Metropolitana,1048317,888,0,0,0.0,0.00351,0.010294,0.668
A008311,Tarjeta,Metropolitana,1452158,742,0,3053479,0.4,0.024706,0.079284,0.7172
A001250,Tarjeta,Otras,1275325,878,0,2477564,0.4,0.004016,0.012597,0.6987
A006095,Tarjeta,Otras,1625684,777,0,607390,0.4,0.01554,0.052001,0.6984
A003752,Consumo,Metropolitana,491494,932,0,0,0.0,0.00194,0.005894,0.5412
A004142,Consumo,Metropolitana,532923,781,0,0,0.0,0.014735,0.036899,0.6201
A013409,Tarjeta,Metropolitana,3403065,878,0,3679865,0.4,0.004016,0.012051,0.6985
A009469,Consumo,Metropolitana,399467,923,0,0,0.0,0.00219,0.007027,0.6436
A009741,Consumo,Metropolitana,2281177,837,192,0,0.0,0.006968,0.022423,0.589
A013486,Tarjeta,Metropolitana,742666,797,0,1209386,0.4,0.011904,0.0289,0.6682
A010605,Consumo,Metropolitana,2564017,903,0,0,0.0,0.002868,0.008929,0.699
A007284,Automotriz,Metropolitana,703710,890,96,0,0.0,0.003417,0.010515,0.3613
A000678,Automotriz,Otras,4044387,936,0,0,0.0,0.001838,0.005145,0.3786
A003821,Tarjeta,Otras,387047,878,0,487372,0.4,0.004016,0.009288,0.6592
A005889,Tarjeta,Valparaíso,873242,797,31,1718746,0.4,0.011904,0.030728,0.7038
A003740,Consumo,Metropolitana,3035348,733,0,0,0.0,0.027813,0.064143,0.6418
A007956,Tarjeta,Metropolitana,2769251,950,0,2411040,0.4,0.001522,0.003707,0.7878
A008465,Tarjeta,Metropolitana,1758023,768,0,3554480,0.4,0.017515,0.04517,0.6764
A003027,Consumo,Otras,2140352,832,15,0,0.0,0.007451,0.016247,0.6017
A000454,Tarjeta,Metropolitana,1557401,895,2,2555789,0.4,0.003194,0.007685,0.7225
A005362,Consumo,Biobío,1716464,875,0,0,0.0,0.004181,0.01126,0.6455
A003955,Tarjeta,Metropolitana,1030729,849,0,694274,0.4,0.005931,0.01537,0.7315
A000540,Consumo,Metropolitana,1091333,802,0,0,0.0,0.011135,0.031603,0.6166
A013702,Consumo,Biobío,476158,839,0,0,0.0,0.006783,0.014343,0.539
A010882,Consumo,Metropolitana,1560421,768,0,0,0.0,0.017515,0.047876,0.5873
A013460,Microempresa,Biobío,2115332,864,0,2156001,0.4,0.004848,0.01142,0.5802
A000294,Automotriz,Valparaíso,5559608,813,0,0,0.0,0.009612,0.029013,0.3723
A014834,Consumo,Metropolitana,611252,776,0,0,0.0,0.015749,0.036565,0.6499
A001181,Consumo,Metropolitana,789824,796,49,0,0.0,0.012064,0.036092,0.5819
A010067,Consumo,Otras,290646,777,0,0,0.0,0.01554,0.043986,0.6552
A008147,Consumo,Valparaíso,1872787,793,0,0,0.0,0.012557,0.035349,0.6165
A004338,Microempresa,Biobío,2254898,780,0,3748016,0.4,0.014932,0.032143,0.5987
A002377,Consumo,Biobío,2268442,690,53,0,0.0,0.048662,0.108495,0.5355
A000676,Microempresa,Otras,2633249,830,18,1692606,0.4,0.007654,0.016759,0.541
A000716,Consumo,Metropolitana,2099367,865,0,0,0.0,0.004783,0.012788,0.6098
A005619,Automotriz,Otras,513157,884,0,0,0.0,0.003704,0.012032,0.4229
A007547,Consumo,Otras,6166977,848,0,0,0.0,0.006011,0.019576,0.6055
A004818,Consumo,Metropolitana,381479,887,0,0,0.0,0.003557,0.010049,0.709
A008516,Consumo,Metropolitana,1315559,895,0,0,0.0,0.003194,0.008263,0.6283
A011835,Consumo,Metropolitana,5125919,950,0,0,0.0,0.001522,0.004823,0.6318
A004036,Consumo,Metropolitana,1147530,814,0,0,0.0,0.009484,0.020939,0.5586
A009995,Automotriz,Metropolitana,792886,908,27,0,0.0,0.002681,0.005846,0.3066
A011680,Consumo,Otras,1426151,868,0,0,0.0,0.004594,0.009873,0.6426
A002802,Consumo,Metropolitana,271732,777,0,0,0.0,0.01554,0.036909,0.5546
A012369,Consumo,Metropolitana,1042623,902,0,0,0.0,0.002907,0.006327,0.5854
A008694,Consumo,Metropolitana,442540,818,0,0,0.0,0.008989,0.019903,0.5686
A012400,Tarjeta,Metropolitana,727168,832,0,1260304,0.4,0.007451,0.021507,0.7912
A014742,Tarjeta,Otras,1849144,820,0,2353606,0.4,0.008752,0.027984,0.7146
A002455,Consumo,Metropolitana,1456540,906,0,0,0.0,0.002754,0.009179,0.679
A006523,Consumo,Valparaíso,481312,909,0,0,0.0,0.002645,0.008424,0.6382
A012063,Consumo,Valparaíso,1317446,892,0,0,0.0,0.003326,0.008645,0.6755
A009655,Tarjeta,Metropolitana,1497706,828,0,2642647,0.4,0.007862,0.02478,0.8109
A006672,Consumo,Otras,1837840,719,0,0,0.0,0.033412,0.084646,0.6656
A010868,Automotriz,Metropolitana,4337754,830,0,0,0.0,0.007654,0.021259,0.4436
A001192,Consumo,Metropolitana,786560,789,0,0,0.0,0.013245,0.043717,0.6111
A007285,Microempresa,Otras,2394499,841,0,1949111,0.4,0.006604,0.01945,0.5238
A005032,Consumo,Otras,2100645,868,64,0,0.0,0.004594,0.014128,0.6095
A012242,Tarjeta,Biobío,4891963,705,19,3240105,0.4,0.040091,0.092892,0.7415
A003380,Consumo,Valparaíso,367221,871,0,0,0.0,0.004412,0.014545,0.6133
A013729,Consumo,Otras,1260354,805,0,0,0.0,0.010697,0.031577,0.6083
A003717,Consumo,Metropolitana,5321917,777,229,0,0.0,0.01554,0.033124,0.5739
A000068,Consumo,Otras,2777899,885,0,0,0.0,0.003655,0.009702,0.5808
A011948,Automotriz,Metropolitana,1608243,756,105,0,0.0,0.020535,0.052785,0.2839
A002231,Tarjeta,Otras,2414561,868,230,1588006,0.4,0.004594,0.012549,0.7429
A013712,Tarjeta,Otras,2323257,850,0,1150543,0.4,0.005852,0.016572,0.6801
A002038,Consumo,Metropolitana,3047447,829,2,0,0.0,0.007757,0.017953,0.6691
A003690,Tarjeta,Metropolitana,4897821,798,0,6881844,0.4,0.011746,0.035945,0.6886
A001969,Tarjeta,Otras,443197,821,81,151727,0.4,0.008635,0.027543,0.6308
A002608,Consumo,Metropolitana,10080546,824,0,0,0.0,0.008295,0.018685,0.6395
A002804,Consumo,Metropolitana,2972624,814,0,0,0.0,0.009484,0.022509,0.5537
A002057,Consumo,Otras,2162155,950,17,0,0.0,0.001522,0.005021,0.6185
A012716,Consumo,Otras,1122068,741,0,0,0.0,0.025034,0.052651,0.6592
A009620,Tarjeta,Metropolitana,916096,837,0,1249341,0.4,0.006968,0.021786,0.7153
A006119,Consumo,Metropolitana,2304800,816,0,0,0.0,0.009233,0.025942,0.6692
A001750,Microempresa,Otras,470195,744,0,411882,0.4,0.024063,0.051339,0.5411
A009975,Consumo,Otras,1038598,811,0,0,0.0,0.009872,0.024729,0.6499
A007579,Consumo,Metropolitana,5769248,799,0,0,0.0,0.01159,0.03443,0.5518
A004783,Consumo,Otras,641427,740,0,0,0.0,0.025366,0.069081,0.6322
A013520,Automotriz,Valparaíso,1657037,904,0,0,0.0,0.002829,0.00633,0.3925
A010037,Microempresa,Otras,3610133,804,0,3242344,0.4,0.010841,0.028069,0.6692
A012871,Consumo,Metropolitana,3896615,908,0,0,0.0,0.002681,0.006074,0.6724
A011618,Consumo,Metropolitana,1346110,761,0,0,0.0,0.019219,0.057871,0.7312
A004332,Consumo,Otras,4800353,748,0,0,0.0,0.022826,0.06807,0.5822
A011644,Tarjeta,Valparaíso,1259420,801,0,644042,0.4,0.011285,0.033123,0.6917
A014236,Microempresa,Metropolitana,864780,915,6,1063582,0.4,0.00244,0.006136,0.5882
A000943,Tarjeta,Metropolitana,2388941,820,0,4467811,0.4,0.008752,0.019598,0.702
A013260,Microempresa,Biobío,2031933,855,0,3929083,0.4,0.005472,0.018128,0.556
A007612,Automotriz,Metropolitana,1379428,711,0,0,0.0,0.037085,0.084635,0.45
A013080,Tarjeta,Valparaíso,344034,916,0,544435,0.4,0.002407,0.00797,0.6735
A000423,Consumo,Metropolitana,2220765,615,136,0,0.0,0.123526,0.357126,0.602
A000707,Consumo,Metropolitana,864603,856,0,0,0.0,0.005399,0.017713,0.6236
A010061,Consumo,Valparaíso,1054335,806,0,0,0.0,0.010555,0.028581,0.7107
A014547,Consumo,Otras,1486237,836,0,0,0.0,0.007062,0.016082,0.6203
A000606,Consumo,Otras,2915598,829,0,0,0.0,0.007757,0.017013,0.5927
A005756,Consumo,Otras,274317,897,0,0,0.0,0.003109,0.010461,0.635
A007899,Microempresa,Metropolitana,1016784,860,0,464826,0.4,0.005116,0.016365,0.4876
A014260,Automotriz,Otras,949493,913,0,0,0.0,0.002506,0.008101,0.3844
A013227,Consumo,Biobío,469161,883,0,0,0.0,0.003754,0.008457,0.6351
A008326,Consumo,Valparaíso,251727,798,0,0,0.0,0.011746,0.037934,0.6561
A002362,Tarjeta,Otras,1115214,795,51,916675,0.4,0.012226,0.025878,0.6821
A007935,Tarjeta,Metropolitana,2082407,691,0,2739680,0.4,0.04804,0.141632,0.7214
A001388,Tarjeta,Otras,1501970,934,0,1855116,0.4,0.001888,0.006188,0.6325
A011809,Tarjeta,Metropolitana,2964926,744,0,5427227,0.4,0.024063,0.070067,0.7163
A001617,Consumo,Valparaíso,849007,865,0,0,0.0,0.004783,0.015138,0.7299
A007072,Automotriz,Valparaíso,456301,769,0,0,0.0,0.017284,0.045754,0.315
A008599,Consumo,Otras,343686,887,0,0,0.0,0.003557,0.008387,0.6074
A002118,Consumo,Metropolitana,120962,877,0,0,0.0,0.00407,0.008864,0.664
A009295,Consumo,Metropolitana,1764570,940,0,0,0.0,0.001741,0.004635,0.5781
A004681,Consumo,Otras,1764935,606,189,0,0.0,0.137307,0.308367,0.6966
A007140,Consumo,Biobío,376250,827,0,0,0.0,0.007968,0.026136,0.6874
A008436,Automotriz,Otras,531345,752,0,0,0.0,0.021651,0.06009,0.4268
A013727,Microempresa,Metropolitana,3218665,903,0,4526914,0.4,0.002868,0.008159,0.5019
A006347,Automotriz,Metropolitana,4078193,891,133,0,0.0,0.003371,0.00845,0.3484
A005780,Consumo,Metropolitana,4566264,773,148,0,0.0,0.016389,0.035087,0.6005
A000936,Automotriz,Valparaíso,672692,764,0,0,0.0,0.01847,0.04021,0.3955
A010848,Consumo,Metropolitana,1565851,809,58,0,0.0,0.01014,0.028851,0.6101
A005101,Consumo,Metropolitana,1411976,859,0,0,0.0,0.005185,0.015329,0.5464
A014334,Tarjeta,Otras,440497,836,52,582745,0.4,0.007062,0.020425,0.7024
A009210,Consumo,Biobío,2065387,908,0,0,0.0,0.002681,0.007259,0.6967
A003687,Consumo,Metropolitana,2453958,677,0,0,0.0,0.05747,0.186509,0.6019
A005027,Consumo,Valparaíso,4286637,939,0,0,0.0,0.001765,0.005844,0.6266
A007563,Microempresa,Metropolitana,1596950,924,0,2188031,0.4,0.002161,0.004589,0.5921
A000931,Automotriz,Metropolitana,1206611,791,0,0,0.0,0.012896,0.043793,0.42
A005979,Consumo,Metropolitana,1665123,950,0,0,0.0,0.001522,0.005124,0.6259
A001463,Microempresa,Metropolitana,1175745,840,49,1854804,0.4,0.006693,0.017867,0.5308
A001367,Consumo,Otras,745868,898,0,0,0.0,0.003068,0.008836,0.5876
A008633,Automotriz,Otras,2589844,843,0,0,0.0,0.006429,0.018614,0.3754
A012311,Consumo,Metropolitana,450215,806,0,0,0.0,0.010555,0.026829,0.6224
A014073,Consumo,Otras,1560353,769,0,0,0.0,0.017284,0.039476,0.5464
A004255,Tarjeta,Biobío,4275231,720,0,1749557,0.4,0.032978,0.092522,0.7532
A012026,Automotriz,Valparaíso,1243107,815,0,0,0.0,0.009358,0.031493,0.3275
A004092,Consumo,Metropolitana,7314166,878,0,0,0.0,0.004016,0.010417,0.6788
A005327,Microempresa,Otras,858595,887,0,406892,0.4,0.003557,0.008347,0.5279
A011749,Consumo,Biobío,1249317,877,190,0,0.0,0.00407,0.012385,0.619
A002147,Automotriz,Metropolitana,281772,842,0,0,0.0,0.006516,0.020188,0.3615
A012606,Consumo,Otras,1395847,774,0,0,0.0,0.016173,0.046674,0.6368
A011575,Consumo,Metropolitana,447191,880,41,0,0.0,0.003909,0.010169,0.6033
A010696,Automotriz,Metropolitana,1669486,886,0,0,0.0,0.003606,0.011578,0.4168
A004599,Consumo,Metropolitana,640825,821,0,0,0.0,0.008635,0.028673,0.5493
A006600,Microempresa,Otras,1653676,864,61,3441974,0.4,0.004848,0.012937,0.6332
A009936,Consumo,Valparaíso,2598066,869,0,0,0.0,0.004533,0.014887,0.6399
A005181,Tarjeta,Metropolitana,3342605,715,58,7070630,0.4,0.035202,0.116464,0.7163
A006451,Consumo,Metropolitana,605794,774,0,0,0.0,0.016173,0.045332,0.6918
A005898,Tarjeta,Biobío,676323,790,0,1338253,0.4,0.013069,0.04086,0.7298
A014201,Consumo,Otras,1822116,752,0,0,0.0,0.021651,0.072806,0.5914
A000656,Consumo,Metropolitana,1817150,798,0,0,0.0,0.011746,0.025319,0.6678
A010489,Consumo,Valparaíso,737596,945,0,0,0.0,0.001628,0.003696,0.7543
A011136,Tarjeta,Valparaíso,291991,886,0,305892,0.4,0.003606,0.007916,0.7171
A004960,Tarjeta,Otras,1234469,737,0,1445376,0.4,0.026388,0.081964,0.7321
A000253,Consumo,Metropolitana,1389316,839,0,0,0.0,0.006783,0.021387,0.608
A005088,Automotriz,Metropolitana,1468710,846,0,0,0.0,0.006175,0.014576,0.4281
A013928,Automotriz,Biobío,3152272,751,0,0,0.0,0.021939,0.074236,0.4522
A008201,Consumo,Otras,2069840,897,0,0,0.0,0.003109,0.007011,0.6005
A006400,Consumo,Metropolitana,3083031,890,0,0,0.0,0.003417,0.011451,0.6121
A005144,Tarjeta,Otras,1563384,754,0,2025438,0.4,0.021086,0.054403,0.7065
A006088,Tarjeta,Metropolitana,944964,923,0,1733656,0.4,0.00219,0.007133,0.6949
A010492,Tarjeta,Otras,1687963,850,0,2825723,0.4,0.005852,0.012945,0.7073
A011739,Automotriz,Valparaíso,1682904,871,0,0,0.0,0.004412,0.011555,0.3455
A014190,Consumo,Metropolitana,382982,713,0,0,0.0,0.036132,0.118159,0.5889
A007983,Consumo,Metropolitana,1054601,819,102,0,0.0,0.00887,0.024108,0.6048
A005861,Automotriz,Metropolitana,4364960,780,0,0,0.0,0.014932,0.034586,0.4123
A004370,Microempresa,Otras,3341939,805,0,1559132,0.4,0.010697,0.027982,0.5359
A003813,Consumo,Metropolitana,3704576,862,0,0,0.0,0.00498,0.015673,0.6038
A011451,Microempresa,Metropolitana,441673,898,0,546303,0.4,0.003068,0.008565,0.6046
A010734,Automotriz,Biobío,6324211,723,0,0,0.0,0.031709,0.076553,0.3438
A012144,Consumo,Metropolitana,636818,821,0,0,0.0,0.008635,0.023568,0.5727
A011211,Tarjeta,Metropolitana,3881923,861,0,4314824,0.4,0.005048,0.015334,0.7086
A002974,Automotriz,Metropolitana,1759164,846,72,0,0.0,0.006175,0.020007,0.3527
A013413,Consumo,Biobío,437809,890,0,0,0.0,0.003417,0.009147,0.6323
A013168,Automotriz,Valparaíso,3375746,950,0,0,0.0,0.001522,0.003318,0.3761
A012696,Tarjeta,Metropolitana,304080,875,0,576366,0.4,0.004181,0.010787,0.6514
A012298,Consumo,Metropolitana,3142526,821,0,0,0.0,0.008635,0.019264,0.6055
A009563,Consumo,Otras,1079500,917,0,0,0.0,0.002375,0.00682,0.6266
A005373,Consumo,Metropolitana,5964645,836,62,0,0.0,0.007062,0.020103,0.5488
A007570,Consumo,Biobío,1872935,897,0,0,0.0,0.003109,0.00973,0.6995
A011311,Automotriz,Valparaíso,2154571,870,0,0,0.0,0.004472,0.014312,0.3051
A011656,Tarjeta,Valparaíso,904613,887,0,433566,0.4,0.003557,0.0089,0.6709
A001411,Automotriz,Metropolitana,2028062,765,0,0,0.0,0.018226,0.042906,0.3654
A008949,Tarjeta,Otras,1095567,579,0,685788,0.4,0.186491,0.534646,0.7296
A008208,Consumo,Otras,335384,819,0,0,0.0,0.00887,0.020685,0.5901
A000380,Consumo,Otras,753165,840,0,0,0.0,0.006693,0.017755,0.6207
A005574,Tarjeta,Biobío,378388,839,0,396081,0.4,0.006783,0.018177,0.7077
A010190,Consumo,Biobío,616156,880,0,0,0.0,0.003909,0.009695,0.604
A011323,Automotriz,Otras,3195949,950,0,0,0.0,0.001522,0.004752,0.3138
A003908,Tarjeta,Metropolitana,835878,781,0,400142,0.4,0.014735,0.037745,0.678
A013843,Automotriz,Biobío,3261405,605,182,0,0.0,0.138916,0.440214,0.3339
A011084,Consumo,Metropolitana,3112770,950,0,0,0.0,0.001522,0.003294,0.5507
A012582,Automotriz,Metropolitana,1119642,857,0,0,0.0,0.005326,0.012108,0.3028
A014412,Microempresa,Otras,1828615,860,0,3784106,0.4,0.005116,0.017066,0.6579
A012581,Tarjeta,Biobío,919241,812,0,628633,0.4,0.009741,0.020741,0.7664
A001737,Consumo,Otras,408817,796,0,0,0.0,0.012064,0.027923,0.6315
A001491,Automotriz,Otras,1642280,761,0,0,0.0,0.019219,0.064038,0.4664
A012659,Tarjeta,Valparaíso,5561910,931,0,6653887,0.4,0.001966,0.00585,0.7428
A014426,Consumo,Metropolitana,1130864,864,0,0,0.0,0.004848,0.013543,0.5791
A005958,Microempresa,Otras,687951,860,0,825046,0.4,0.005116,0.013356,0.5245
A013536,Tarjeta,Metropolitana,599987,860,0,1151477,0.4,0.005116,0.015237,0.7102
A011165,Consumo,Metropolitana,568921,882,60,0,0.0,0.003805,0.008265,0.6483
A005186,Consumo,Valparaíso,1533120,719,90,0,0.0,0.033412,0.077461,0.5834
A011911,Tarjeta,Metropolitana,374157,757,0,409814,0.4,0.020265,0.063446,0.7489
A004428,Automotriz,Valparaíso,1351715,759,0,0,0.0,0.019735,0.062122,0.4477
A002221,Consumo,Metropolitana,579122,795,0,0,0.0,0.012226,0.04015,0.6255
A000948,Consumo,Biobío,556146,801,0,0,0.0,0.011285,0.031564,0.6196
A000851,Consumo,Valparaíso,1195077,730,0,0,0.0,0.02893,0.072848,0.6996
A009391,Consumo,Otras,438339,782,0,0,0.0,0.01454,0.03344,0.6162
A007831,Tarjeta,Biobío,1251928,806,0,830072,0.4,0.010555,0.029993,0.73
A014309,Consumo,Metropolitana,1176324,867,0,0,0.0,0.004656,0.014952,0.7067
A000323,Microempresa,Metropolitana,2968796,816,0,5261708,0.4,0.009233,0.027354,0.5402
A014660,Microempresa,Metropolitana,290386,805,0,540951,0.4,0.010697,0.03347,0.5553
A014961,Consumo,Valparaíso,1263184,790,0,0,0.0,0.013069,0.043833,0.6104
A004977,Automotriz,Biobío,3178251,788,0,0,0.0,0.013423,0.037839,0.4744
A001138,Consumo,Metropolitana,773266,832,83,0,0.0,0.007451,0.019884,0.5517
A014269,Consumo,Metropolitana,517733,903,0,0,0.0,0.002868,0.009515,0.6431
A011156,Consumo,Metropolitana,1012878,833,0,0,0.0,0.007352,0.020857,0.633
A012092,Automotriz,Otras,572303,923,0,0,0.0,0.00219,0.005373,0.377
A006717,Consumo,Metropolitana,1461340,827,0,0,0.0,0.007968,0.021047,0.6277
A012039,Automotriz,Metropolitana,1937893,739,0,0,0.0,0.025702,0.065855,0.318
A010613,Consumo,Valparaíso,5177099,783,0,0,0.0,0.014347,0.035257,0.5896
A001837,Consumo,Biobío,513782,835,0,0,0.0,0.007157,0.016177,0.7179
A007494,Tarjeta,Otras,1372555,767,0,565024,0.4,0.017749,0.056978,0.5895
A011108,Consumo,Metropolitana,1139286,794,0,0,0.0,0.01239,0.028183,0.6026
A013181,Consumo,Valparaíso,2929804,832,0,0,0.0,0.007451,0.019122,0.6824
A012238,Microempresa,Metropolitana,1829576,765,24,2096801,0.4,0.018226,0.059133,0.5586
A003195,Tarjeta,Otras,3678361,926,0,1967170,0.4,0.002103,0.006585,0.7364
A007673,Consumo,Valparaíso,254767,860,0,0,0.0,0.005116,0.01655,0.5902
A012466,Automotriz,Metropolitana,3816915,777,154,0,0.0,0.01554,0.032867,0.3548
A014125,Consumo,Metropolitana,888518,913,35,0,0.0,0.002506,0.008261,0.5813
A014492,Microempresa,Metropolitana,883054,822,60,756259,0.4,0.00852,0.018911,0.6019
A003132,Consumo,Metropolitana,1138910,761,0,0,0.0,0.019219,0.061926,0.656
A009411,Consumo,Otras,928050,799,42,0,0.0,0.01159,0.035208,0.5426
A000175,Automotriz,Metropolitana,1477660,950,0,0,0.0,0.001522,0.003423,0.3787
A001597,Microempresa,Metropolitana,754616,947,0,605368,0.4,0.001584,0.003637,0.465
A003236,Automotriz,Metropolitana,519781,883,0,0,0.0,0.003754,0.008234,0.3813
A012823,Consumo,Valparaíso,429684,943,0,0,0.0,0.001672,0.00397,0.6693
A006685,Consumo,Metropolitana,794469,950,0,0,0.0,0.001522,0.003473,0.6635
A013028,Consumo,Biobío,2054716,902,0,0,0.0,0.002907,0.008581,0.6696
A005013,Automotriz,Valparaíso,728856,734,0,0,0.0,0.02745,0.07414,0.3931
A001108,Consumo,Biobío,187327,905,0,0,0.0,0.002792,0.007286,0.6762
A005022,Tarjeta,Metropolitana,2194612,809,119,3288746,0.4,0.01014,0.024953,0.6027
A013700,Tarjeta,Biobío,1646250,795,0,2793607,0.4,0.012226,0.027892,0.6694
A003408,Consumo,Valparaíso,2728491,834,0,0,0.0,0.007254,0.018994,0.58
A006693,Consumo,Metropolitana,209582,950,41,0,0.0,0.001522,0.003337,0.7374
A003186,Consumo,Metropolitana,5587376,724,0,0,0.0,0.031297,0.080651,0.6234
A009607,Tarjeta,Otras,1090530,866,0,847223,0.4,0.004719,0.014892,0.6879
A009190,Consumo,Metropolitana,1038968,820,0,0,0.0,0.008752,0.02831,0.6374
A006739,Microempresa,Metropolitana,1143726,824,0,2215973,0.4,0.008295,0.018813,0.5077
A011899,Consumo,Valparaíso,1902753,822,90,0,0.0,0.00852,0.025676,0.6845
A014473,Automotriz,Metropolitana,583061,950,0,0,0.0,0.001522,0.003768,0.4466
A011666,Tarjeta,Metropolitana,4559046,798,1,8686071,0.4,0.011746,0.03208,0.6524
A012027,Consumo,Biobío,1174527,802,19,0,0.0,0.011135,0.036693,0.625
A007019,Consumo,Metropolitana,4137443,817,22,0,0.0,0.00911,0.026073,0.5137
A008963,Tarjeta,Metropolitana,365960,879,0,176879,0.4,0.003962,0.012338,0.7317
A002301,Tarjeta,Otras,446973,831,84,885732,0.4,0.007552,0.024266,0.7369
A008662,Tarjeta,Metropolitana,378854,840,0,711711,0.4,0.006693,0.018061,0.8274
A010261,Consumo,Valparaíso,1014306,816,0,0,0.0,0.009233,0.02779,0.6483
A004282,Tarjeta,Metropolitana,1570842,705,0,2542656,0.4,0.040091,0.097405,0.6936
A004013,Automotriz,Otras,2884569,834,0,0,0.0,0.007254,0.017841,0.4005
A014210,Consumo,Valparaíso,266624,830,0,0,0.0,0.007654,0.024888,0.6036
A012643,Tarjeta,Biobío,4888072,801,0,7878435,0.4,0.011285,0.027526,0.7133
A007112,Consumo,Biobío,1947249,859,0,0,0.0,0.005185,0.017368,0.6122
A004254,Tarjeta,Metropolitana,1153704,853,0,952502,0.4,0.005621,0.014517,0.7415
A000307,Consumo,Metropolitana,916522,697,0,0,0.0,0.044465,0.095653,0.5936
A003599,Consumo,Metropolitana,973282,834,0,0,0.0,0.007254,0.024478,0.6515
A013636,Tarjeta,Otras,1253325,669,0,466490,0.4,0.063614,0.144543,0.7427
A007213,Consumo,Metropolitana,1471194,909,0,0,0.0,0.002645,0.008325,0.6051
A009069,Automotriz,Biobío,440000,903,0,0,0.0,0.002868,0.006758,0.3615
A003179,Consumo,Metropolitana,2043459,828,71,0,0.0,0.007862,0.022267,0.6014
A003119,Automotriz,Otras,218660,876,0,0,0.0,0.004125,0.013358,0.3009
A002859,Microempresa,Biobío,3514670,792,65,4989833,0.4,0.012725,0.033971,0.5139
A004473,Tarjeta,Metropolitana,2449649,746,127,2636087,0.4,0.023437,0.05389,0.7819
A014662,Consumo,Metropolitana,1938785,731,18,0,0.0,0.028553,0.068907,0.5967
A013455,Automotriz,Metropolitana,2796992,862,0,0,0.0,0.00498,0.016425,0.4242
A004630,Tarjeta,Metropolitana,1055513,864,0,1792777,0.4,0.004848,0.013309,0.7912
A007014,Tarjeta,Metropolitana,1131533,950,0,2467504,0.4,0.001522,0.003703,0.7262
A010633,Tarjeta,Valparaíso,1347676,844,0,1218905,0.4,0.006343,0.018393,0.6813
A012804,Tarjeta,Otras,1603866,742,0,2031056,0.4,0.024706,0.076515,0.7506
A001715,Tarjeta,Metropolitana,1208185,849,0,1666212,0.4,0.005931,0.017468,0.6798
A007781,Consumo,Metropolitana,450268,871,0,0,0.0,0.004412,0.009377,0.6488
A003691,Tarjeta,Otras,599901,821,81,1186664,0.4,0.008635,0.019927,0.7685
A001781,Tarjeta,Biobío,1933259,772,0,1188426,0.4,0.016609,0.051314,0.6213
A010881,Tarjeta,Valparaíso,3001845,754,0,2235485,0.4,0.021086,0.069674,0.7243
A014187,Consumo,Otras,1152844,766,0,0,0.0,0.017986,0.051071,0.5869
A014494,Automotriz,Metropolitana,1855789,715,0,0,0.0,0.035202,0.091759,0.2812
A007394,Tarjeta,Metropolitana,533495,824,0,1048883,0.4,0.008295,0.025043,0.707
A004732,Tarjeta,Biobío,1010483,750,0,402203,0.4,0.022231,0.074335,0.6514
A002238,Consumo,Valparaíso,2913972,821,158,0,0.0,0.008635,0.029187,0.633
A004765,Consumo,Biobío,1670965,767,0,0,0.0,0.017749,0.038769,0.6385
A004450,Consumo,Metropolitana,1189110,896,0,0,0.0,0.003151,0.007649,0.6022
A012874,Microempresa,Otras,329106,950,0,699911,0.4,0.001522,0.005025,0.5868
A011284,Consumo,Biobío,520632,760,0,0,0.0,0.019476,0.058035,0.6471
A002199,Consumo,Valparaíso,545199,655,0,0,0.0,0.075858,0.195399,0.7518
A009012,Tarjeta,Metropolitana,2654235,799,0,2176032,0.4,0.01159,0.032306,0.7162
A011020,Consumo,Otras,7431572,897,0,0,0.0,0.003109,0.010094,0.6308
A006951,Automotriz,Metropolitana,468462,863,0,0,0.0,0.004914,0.011604,0.3752
A014302,Consumo,Biobío,2865412,738,0,0,0.0,0.026043,0.067578,0.6884
A011273,Consumo,Valparaíso,725949,810,0,0,0.0,0.010005,0.027798,0.6344
A004383,Tarjeta,Otras,1582046,816,0,1841682,0.4,0.009233,0.030222,0.7508
A010924,Automotriz,Otras,1127991,844,0,0,0.0,0.006343,0.017633,0.3102
A010252,Consumo,Metropolitana,542712,771,0,0,0.0,0.016831,0.051897,0.6637
A004821,Consumo,Metropolitana,1354834,779,0,0,0.0,0.015132,0.047032,0.6218
A009952,Tarjeta,Biobío,2079971,950,0,4118782,0.4,0.001522,0.005095,0.665
A007271,Tarjeta,Metropolitana,240934,738,0,150431,0.4,0.026043,0.085185,0.6482
A013338,Tarjeta,Biobío,2137163,907,0,2916929,0.4,0.002717,0.007792,0.7772
A005875,Consumo,Metropolitana,1880997,726,0,0,0.0,0.030488,0.077047,0.6295
A010092,Consumo,Otras,129282,924,0,0,0.0,0.002161,0.006416,0.6579
A005914,Consumo,Metropolitana,303609,824,0,0,0.0,0.008295,0.027776,0.6069
A000484,Automotriz,Valparaíso,3499513,604,90,0,0.0,0.14054,0.324611,0.4215
A004991,Automotriz,Metropolitana,1388789,659,0,0,0.0,0.072155,0.21126,0.3706
A012087,Consumo,Metropolitana,2906124,860,0,0,0.0,0.005116,0.015189,0.6458
A005566,Microempresa,Metropolitana,677645,924,24,1366030,0.4,0.002161,0.004589,0.5844
A010871,Tarjeta,Biobío,599880,835,0,358721,0.4,0.007157,0.019519,0.7926
A013669,Consumo,Biobío,1600778,777,0,0,0.0,0.01554,0.046809,0.5995
A006116,Consumo,Biobío,1931552,649,0,0,0.0,0.081741,0.243821,0.556
A003562,Consumo,Otras,2082144,893,0,0,0.0,0.003281,0.010603,0.6569
A000006,Consumo,Metropolitana,1368877,793,84,0,0.0,0.012557,0.030057,0.5752
A001941,Consumo,Valparaíso,1967985,874,0,0,0.0,0.004238,0.009714,0.5704
A003856,Tarjeta,Valparaíso,1381595,884,47,1784160,0.4,0.003704,0.010031,0.6686
A014523,Tarjeta,Biobío,1304230,739,0,2407798,0.4,0.025702,0.064677,0.7726
A001193,Consumo,Metropolitana,2339546,855,0,0,0.0,0.005472,0.012109,0.5755
A004513,Consumo,Metropolitana,1540236,950,0,0,0.0,0.001522,0.003393,0.5418
A011063,Microempresa,Valparaíso,2624782,884,0,4299466,0.4,0.003704,0.009926,0.6049
A011072,Consumo,Metropolitana,1575597,922,0,0,0.0,0.00222,0.006344,0.5826
A009009,Consumo,Valparaíso,3831220,842,0,0,0.0,0.006516,0.016655,0.5973
A014648,Consumo,Biobío,2275034,463,481,0,0.0,0.523631,0.97,0.5708
A009033,Consumo,Biobío,931257,848,0,0,0.0,0.006011,0.013653,0.6095
A005070,Tarjeta,Metropolitana,1915681,742,0,653321,0.4,0.024706,0.073379,0.6681
A005419,Consumo,Valparaíso,2212374,765,0,0,0.0,0.018226,0.040388,0.713
A002844,Consumo,Otras,1400656,828,0,0,0.0,0.007862,0.019851,0.6752
A007017,Consumo,Metropolitana,5695651,925,0,0,0.0,0.002132,0.005124,0.5926
A003474,Consumo,Metropolitana,1637256,894,0,0,0.0,0.003237,0.008673,0.6336
A000521,Automotriz,Metropolitana,4564660,924,0,0,0.0,0.002161,0.004616,0.4248
A002959,Automotriz,Metropolitana,5340747,842,0,0,0.0,0.006516,0.014321,0.396
A006560,Consumo,Metropolitana,445809,902,0,0,0.0,0.002907,0.006881,0.6013
A007210,Consumo,Metropolitana,1226480,857,39,0,0.0,0.005326,0.014898,0.6636
A007199,Tarjeta,Metropolitana,2332897,868,0,2882650,0.4,0.004594,0.010303,0.7596
A005359,Consumo,Metropolitana,997625,871,0,0,0.0,0.004412,0.01121,0.526
A004796,Tarjeta,Otras,247957,845,38,475734,0.4,0.006258,0.020487,0.7263
A012244,Automotriz,Metropolitana,788475,832,0,0,0.0,0.007451,0.020207,0.3754
A010480,Tarjeta,Metropolitana,1496934,785,0,1734358,0.4,0.01397,0.038007,0.8379
A002969,Microempresa,Valparaíso,813959,835,0,1632455,0.4,0.007157,0.016235,0.5136
A011517,Tarjeta,Metropolitana,1583365,692,0,1068691,0.4,0.047426,0.148875,0.7266
A006345,Consumo,Otras,498780,764,0,0,0.0,0.01847,0.045483,0.6367
A005893,Tarjeta,Otras,4210185,911,0,8825088,0.4,0.002575,0.007677,0.7231
A004376,Tarjeta,Otras,1626656,847,0,1567023,0.4,0.006092,0.017959,0.68
A013068,Consumo,Metropolitana,2399613,762,90,0,0.0,0.018966,0.047249,0.6846
A009846,Consumo,Metropolitana,2228334,850,0,0,0.0,0.005852,0.017633,0.6528
A011405,Tarjeta,Valparaíso,2340313,793,0,4924664,0.4,0.012557,0.04144,0.6842
A009671,Microempresa,Valparaíso,651506,918,14,706890,0.4,0.002343,0.006592,0.4202
A009197,Tarjeta,Biobío,4849500,810,0,3179353,0.4,0.010005,0.029391,0.7412
A002143,Consumo,Metropolitana,1581706,860,0,0,0.0,0.005116,0.016317,0.6394
A010626,Consumo,Valparaíso,7538343,732,0,0,0.0,0.02818,0.081871,0.6634
A012831,Consumo,Metropolitana,4124857,687,90,0,0.0,0.050573,0.129073,0.6712
A014310,Consumo,Otras,1027888,760,0,0,0.0,0.019476,0.04367,0.5799
A002555,Tarjeta,Metropolitana,999335,809,0,1797575,0.4,0.01014,0.031255,0.7184
A001425,Consumo,Otras,118595,787,0,0,0.0,0.013603,0.028642,0.662
A013187,Automotriz,Metropolitana,3545752,912,322,0,0.0,0.00254,0.00638,0.3261
A012064,Tarjeta,Valparaíso,422720,840,0,485263,0.4,0.006693,0.020097,0.688
A013722,Automotriz,Metropolitana,574081,950,0,0,0.0,0.001522,0.003399,0.3826
A010932,Tarjeta,Metropolitana,1514690,720,0,672237,0.4,0.032978,0.069994,0.7532
A003091,Consumo,Metropolitana,207589,855,0,0,0.0,0.005472,0.015783,0.6819
A009335,Consumo,Biobío,8184803,843,0,0,0.0,0.006429,0.019336,0.6185
A014272,Consumo,Otras,5501263,899,0,0,0.0,0.003027,0.008427,0.5978
A003961,Automotriz,Otras,392137,912,0,0,0.0,0.00254,0.007174,0.3771
A008614,Consumo,Otras,1152454,764,0,0,0.0,0.01847,0.053318,0.6972
A010885,Tarjeta,Metropolitana,2521594,757,68,3021593,0.4,0.020265,0.056291,0.7478
A008920,Consumo,Metropolitana,668524,821,0,0,0.0,0.008635,0.023391,0.6099
A011033,Tarjeta,Otras,189065,836,0,152809,0.4,0.007062,0.015949,0.7174
A001915,Consumo,Metropolitana,756037,950,0,0,0.0,0.001522,0.004406,0.6251
A014761,Consumo,Metropolitana,2009824,813,0,0,0.0,0.009612,0.032391,0.5866
A007131,Microempresa,Metropolitana,1434607,708,0,1793505,0.4,0.03856,0.103644,0.6321
A011868,Consumo,Metropolitana,2600987,811,0,0,0.0,0.009872,0.02263,0.6292
A013749,Consumo,Metropolitana,5631470,810,0,0,0.0,0.010005,0.021818,0.7218
A008500,Consumo,Biobío,924481,857,0,0,0.0,0.005326,0.0121,0.5797
A003423,Automotriz,Biobío,2399401,780,0,0,0.0,0.014932,0.044037,0.3482
A005177,Automotriz,Valparaíso,506132,950,0,0,0.0,0.001522,0.003582,0.3936
A014939,Consumo,Valparaíso,662064,895,0,0,0.0,0.003194,0.008152,0.7233
A006404,Tarjeta,Otras,1027039,770,14,365277,0.4,0.017056,0.040274,0.7082
A004187,Consumo,Valparaíso,1692461,799,0,0,0.0,0.01159,0.032419,0.6713
A002498,Tarjeta,Otras,2596422,797,0,1060064,0.4,0.011904,0.027665,0.7377
A000329,Consumo,Otras,4162675,845,0,0,0.0,0.006258,0.015338,0.6394
A005769,Microempresa,Otras,2091172,874,0,3315906,0.4,0.004238,0.011733,0.4636
A012424,Consumo,Otras,3427745,765,0,0,0.0,0.018226,0.050922,0.5955
A001598,Consumo,Biobío,1561513,863,0,0,0.0,0.004914,0.016465,0.6048
A011622,Tarjeta,Metropolitana,2314258,804,0,2135130,0.4,0.010841,0.035567,0.7386
A003381,Tarjeta,Metropolitana,3873007,848,0,2728477,0.4,0.006011,0.01846,0.6936
A010974,Microempresa,Otras,3856942,888,0,6990965,0.4,0.00351,0.010668,0.537
A009650,Automotriz,Otras,308219,759,0,0,0.0,0.019735,0.058542,0.3892
A009001,Automotriz,Metropolitana,1615987,785,0,0,0.0,0.01397,0.046727,0.3953
A001455,Consumo,Metropolitana,3298098,893,0,0,0.0,0.003281,0.00865,0.6757
A010009,Tarjeta,Otras,2217229,679,90,2511855,0.4,0.056024,0.18751,0.6995
A001677,Tarjeta,Metropolitana,267290,902,0,410417,0.4,0.002907,0.006806,0.7608
A003931,Automotriz,Metropolitana,638649,736,0,0,0.0,0.026737,0.076785,0.3486
A010694,Tarjeta,Metropolitana,939431,816,0,1245552,0.4,0.009233,0.024703,0.6994
A010157,Automotriz,Otras,2119429,803,0,0,0.0,0.010987,0.028494,0.381
A002661,Tarjeta,Metropolitana,461265,877,0,897084,0.4,0.00407,0.011365,0.7533
A013968,Consumo,Metropolitana,375275,801,0,0,0.0,0.011285,0.02492,0.6124
A005234,Tarjeta,Otras,3838889,950,0,3015461,0.4,0.001522,0.00324,0.7547
A008192,Tarjeta,Metropolitana,3919228,835,0,1258950,0.4,0.007157,0.016301,0.6943
A012177,Tarjeta,Metropolitana,642262,925,0,262528,0.4,0.002132,0.006023,0.6947
A000967,Consumo,Otras,1003198,854,0,0,0.0,0.005546,0.018302,0.6025
A000314,Consumo,Otras,6213057,759,113,0,0.0,0.019735,0.058821,0.5994
A006550,Automotriz,Valparaíso,840393,809,0,0,0.0,0.01014,0.027698,0.2465
A010202,Automotriz,Metropolitana,3900447,851,0,0,0.0,0.005774,0.017799,0.4298
A011761,Tarjeta,Otras,1458437,774,0,1666158,0.4,0.016173,0.047702,0.6925
A003462,Tarjeta,Valparaíso,373050,950,0,580017,0.4,0.001522,0.004987,0.7092
A005955,Consumo,Metropolitana,770196,900,0,0,0.0,0.002986,0.009696,0.528
A012347,Automotriz,Otras,577228,820,0,0,0.0,0.008752,0.018904,0.3477
A010614,Tarjeta,Metropolitana,150013,860,0,292708,0.4,0.005116,0.011361,0.6314
A009164,Consumo,Biobío,4231203,544,0,0,0.0,0.268941,0.844412,0.6326
A009693,Consumo,Otras,1021335,916,0,0,0.0,0.002407,0.005715,0.5759
A013514,Consumo,Valparaíso,1248366,876,0,0,0.0,0.004125,0.011057,0.6219
A003343,Consumo,Biobío,1810764,750,0,0,0.0,0.022231,0.074735,0.6133
A013116,Consumo,Metropolitana,177465,870,0,0,0.0,0.004472,0.014726,0.6367
A000986,Automotriz,Otras,3435653,842,22,0,0.0,0.006516,0.018925,0.3094
A000750,Microempresa,Valparaíso,690646,903,185,356282,0.4,0.002868,0.007207,0.4883
A005809,Tarjeta,Metropolitana,2391293,609,0,2047794,0.4,0.132575,0.376543,0.6831
A010791,Consumo,Valparaíso,1525783,931,0,0,0.0,0.001966,0.005972,0.5924
A000432,Tarjeta,Metropolitana,322879,846,0,251414,0.4,0.006175,0.015544,0.7252
A011345,Consumo,Otras,3873397,681,0,0,0.0,0.054612,0.114979,0.5888
A011230,Tarjeta,Otras,2381381,804,90,3594182,0.4,0.010841,0.02835,0.7016
A006168,Consumo,Otras,650862,823,0,0,0.0,0.008407,0.024399,0.5526
A002671,Consumo,Valparaíso,2910136,950,0,0,0.0,0.001522,0.003776,0.5394
A001335,Consumo,Otras,775849,827,0,0,0.0,0.007968,0.020836,0.6006
A000896,Consumo,Valparaíso,1349683,912,27,0,0.0,0.00254,0.006795,0.6096
A014529,Automotriz,Otras,1821283,777,0,0,0.0,0.01554,0.047136,0.3147
A013165,Microempresa,Metropolitana,2857211,878,0,3979827,0.4,0.004016,0.01211,0.567
A014820,Tarjeta,Otras,1824929,913,0,2112131,0.4,0.002506,0.006682,0.7137
A010062,Consumo,Otras,2717597,798,0,0,0.0,0.011746,0.028379,0.6054
A001987,Consumo,Otras,1509229,822,0,0,0.0,0.00852,0.02132,0.6144
A003375,Tarjeta,Valparaíso,672121,789,58,1135952,0.4,0.013245,0.039002,0.7451
A010358,Consumo,Otras,1832756,693,322,0,0.0,0.046819,0.1305,0.6783
A003979,Consumo,Valparaíso,352243,916,0,0,0.0,0.002407,0.007917,0.6151
A004140,Tarjeta,Otras,224151,808,0,314306,0.4,0.010276,0.032842,0.6457
A014686,Automotriz,Metropolitana,6284254,905,0,0,0.0,0.002792,0.006498,0.314
A013092,Automotriz,Metropolitana,1599640,722,0,0,0.0,0.032127,0.094552,0.4187
A012567,Consumo,Metropolitana,1357338,833,0,0,0.0,0.007352,0.018863,0.5421
A010661,Automotriz,Metropolitana,521730,884,0,0,0.0,0.003704,0.008373,0.3296
A003656,Automotriz,Metropolitana,2565157,912,0,0,0.0,0.00254,0.006801,0.3941
A006907,Consumo,Metropolitana,348754,875,0,0,0.0,0.004181,0.00989,0.6587
A001179,Consumo,Otras,1466711,904,0,0,0.0,0.002829,0.008447,0.5654
A010460,Consumo,Metropolitana,3489456,767,0,0,0.0,0.017749,0.059997,0.6993
A014085,Consumo,Biobío,797171,781,0,0,0.0,0.014735,0.044532,0.6525
A012173,Consumo,Metropolitana,443357,935,23,0,0.0,0.001863,0.004722,0.6493
A013833,Consumo,Otras,2212743,697,0,0,0.0,0.044465,0.117685,0.5766
A006304,Consumo,Metropolitana,2003799,906,0,0,0.0,0.002754,0.006389,0.6326
A012147,Tarjeta,Metropolitana,226844,691,0,340583,0.4,0.04804,0.157011,0.7761
A002083,Automotriz,Metropolitana,640626,856,0,0,0.0,0.005399,0.017225,0.3873
A009070,Tarjeta,Metropolitana,3390510,916,0,4722449,0.4,0.002407,0.006765,0.7029
A002978,Microempresa,Metropolitana,207017,872,0,434092,0.4,0.004353,0.009629,0.5377
A006329,Tarjeta,Biobío,4320396,911,0,6419904,0.4,0.002575,0.005967,0.6766
A009698,Tarjeta,Metropolitana,1024334,716,0,321117,0.4,0.034746,0.116457,0.7142
A008442,Automotriz,Metropolitana,625412,915,16,0,0.0,0.00244,0.007192,0.3253
A012054,Tarjeta,Metropolitana,1029162,764,0,461870,0.4,0.01847,0.046919,0.7216
A005816,Tarjeta,Valparaíso,3833990,873,0,8261078,0.4,0.004295,0.011456,0.7212
A005389,Consumo,Metropolitana,2493119,703,0,0,0.0,0.041145,0.119983,0.6367
A005996,Tarjeta,Metropolitana,2053481,772,2,1325968,0.4,0.016609,0.042947,0.6024
A014092,Consumo,Otras,352934,886,0,0,0.0,0.003606,0.011551,0.6752
A010081,Automotriz,Valparaíso,2999014,734,90,0,0.0,0.02745,0.073822,0.3381
A006686,Consumo,Otras,534286,864,0,0,0.0,0.004848,0.014946,0.5352
A014235,Automotriz,Metropolitana,649325,779,0,0,0.0,0.015132,0.040118,0.3134
A012334,Consumo,Otras,4200692,760,105,0,0.0,0.019476,0.050481,0.6169
A000234,Microempresa,Valparaíso,1236708,773,0,1968242,0.4,0.016389,0.054552,0.5149
A012511,Automotriz,Valparaíso,623473,794,0,0,0.0,0.01239,0.029734,0.3693
A005237,Automotriz,Metropolitana,8202451,841,28,0,0.0,0.006604,0.014455,0.4201
A011515,Consumo,Valparaíso,1283890,853,0,0,0.0,0.005621,0.017769,0.6576
A010573,Tarjeta,Metropolitana,2553461,812,0,2507912,0.4,0.009741,0.024795,0.6512
A008652,Automotriz,Biobío,872427,907,0,0,0.0,0.002717,0.007343,0.4277
A001858,Automotriz,Metropolitana,1877651,830,0,0,0.0,0.007654,0.022252,0.3006
A012588,Automotriz,Metropolitana,490639,743,0,0,0.0,0.024383,0.067693,0.3107
A008403,Tarjeta,Metropolitana,740436,741,0,286594,0.4,0.025034,0.053836,0.7551
A006648,Consumo,Metropolitana,532755,867,0,0,0.0,0.004656,0.015389,0.59
A014571,Consumo,Metropolitana,1689326,742,90,0,0.0,0.024706,0.076412,0.5492
A001824,Microempresa,Metropolitana,8243731,910,0,8042405,0.4,0.00261,0.007691,0.6093
A012024,Consumo,Valparaíso,1558176,633,0,0,0.0,0.099508,0.277302,0.6408
A006254,Consumo,Metropolitana,467520,924,0,0,0.0,0.002161,0.00733,0.5615
A012837,Tarjeta,Biobío,1506854,807,0,3179500,0.4,0.010415,0.025022,0.7716
A006322,Tarjeta,Valparaíso,363030,843,0,132460,0.4,0.006429,0.019967,0.6746
A012170,Automotriz,Metropolitana,5385180,950,0,0,0.0,0.001522,0.004686,0.2876
A010877,Consumo,Metropolitana,851112,744,121,0,0.0,0.024063,0.076958,0.5917
A003130,Automotriz,Biobío,1232120,938,0,0,0.0,0.001789,0.005184,0.359
A014599,Consumo,Valparaíso,1599648,889,0,0,0.0,0.003463,0.007856,0.6593
A004701,Consumo,Metropolitana,1935157,811,0,0,0.0,0.009872,0.030482,0.6922
A013934,Automotriz,Otras,1062837,914,0,0,0.0,0.002473,0.006219,0.386
A001204,Tarjeta,Biobío,3507701,749,21,7533158,0.4,0.022527,0.062105,0.7223
A001831,Microempresa,Biobío,6312092,935,0,8730029,0.4,0.001863,0.004439,0.5286
A003457,Tarjeta,Metropolitana,635344,902,0,1243146,0.4,0.002907,0.009393,0.7367
A013412,Tarjeta,Valparaíso,611142,832,0,1133309,0.4,0.007451,0.015867,0.6744
A000184,Microempresa,Biobío,1489419,758,90,583771,0.4,0.019999,0.044705,0.5245
A014713,Consumo,Valparaíso,858661,830,0,0,0.0,0.007654,0.018075,0.6129
A010544,Consumo,Biobío,1402792,821,0,0,0.0,0.008635,0.028299,0.6586
A012785,Tarjeta,Otras,3854072,573,251,1478014,0.4,0.199106,0.578854,0.6578
A011409,Consumo,Metropolitana,1577603,853,0,0,0.0,0.005621,0.015597,0.586
A007012,Consumo,Otras,436370,819,0,0,0.0,0.00887,0.022329,0.6209
A001461,Tarjeta,Otras,443110,699,0,770014,0.4,0.043331,0.1128,0.6953
A001962,Tarjeta,Metropolitana,4268001,827,0,4905302,0.4,0.007968,0.017831,0.719
A001436,Consumo,Biobío,4109250,833,0,0,0.0,0.007352,0.016832,0.6153
A000736,Microempresa,Metropolitana,948544,771,0,1079848,0.4,0.016831,0.049955,0.608
A008816,Consumo,Metropolitana,2423403,763,0,0,0.0,0.018716,0.056786,0.6286
A011413,Consumo,Metropolitana,673551,944,0,0,0.0,0.00165,0.004,0.6246
A009093,Consumo,Metropolitana,3400488,703,0,0,0.0,0.041145,0.096258,0.606
A005910,Automotriz,Valparaíso,983397,754,0,0,0.0,0.021086,0.047769,0.3896
A014208,Automotriz,Otras,259879,866,0,0,0.0,0.004719,0.01011,0.3324
A009900,Consumo,Valparaíso,2060536,832,0,0,0.0,0.007451,0.021283,0.5561
A002566,Automotriz,Valparaíso,1315575,709,0,0,0.0,0.038062,0.129227,0.3101
A007809,Consumo,Metropolitana,3773046,680,0,0,0.0,0.055313,0.141452,0.5318
A008430,Consumo,Metropolitana,448544,891,0,0,0.0,0.003371,0.010096,0.6151
A001172,Tarjeta,Metropolitana,647017,864,39,200450,0.4,0.004848,0.015405,0.7137
A008620,Consumo,Biobío,5259488,822,0,0,0.0,0.00852,0.020822,0.6164
A010336,Consumo,Biobío,750240,912,0,0,0.0,0.00254,0.00582,0.6293
A010962,Consumo,Metropolitana,562469,875,0,0,0.0,0.004181,0.009058,0.5741
A012127,Tarjeta,Metropolitana,835651,650,0,627021,0.4,0.080733,0.213386,0.7374
A005015,Consumo,Metropolitana,3202876,916,0,0,0.0,0.002407,0.007102,0.7226
A002163,Microempresa,Metropolitana,1468855,891,0,1630967,0.4,0.003371,0.009186,0.5478
A004898,Automotriz,Valparaíso,2295978,842,0,0,0.0,0.006516,0.020558,0.3587
A012209,Consumo,Metropolitana,1032478,950,0,0,0.0,0.001522,0.004038,0.5626
A013989,Consumo,Valparaíso,516590,818,0,0,0.0,0.008989,0.025527,0.6033
A014014,Consumo,Otras,2646531,704,254,0,0.0,0.040615,0.110452,0.6411
A007358,Microempresa,Metropolitana,101408,887,0,31653,0.4,0.003557,0.007822,0.5512
A010733,Tarjeta,Biobío,1176390,854,0,2153852,0.4,0.005546,0.013696,0.6586
A008900,Automotriz,Metropolitana,1827174,748,0,0,0.0,0.022826,0.051689,0.3143
A011727,Tarjeta,Metropolitana,2532457,894,0,1444030,0.4,0.003237,0.008956,0.6669
A011534,Consumo,Biobío,644785,884,0,0,0.0,0.003704,0.012468,0.6602
A000715,Consumo,Metropolitana,309782,933,0,0,0.0,0.001914,0.00531,0.6238
A010810,Microempresa,Biobío,2320346,750,0,2092154,0.4,0.022231,0.05046,0.5779
A008081,Consumo,Metropolitana,2045703,892,0,0,0.0,0.003326,0.007108,0.6549
A005698,Automotriz,Metropolitana,5196030,755,33,0,0.0,0.020809,0.066638,0.3599
A012121,Automotriz,Metropolitana,916160,876,0,0,0.0,0.004125,0.010383,0.3754
A002742,Consumo,Metropolitana,1432887,811,0,0,0.0,0.009872,0.027363,0.6435
A006318,Consumo,Metropolitana,759308,870,0,0,0.0,0.004472,0.010983,0.5676
A003439,Tarjeta,Metropolitana,416639,765,28,299083,0.4,0.018226,0.038917,0.6791
A005528,Automotriz,Metropolitana,743898,747,0,0,0.0,0.02313,0.076376,0.4161
A006532,Consumo,Valparaíso,1147382,910,0,0,0.0,0.00261,0.006068,0.5314
A014244,Consumo,Metropolitana,5370644,796,90,0,0.0,0.012064,0.038286,0.5598
A000924,Consumo,Metropolitana,1542362,754,0,0,0.0,0.021086,0.052159,0.627
A001365,Consumo,Otras,1154042,950,0,0,0.0,0.001522,0.00371,0.6399
A010872,Automotriz,Valparaíso,6978242,867,0,0,0.0,0.004656,0.013713,0.3808
A011698,Automotriz,Biobío,2469978,950,21,0,0.0,0.001522,0.004507,0.3771
A012433,Consumo,Otras,956316,699,34,0,0.0,0.043331,0.125941,0.5779
A013395,Consumo,Biobío,350425,830,0,0,0.0,0.007654,0.024536,0.5651
A006187,Tarjeta,Valparaíso,1642985,794,0,1927815,0.4,0.01239,0.027155,0.7423
A008727,Tarjeta,Otras,1071132,764,0,1986565,0.4,0.01847,0.052296,0.7446
A010709,Consumo,Biobío,1862461,839,90,0,0.0,0.006783,0.019117,0.6108
A013169,Consumo,Metropolitana,2678982,812,0,0,0.0,0.009741,0.029424,0.5367
A009752,Consumo,Metropolitana,1621436,933,0,0,0.0,0.001914,0.004606,0.5602
A002469,Consumo,Biobío,972301,842,0,0,0.0,0.006516,0.014257,0.6279
A000280,Consumo,Metropolitana,7705852,950,0,0,0.0,0.001522,0.003252,0.6128
A009027,Consumo,Metropolitana,3621347,836,0,0,0.0,0.007062,0.01748,0.5759
A014918,Tarjeta,Otras,1456778,838,0,1449866,0.4,0.006875,0.016016,0.7239
A010415,Tarjeta,Metropolitana,569404,861,68,641413,0.4,0.005048,0.012967,0.7411
A004790,Automotriz,Valparaíso,1503055,858,0,0,0.0,0.005255,0.017627,0.315
A007590,Automotriz,Valparaíso,1162241,836,45,0,0.0,0.007062,0.016709,0.3262
A008629,Consumo,Metropolitana,4534230,804,90,0,0.0,0.010841,0.033658,0.5937
A012291,Microempresa,Valparaíso,4577396,777,286,9569368,0.4,0.01554,0.047129,0.5665
A004336,Tarjeta,Biobío,5090399,815,108,9445483,0.4,0.009358,0.026653,0.7373
A003285,Tarjeta,Metropolitana,4330388,785,0,4767410,0.4,0.01397,0.037709,0.7339
A009643,Tarjeta,Valparaíso,185247,894,0,79335,0.4,0.003237,0.007314,0.7014
A005693,Consumo,Valparaíso,868056,905,59,0,0.0,0.002792,0.006193,0.6015
A013184,Microempresa,Otras,1310805,824,134,1320027,0.4,0.008295,0.02545,0.6127
A008336,Consumo,Metropolitana,4462747,890,0,0,0.0,0.003417,0.007617,0.6368
A005503,Consumo,Biobío,322019,854,0,0,0.0,0.005546,0.018704,0.6098
A000085,Microempresa,Metropolitana,2004538,641,0,2184739,0.4,0.090232,0.218192,0.5447
A004015,Microempresa,Otras,2746469,787,26,3993828,0.4,0.013603,0.033399,0.4615
A006836,Tarjeta,Metropolitana,1444872,832,90,2330735,0.4,0.007451,0.021987,0.6715
A014807,Consumo,Metropolitana,3544726,919,0,0,0.0,0.002311,0.007499,0.5644
A009807,Consumo,Metropolitana,1134245,950,0,0,0.0,0.001522,0.004746,0.6591
A002963,Consumo,Metropolitana,202596,771,0,0,0.0,0.016831,0.044209,0.5444
A010898,Automotriz,Metropolitana,217886,900,0,0,0.0,0.002986,0.006435,0.3161
A006104,Tarjeta,Metropolitana,578698,765,0,536931,0.4,0.018226,0.054997,0.7001
A001033,Tarjeta,Metropolitana,1230339,732,0,668510,0.4,0.02818,0.065759,0.6746
A011496,Microempresa,Otras,730263,912,0,1346890,0.4,0.00254,0.007347,0.6265
A011699,Consumo,Otras,7421533,859,0,0,0.0,0.005185,0.017034,0.5763
A004675,Consumo,Metropolitana,1758443,927,33,0,0.0,0.002075,0.005762,0.6708
A011209,Automotriz,Metropolitana,2894492,880,0,0,0.0,0.003909,0.012219,0.413
A014469,Consumo,Metropolitana,533742,950,0,0,0.0,0.001522,0.003649,0.5992
A010719,Automotriz,Valparaíso,1643370,866,0,0,0.0,0.004719,0.015792,0.4287
A001959,Consumo,Otras,3028964,826,0,0,0.0,0.008076,0.026293,0.5176
A002914,Consumo,Metropolitana,2135086,837,43,0,0.0,0.006968,0.014717,0.5951
A004601,Consumo,Metropolitana,3104402,767,0,0,0.0,0.017749,0.044093,0.6148
A000811,Tarjeta,Valparaíso,807116,784,0,1182491,0.4,0.014158,0.041854,0.7336
A002324,Consumo,Valparaíso,1520376,791,0,0,0.0,0.012896,0.029024,0.6187
A007431,Consumo,Otras,712521,799,0,0,0.0,0.01159,0.036577,0.5793
A004286,Tarjeta,Metropolitana,416518,730,0,582781,0.4,0.02893,0.085318,0.7416
A003410,Automotriz,Biobío,449062,900,0,0,0.0,0.002986,0.007542,0.387
A004079,Automotriz,Valparaíso,509131,950,0,0,0.0,0.001522,0.003372,0.4557
A011505,Tarjeta,Valparaíso,2018992,895,0,3914938,0.4,0.003194,0.007032,0.7108
A002399,Consumo,Metropolitana,309906,808,0,0,0.0,0.010276,0.030027,0.5894
A014099,Consumo,Biobío,1089289,884,0,0,0.0,0.003704,0.012202,0.644
A008493,Consumo,Metropolitana,1703380,829,0,0,0.0,0.007757,0.01999,0.6097
A002813,Tarjeta,Metropolitana,2688993,773,0,4873231,0.4,0.016389,0.052574,0.6586
A014261,Automotriz,Metropolitana,1529312,910,0,0,0.0,0.00261,0.00689,0.3964
A003524,Microempresa,Metropolitana,1475765,822,44,2995093,0.4,0.00852,0.026537,0.559
A002111,Tarjeta,Metropolitana,2756883,848,0,2050028,0.4,0.006011,0.015639,0.6539
A005002,Consumo,Metropolitana,877892,889,0,0,0.0,0.003463,0.009559,0.5604
A002245,Consumo,Biobío,538807,840,27,0,0.0,0.006693,0.019665,0.6922
A000453,Tarjeta,Otras,1717150,809,0,1210165,0.4,0.01014,0.031404,0.6435
A006793,Automotriz,Biobío,3291288,873,76,0,0.0,0.004295,0.014011,0.4258
A004432,Consumo,Otras,1543490,875,0,0,0.0,0.004181,0.012465,0.5848
A010617,Consumo,Valparaíso,1187805,908,6,0,0.0,0.002681,0.007003,0.5568
A003725,Tarjeta,Metropolitana,1897475,700,72,2150392,0.4,0.042774,0.090701,0.6388
A001530,Consumo,Otras,3858081,804,0,0,0.0,0.010841,0.031844,0.6751
A008323,Consumo,Metropolitana,2626593,824,0,0,0.0,0.008295,0.020491,0.6908
A002076,Consumo,Valparaíso,2448626,950,75,0,0.0,0.001522,0.003738,0.646
A007128,Automotriz,Otras,2106097,730,0,0,0.0,0.02893,0.077017,0.3282
A007251,Consumo,Valparaíso,1108077,898,0,0,0.0,0.003068,0.008771,0.6156
A008220,Consumo,Metropolitana,855083,780,0,0,0.0,0.014932,0.048526,0.7067
A011450,Tarjeta,Metropolitana,296129,798,0,483368,0.4,0.011746,0.028663,0.6835
A000463,Tarjeta,Biobío,400518,827,0,352817,0.4,0.007968,0.02492,0.7532
A011129,Consumo,Valparaíso,2716976,841,0,0,0.0,0.006604,0.018666,0.5931
A007517,Consumo,Metropolitana,941284,868,0,0,0.0,0.004594,0.009832,0.5474
A011373,Tarjeta,Otras,6051103,804,0,3488598,0.4,0.010841,0.030664,0.773
A014538,Automotriz,Metropolitana,1629377,835,0,0,0.0,0.007157,0.020938,0.3949
A000517,Consumo,Metropolitana,542931,750,0,0,0.0,0.022231,0.066776,0.6248
A010550,Tarjeta,Metropolitana,3296575,834,0,3025174,0.4,0.007254,0.019824,0.742
A001065,Tarjeta,Metropolitana,2136143,697,0,4235656,0.4,0.044465,0.125528,0.6628
A004347,Automotriz,Metropolitana,2504330,859,0,0,0.0,0.005185,0.011032,0.3563
A002535,Tarjeta,Metropolitana,1414973,861,0,1199953,0.4,0.005048,0.01587,0.7063
A011555,Consumo,Otras,2192696,713,0,0,0.0,0.036132,0.10879,0.7231
A001806,Microempresa,Valparaíso,3961194,870,0,7455061,0.4,0.004472,0.010021,0.608
A004710,Tarjeta,Metropolitana,656232,843,0,1264090,0.4,0.006429,0.0154,0.6856
A002348,Microempresa,Valparaíso,1000007,906,0,1133239,0.4,0.002754,0.006704,0.5654
A007891,Consumo,Otras,152878,757,0,0,0.0,0.020265,0.053875,0.596
A000438,Consumo,Metropolitana,351850,877,0,0,0.0,0.00407,0.010804,0.7
A013137,Consumo,Metropolitana,674225,926,0,0,0.0,0.002103,0.006549,0.6223
A002527,Tarjeta,Otras,578675,822,0,899074,0.4,0.00852,0.027126,0.6763
A009252,Automotriz,Metropolitana,5198082,605,60,0,0.0,0.138916,0.334521,0.4388
A014800,Automotriz,Metropolitana,3566613,740,406,0,0.0,0.025366,0.080285,0.3454
A003915,Automotriz,Biobío,1894512,950,0,0,0.0,0.001522,0.003746,0.2572
A010156,Tarjeta,Metropolitana,1585764,702,0,1465969,0.4,0.041681,0.138053,0.6699
A003403,Tarjeta,Metropolitana,506247,894,67,505860,0.4,0.003237,0.008692,0.7542
A001268,Tarjeta,Metropolitana,1019292,899,0,701574,0.4,0.003027,0.008454,0.7473
A007887,Consumo,Metropolitana,1487347,772,0,0,0.0,0.016609,0.052679,0.6021
A002696,Tarjeta,Valparaíso,1779637,950,0,1149838,0.4,0.001522,0.003602,0.7075
A014378,Tarjeta,Metropolitana,857314,847,0,1736282,0.4,0.006092,0.014882,0.6862
A011987,Consumo,Metropolitana,2825708,903,0,0,0.0,0.002868,0.008512,0.6499
A007996,Consumo,Metropolitana,323178,824,0,0,0.0,0.008295,0.020048,0.6176
A000311,Tarjeta,Biobío,238397,798,0,233735,0.4,0.011746,0.025303,0.7634
A012262,Automotriz,Metropolitana,438904,759,0,0,0.0,0.019735,0.046447,0.3541
A007171,Consumo,Otras,1893769,950,0,0,0.0,0.001522,0.004929,0.5324
A000032,Microempresa,Otras,1652905,816,0,825580,0.4,0.009233,0.031341,0.5058
A004197,Consumo,Metropolitana,1130277,710,0,0,0.0,0.03757,0.119127,0.639
A002668,Consumo,Metropolitana,903028,920,0,0,0.0,0.00228,0.007207,0.6302
A007406,Tarjeta,Metropolitana,896742,662,0,1702022,0.4,0.069487,0.186813,0.7895
A001764,Automotriz,Metropolitana,691277,847,0,0,0.0,0.006092,0.013203,0.48
A010988,Tarjeta,Valparaíso,1488045,854,0,3095696,0.4,0.005546,0.018305,0.676
A009281,Consumo,Otras,1881432,950,0,0,0.0,0.001522,0.003973,0.6462
A003619,Tarjeta,Otras,393909,802,0,528464,0.4,0.011135,0.023882,0.598
A003925,Tarjeta,Otras,1897520,704,0,4069052,0.4,0.040615,0.137401,0.7094
A011975,Microempresa,Valparaíso,5359845,793,0,3651114,0.4,0.012557,0.032994,0.5579
A008344,Tarjeta,Metropolitana,2523800,808,210,3802654,0.4,0.010276,0.026822,0.7213
A010635,Tarjeta,Metropolitana,2035358,691,0,1712242,0.4,0.04804,0.104912,0.7057
A002240,Automotriz,Otras,5440664,892,0,0,0.0,0.003326,0.009293,0.3757
A011651,Consumo,Valparaíso,150222,878,0,0,0.0,0.004016,0.013329,0.5682
A001669,Consumo,Metropolitana,611856,887,15,0,0.0,0.003557,0.011117,0.5905
A001173,Tarjeta,Metropolitana,428767,872,0,521539,0.4,0.004353,0.01122,0.7776
A012932,Tarjeta,Valparaíso,750847,861,0,1141963,0.4,0.005048,0.014325,0.7401
A003094,Microempresa,Metropolitana,1081501,933,0,832777,0.4,0.001914,0.005083,0.5407
A003485,Automotriz,Metropolitana,1525916,833,0,0,0.0,0.007352,0.020776,0.3252
A003494,Tarjeta,Valparaíso,1515037,732,0,1771274,0.4,0.02818,0.073892,0.7644
A005724,Tarjeta,Metropolitana,3874819,765,0,3550800,0.4,0.018226,0.050412,0.6659
A011247,Automotriz,Biobío,4213439,900,29,0,0.0,0.002986,0.010029,0.335
A004514,Consumo,Metropolitana,2799327,742,90,0,0.0,0.024706,0.054944,0.5774
A014625,Consumo,Otras,2351488,805,0,0,0.0,0.010697,0.024492,0.6152
A005167,Tarjeta,Metropolitana,1957485,654,0,2573822,0.4,0.076811,0.169745,0.737
A003629,Tarjeta,Metropolitana,801548,860,0,1019202,0.4,0.005116,0.014762,0.7415
A003960,Tarjeta,Metropolitana,439939,835,0,435532,0.4,0.007157,0.01983,0.7567
A007360,Microempresa,Metropolitana,519028,950,0,251605,0.4,0.001522,0.004174,0.554
A005124,Automotriz,Metropolitana,1415971,862,8,0,0.0,0.00498,0.010928,0.4512
A010623,Consumo,Otras,1728840,770,0,0,0.0,0.017056,0.049898,0.7037
A008120,Automotriz,Valparaíso,1462194,766,0,0,0.0,0.017986,0.045741,0.4036
A012391,Consumo,Metropolitana,4155114,892,11,0,0.0,0.003326,0.009589,0.6264
A007504,Tarjeta,Metropolitana,716821,798,0,846910,0.4,0.011746,0.031846,0.6625
A013178,Consumo,Otras,2288209,902,0,0,0.0,0.002907,0.007328,0.6884
A014518,Consumo,Metropolitana,4235118,620,90,0,0.0,0.116394,0.343083,0.6742
A007324,Consumo,Valparaíso,1195375,772,0,0,0.0,0.016609,0.035842,0.5962
A004506,Consumo,Valparaíso,3415617,843,0,0,0.0,0.006429,0.016073,0.6421
A009530,Consumo,Metropolitana,2018493,893,0,0,0.0,0.003281,0.010063,0.5176
A001752,Tarjeta,Metropolitana,2466400,807,0,980763,0.4,0.010415,0.023874,0.6652
A011979,Microempresa,Otras,1188616,950,0,1127398,0.4,0.001522,0.004396,0.5032
A001357,Microempresa,Otras,618515,810,0,1076994,0.4,0.010005,0.032692,0.5825
A004248,Automotriz,Biobío,2859563,917,0,0,0.0,0.002375,0.007569,0.4176
A005632,Microempresa,Metropolitana,4186871,691,111,3302033,0.4,0.04804,0.157782,0.5735
A010045,Tarjeta,Otras,2347840,756,0,3723460,0.4,0.020535,0.053232,0.7076
A010970,Automotriz,Metropolitana,817799,866,0,0,0.0,0.004719,0.011367,0.4339
A013288,Consumo,Metropolitana,3294967,772,0,0,0.0,0.016609,0.040704,0.6496
A001805,Consumo,Otras,1707392,811,0,0,0.0,0.009872,0.024056,0.6503
A012429,Microempresa,Metropolitana,6883383,784,0,2349902,0.4,0.014158,0.034754,0.4795
A011200,Consumo,Valparaíso,1297802,740,0,0,0.0,0.025366,0.078398,0.6245
A012093,Microempresa,Metropolitana,440206,950,0,511444,0.4,0.001522,0.003212,0.4705
A005842,Automotriz,Biobío,2317671,736,0,0,0.0,0.026737,0.059176,0.3852
A006339,Tarjeta,Metropolitana,269061,950,0,536431,0.4,0.001522,0.004778,0.7104
A010107,Tarjeta,Biobío,728499,856,50,818986,0.4,0.005399,0.014139,0.6111
A004039,Consumo,Metropolitana,1217957,757,0,0,0.0,0.020265,0.052107,0.5731
A012731,Microempresa,Metropolitana,2669325,684,90,3989206,0.4,0.052556,0.136823,0.608
A001569,Tarjeta,Biobío,1227085,796,0,1397638,0.4,0.012064,0.039311,0.6785
A010765,Consumo,Otras,1415914,824,0,0,0.0,0.008295,0.026606,0.686
A009839,Tarjeta,Valparaíso,1482939,649,80,1184158,0.4,0.081741,0.20545,0.6454
A010727,Tarjeta,Valparaíso,795102,884,0,268408,0.4,0.003704,0.012011,0.653
A008679,Consumo,Metropolitana,2920602,799,0,0,0.0,0.01159,0.02921,0.6843
A001999,Consumo,Valparaíso,547453,771,0,0,0.0,0.016831,0.046235,0.6309
A004377,Tarjeta,Biobío,1894641,817,0,761061,0.4,0.00911,0.026649,0.6569
A011973,Tarjeta,Otras,2831154,651,101,5495780,0.4,0.079736,0.224598,0.6862
A003411,Consumo,Metropolitana,1770095,936,0,0,0.0,0.001838,0.004077,0.6727
A002127,Consumo,Biobío,4391079,863,0,0,0.0,0.004914,0.011379,0.6189
A003184,Microempresa,Metropolitana,8104776,683,0,9138752,0.4,0.053233,0.162663,0.6386
A000198,Automotriz,Metropolitana,4171301,846,0,0,0.0,0.006175,0.017996,0.4025
A010168,Consumo,Metropolitana,5729416,683,316,0,0.0,0.053233,0.125469,0.5899
A006893,Automotriz,Metropolitana,2483990,852,0,0,0.0,0.005697,0.014704,0.4003
A007939,Consumo,Biobío,1510493,655,0,0,0.0,0.075858,0.237312,0.6363
A001851,Consumo,Valparaíso,2799347,818,90,0,0.0,0.008989,0.020991,0.6895
A007646,Consumo,Metropolitana,2274429,782,116,0,0.0,0.01454,0.042355,0.607
A002508,Consumo,Biobío,1394159,862,0,0,0.0,0.00498,0.0109,0.6654
A005299,Automotriz,Valparaíso,1884740,768,0,0,0.0,0.017515,0.037989,0.3963
A010175,Consumo,Biobío,1327086,938,0,0,0.0,0.001789,0.004104,0.657
A007886,Consumo,Metropolitana,780839,883,0,0,0.0,0.003754,0.010643,0.5922
A014779,Automotriz,Biobío,1063816,950,0,0,0.0,0.001522,0.003713,0.4426
A011986,Tarjeta,Otras,780984,840,0,554727,0.4,0.006693,0.020944,0.681
A008723,Consumo,Metropolitana,1976937,865,0,0,0.0,0.004783,0.011747,0.6005
A010307,Automotriz,Valparaíso,1513293,815,0,0,0.0,0.009358,0.029914,0.3915
A010631,Tarjeta,Otras,2357914,801,0,809244,0.4,0.011285,0.025849,0.7199
A002811,Consumo,Metropolitana,438852,925,0,0,0.0,0.002132,0.005551,0.5814
A009279,Consumo,Otras,110588,926,0,0,0.0,0.002103,0.005652,0.6463
A014483,Automotriz,Metropolitana,2136564,856,0,0,0.0,0.005399,0.014608,0.3477
A003654,Consumo,Metropolitana,2141765,872,0,0,0.0,0.004353,0.009295,0.6206
A000364,Consumo,Otras,1151876,776,0,0,0.0,0.015749,0.038615,0.6572
A009534,Consumo,Biobío,2177419,922,0,0,0.0,0.00222,0.005856,0.6896
A006440,Consumo,Metropolitana,2059718,708,0,0,0.0,0.03856,0.085866,0.6264
A000920,Consumo,Otras,1747901,734,0,0,0.0,0.02745,0.078579,0.566
A004149,Consumo,Metropolitana,1263103,941,0,0,0.0,0.001718,0.004315,0.5765
A001281,Tarjeta,Biobío,1779392,854,0,3096609,0.4,0.005546,0.015552,0.7025
A014239,Tarjeta,Valparaíso,4124496,762,0,8329762,0.4,0.018966,0.05303,0.6952
A011999,Tarjeta,Otras,2429309,944,0,1598850,0.4,0.00165,0.004378,0.7872
A002267,Consumo,Otras,275126,844,0,0,0.0,0.006343,0.020546,0.5768
A004724,Consumo,Metropolitana,1452117,888,0,0,0.0,0.00351,0.007607,0.6498
A007768,Consumo,Metropolitana,1312245,615,90,0,0.0,0.123526,0.315532,0.6703
A005218,Microempresa,Metropolitana,3367161,767,0,2397347,0.4,0.017749,0.056721,0.6648
A013266,Microempresa,Otras,1543739,860,87,3355238,0.4,0.005116,0.013544,0.5698
A012232,Consumo,Otras,9913904,804,0,0,0.0,0.010841,0.02498,0.6523
A011486,Consumo,Metropolitana,1153017,735,90,0,0.0,0.027091,0.075802,0.5492
A010911,Tarjeta,Valparaíso,421660,763,0,203329,0.4,0.018716,0.051126,0.7611
A004146,Consumo,Valparaíso,843014,950,56,0,0.0,0.001522,0.004674,0.624
A001398,Consumo,Otras,805487,950,0,0,0.0,0.001522,0.004494,0.5833
A014829,Consumo,Metropolitana,632284,917,39,0,0.0,0.002375,0.00681,0.6064
A004622,Consumo,Metropolitana,2336135,863,0,0,0.0,0.004914,0.014121,0.5361
A005570,Tarjeta,Metropolitana,1906837,830,176,1233372,0.4,0.007654,0.016668,0.6748
A001706,Consumo,Otras,1072593,950,0,0,0.0,0.001522,0.003451,0.5941
A011093,Automotriz,Metropolitana,741433,870,0,0,0.0,0.004472,0.013804,0.3876
A003732,Consumo,Otras,1123084,631,0,0,0.0,0.101956,0.307141,0.6111
A005376,Consumo,Metropolitana,1519545,878,0,0,0.0,0.004016,0.013246,0.6202
A009925,Automotriz,Valparaíso,1600913,807,0,0,0.0,0.010415,0.03471,0.4438
A001418,Tarjeta,Metropolitana,1734269,769,0,1277653,0.4,0.017284,0.044884,0.7661
A006566,Tarjeta,Otras,1774912,674,0,3589516,0.4,0.059706,0.184928,0.7224
A014472,Consumo,Metropolitana,1294402,700,0,0,0.0,0.042774,0.142848,0.6773
A004983,Tarjeta,Otras,3655770,819,0,6780270,0.4,0.00887,0.028526,0.7222
A013935,Consumo,Otras,872149,834,0,0,0.0,0.007254,0.018073,0.7057
A010806,Automotriz,Metropolitana,2250317,661,0,0,0.0,0.070366,0.237826,0.4533
A008234,Tarjeta,Biobío,527172,799,0,597865,0.4,0.01159,0.035031,0.7086
A014200,Consumo,Otras,1145015,883,0,0,0.0,0.003754,0.008244,0.6706
A007708,Consumo,Otras,11070451,833,0,0,0.0,0.007352,0.021585,0.629
A009582,Automotriz,Metropolitana,2561262,781,0,0,0.0,0.014735,0.047241,0.4375
A012032,Microempresa,Metropolitana,7608017,879,90,3063665,0.4,0.003962,0.010171,0.5701
A003772,Tarjeta,Biobío,2760791,900,0,2226988,0.4,0.002986,0.009573,0.7309
A013498,Consumo,Metropolitana,913963,806,0,0,0.0,0.010555,0.028551,0.6301
A007837,Consumo,Biobío,2095996,912,0,0,0.0,0.00254,0.005486,0.6718
A012110,Automotriz,Metropolitana,2975634,916,85,0,0.0,0.002407,0.007692,0.3634
A006167,Consumo,Biobío,852281,917,0,0,0.0,0.002375,0.00518,0.658
A008958,Tarjeta,Metropolitana,1963121,562,0,4288712,0.4,0.223872,0.752622,0.7391
A008183,Tarjeta,Metropolitana,1459695,877,0,2862863,0.4,0.00407,0.009114,0.7653
A005518,Automotriz,Metropolitana,1434944,921,0,0,0.0,0.00225,0.007425,0.361
A007409,Consumo,Metropolitana,533361,881,0,0,0.0,0.003857,0.008729,0.6414
A012627,Tarjeta,Valparaíso,194879,785,0,338573,0.4,0.01397,0.037879,0.711
A006395,Consumo,Metropolitana,281168,883,0,0,0.0,0.003754,0.011252,0.6315
A011139,Automotriz,Metropolitana,139294,799,0,0,0.0,0.01159,0.026849,0.3595
A006113,Tarjeta,Metropolitana,1118912,936,0,1133719,0.4,0.001838,0.004689,0.7399
A011162,Consumo,Otras,1302702,702,54,0,0.0,0.041681,0.10316,0.6366
A006920,Tarjeta,Metropolitana,1562342,950,0,1698855,0.4,0.001522,0.004573,0.7711
A000640,Tarjeta,Valparaíso,516439,783,0,949882,0.4,0.014347,0.048313,0.7334
A007165,Tarjeta,Metropolitana,1310550,836,0,1090238,0.4,0.007062,0.022444,0.75
A000096,Tarjeta,Metropolitana,3753104,787,0,4917739,0.4,0.013603,0.029752,0.7155
A008776,Consumo,Biobío,6885354,757,0,0,0.0,0.020265,0.046493,0.6689
A011310,Microempresa,Biobío,2324737,924,0,4456635,0.4,0.002161,0.004674,0.5489
A013938,Consumo,Metropolitana,3922682,858,0,0,0.0,0.005255,0.011116,0.608
A000217,Automotriz,Valparaíso,117304,950,0,0,0.0,0.001522,0.004015,0.413
A000449,Consumo,Otras,2942341,799,0,0,0.0,0.01159,0.038445,0.5895
A007988,Consumo,Metropolitana,767211,705,1,0,0.0,0.040091,0.116624,0.6382
A009321,Consumo,Metropolitana,1578271,801,0,0,0.0,0.011285,0.02934,0.6891
A002967,Microempresa,Otras,821960,866,36,471730,0.4,0.004719,0.014902,0.6175
A014312,Automotriz,Biobío,644003,896,0,0,0.0,0.003151,0.007004,0.3418
A014821,Automotriz,Metropolitana,609036,914,0,0,0.0,0.002473,0.006974,0.403
A010452,Consumo,Valparaíso,776312,843,0,0,0.0,0.006429,0.017205,0.5838
A007057,Microempresa,Biobío,568576,726,0,619233,0.4,0.030488,0.086189,0.5085
A012821,Automotriz,Metropolitana,331485,853,0,0,0.0,0.005621,0.018876,0.438
A010233,Tarjeta,Metropolitana,706542,872,0,474206,0.4,0.004353,0.013644,0.6722
A002317,Automotriz,Metropolitana,3274155,876,0,0,0.0,0.004125,0.009073,0.3877
A012839,Tarjeta,Biobío,1409744,659,199,871963,0.4,0.072155,0.244835,0.6981
A006819,Microempresa,Metropolitana,771835,820,0,886375,0.4,0.008752,0.018779,0.5915
A004381,Consumo,Metropolitana,1819213,859,0,0,0.0,0.005185,0.017288,0.5163
A014597,Consumo,Otras,783714,854,21,0,0.0,0.005546,0.014166,0.6706
A003942,Microempresa,Metropolitana,2489161,749,296,1856913,0.4,0.022527,0.068739,0.5936
A001753,Consumo,Otras,1054734,864,0,0,0.0,0.004848,0.010861,0.5306
A006871,Consumo,Metropolitana,1324406,911,0,0,0.0,0.002575,0.006677,0.65
A000102,Consumo,Otras,2954804,809,0,0,0.0,0.01014,0.033144,0.5715
A008134,Tarjeta,Otras,4049000,872,0,4024819,0.4,0.004353,0.010259,0.7833
A002903,Consumo,Metropolitana,578542,765,0,0,0.0,0.018226,0.050366,0.5989
A003386,Consumo,Otras,270477,810,0,0,0.0,0.010005,0.02646,0.5675
A003850,Consumo,Metropolitana,465050,836,25,0,0.0,0.007062,0.018752,0.7151
A000088,Consumo,Valparaíso,843808,907,0,0,0.0,0.002717,0.008285,0.6791
A004741,Consumo,Metropolitana,785323,853,0,0,0.0,0.005621,0.014913,0.6451
A010601,Consumo,Biobío,2671129,868,90,0,0.0,0.004594,0.013088,0.6029
A004703,Tarjeta,Metropolitana,454487,837,0,461840,0.4,0.006968,0.022755,0.7297
A006891,Consumo,Otras,635733,806,0,0,0.0,0.010555,0.03511,0.613
A006038,Consumo,Otras,975206,882,0,0,0.0,0.003805,0.009327,0.6797
A002628,Tarjeta,Valparaíso,210029,840,66,170203,0.4,0.006693,0.015572,0.6419
A011337,Consumo,Metropolitana,578936,875,0,0,0.0,0.004181,0.013991,0.5991
A014578,Tarjeta,Biobío,2102180,818,0,4340611,0.4,0.008989,0.028231,0.6289
A008456,Tarjeta,Otras,767565,950,0,1685286,0.4,0.001522,0.004362,0.7023
A001771,Consumo,Metropolitana,1870015,768,0,0,0.0,0.017515,0.047029,0.657
A008197,Consumo,Valparaíso,2024367,950,0,0,0.0,0.001522,0.004619,0.6004
A013474,Microempresa,Metropolitana,1588878,912,0,3386421,0.4,0.00254,0.00665,0.5632
A004726,Tarjeta,Otras,3150834,728,111,3323805,0.4,0.029699,0.093604,0.6394
A012969,Automotriz,Metropolitana,494401,773,0,0,0.0,0.016389,0.045162,0.4343
A010196,Automotriz,Otras,609170,833,0,0,0.0,0.007352,0.0229,0.3652
A011952,Consumo,Metropolitana,265527,885,0,0,0.0,0.003655,0.011438,0.6416
A006873,Tarjeta,Metropolitana,1210751,852,0,1818564,0.4,0.005697,0.018771,0.6854
A002924,Consumo,Metropolitana,2198311,804,0,0,0.0,0.010841,0.022896,0.525
A008488,Consumo,Biobío,2953707,823,114,0,0.0,0.008407,0.020456,0.6346
A009509,Consumo,Valparaíso,3676853,659,0,0,0.0,0.072155,0.222446,0.5322
A013554,Consumo,Metropolitana,3617451,860,0,0,0.0,0.005116,0.013524,0.5952
A008645,Tarjeta,Metropolitana,866132,808,0,1217818,0.4,0.010276,0.023481,0.7486
A009082,Automotriz,Otras,3273956,776,53,0,0.0,0.015749,0.037975,0.3754
A000101,Automotriz,Metropolitana,159288,893,0,0,0.0,0.003281,0.008278,0.4081
A013693,Tarjeta,Valparaíso,1796834,806,87,3807125,0.4,0.010555,0.031458,0.6634
A011499,Microempresa,Metropolitana,750515,950,0,1527066,0.4,0.001522,0.003224,0.5529
A003109,Consumo,Metropolitana,6381179,818,0,0,0.0,0.008989,0.023341,0.5933
A005677,Consumo,Metropolitana,2636831,907,0,0,0.0,0.002717,0.008206,0.596
A005020,Automotriz,Biobío,1651532,790,0,0,0.0,0.013069,0.037927,0.4567
A001916,Consumo,Metropolitana,1363090,859,0,0,0.0,0.005185,0.012106,0.5932
A006024,Tarjeta,Otras,6362697,725,0,10189386,0.4,0.03089,0.067738,0.7027
A003160,Microempresa,Biobío,1118718,894,0,1142174,0.4,0.003237,0.007228,0.5513
A007446,Tarjeta,Biobío,2527951,769,0,2184325,0.4,0.017284,0.046864,0.6273
A004239,Automotriz,Valparaíso,2101479,824,0,0,0.0,0.008295,0.019039,0.3897
A002642,Tarjeta,Metropolitana,302235,837,0,658510,0.4,0.006968,0.019612,0.7664
A002829,Consumo,Metropolitana,93353,894,0,0,0.0,0.003237,0.010965,0.6395
A007070,Tarjeta,Biobío,1510824,840,0,1696050,0.4,0.006693,0.018117,0.7482
A003281,Automotriz,Otras,2609812,923,0,0,0.0,0.00219,0.006027,0.3472
A014478,Consumo,Metropolitana,680970,856,0,0,0.0,0.005399,0.011888,0.6038
A006042,Tarjeta,Valparaíso,2518615,844,21,3560748,0.4,0.006343,0.019925,0.7702
A000897,Tarjeta,Metropolitana,728861,784,90,1302379,0.4,0.014158,0.036796,0.7562
A004929,Tarjeta,Biobío,1535838,950,0,1047749,0.4,0.001522,0.004107,0.7036
A008897,Consumo,Metropolitana,1917778,729,0,0,0.0,0.029312,0.093232,0.6537
A008484,Tarjeta,Metropolitana,2936371,615,354,971780,0.4,0.123526,0.308516,0.6549
A007674,Consumo,Valparaíso,1333523,794,63,0,0.0,0.01239,0.026803,0.6223
A012126,Automotriz,Metropolitana,1109718,897,0,0,0.0,0.003109,0.009531,0.3252
A013451,Automotriz,Otras,223958,935,0,0,0.0,0.001863,0.005807,0.3804
A004032,Consumo,Metropolitana,1156963,905,0,0,0.0,0.002792,0.008824,0.5946
A002586,Consumo,Metropolitana,4247575,846,127,0,0.0,0.006175,0.020586,0.5502
A009475,Tarjeta,Metropolitana,313740,950,0,103879,0.4,0.001522,0.004232,0.7356
A002907,Automotriz,Valparaíso,1018267,852,0,0,0.0,0.005697,0.013094,0.3573
A014276,Microempresa,Metropolitana,3695853,793,0,5818477,0.4,0.012557,0.029109,0.5701
A001116,Consumo,Otras,462868,950,39,0,0.0,0.001522,0.004068,0.5679
A014415,Consumo,Valparaíso,1575978,716,0,0,0.0,0.034746,0.094588,0.5532
A011372,Automotriz,Biobío,1509324,785,0,0,0.0,0.01397,0.042545,0.3162
A007987,Consumo,Valparaíso,659418,940,0,0,0.0,0.001741,0.003889,0.5834
A008759,Tarjeta,Biobío,2907261,851,0,6020929,0.4,0.005774,0.018755,0.6389
A012994,Automotriz,Otras,239065,839,0,0,0.0,0.006783,0.01482,0.3515
A009107,Automotriz,Metropolitana,1813098,908,0,0,0.0,0.002681,0.008323,0.3971
A007980,Automotriz,Metropolitana,1457898,920,0,0,0.0,0.00228,0.007336,0.3839
A008107,Consumo,Metropolitana,1108810,789,0,0,0.0,0.013245,0.036509,0.6234
A006768,Tarjeta,Metropolitana,2267489,728,0,4180091,0.4,0.029699,0.070983,0.8027
A005109,Consumo,Valparaíso,1299952,853,0,0,0.0,0.005621,0.015334,0.6192
A002063,Tarjeta,Metropolitana,3411984,654,0,1995129,0.4,0.076811,0.185914,0.6752
A001421,Tarjeta,Otras,165860,840,0,107893,0.4,0.006693,0.019508,0.679
A010402,Tarjeta,Biobío,2582018,672,182,2212407,0.4,0.061242,0.172972,0.6822
A009726,Consumo,Otras,693113,950,0,0,0.0,0.001522,0.00474,0.6061
A002148,Consumo,Metropolitana,3479582,820,336,0,0.0,0.008752,0.028576,0.6121
A002224,Automotriz,Metropolitana,1908049,731,0,0,0.0,0.028553,0.088048,0.3358
A011371,Automotriz,Valparaíso,1932171,799,0,0,0.0,0.01159,0.03612,0.4252
A012516,Consumo,Otras,1953817,707,247,0,0.0,0.039064,0.123722,0.6697
A008017,Consumo,Metropolitana,1599915,816,0,0,0.0,0.009233,0.023379,0.701
A009660,Automotriz,Biobío,4614925,914,0,0,0.0,0.002473,0.007225,0.4078
A009865,Consumo,Metropolitana,2846123,773,0,0,0.0,0.016389,0.039548,0.6155
A002359,Consumo,Metropolitana,975666,772,0,0,0.0,0.016609,0.037103,0.618
A011000,Consumo,Metropolitana,1286792,918,0,0,0.0,0.002343,0.007655,0.6486
A003488,Microempresa,Biobío,754612,878,0,1232678,0.4,0.004016,0.011367,0.6116
A005966,Consumo,Metropolitana,2844257,900,0,0,0.0,0.002986,0.008816,0.6746
A012231,Consumo,Otras,251569,834,0,0,0.0,0.007254,0.021016,0.6564
A002944,Consumo,Metropolitana,625712,840,47,0,0.0,0.006693,0.019452,0.6328
A011884,Consumo,Metropolitana,1396911,758,0,0,0.0,0.019999,0.059729,0.6631
A012534,Automotriz,Otras,2236923,838,0,0,0.0,0.006875,0.020566,0.4548
A001622,Microempresa,Metropolitana,314567,884,0,409058,0.4,0.003704,0.010232,0.447
A001347,Tarjeta,Metropolitana,802615,798,31,1155712,0.4,0.011746,0.027828,0.8029
A012758,Consumo,Metropolitana,2471219,579,121,0,0.0,0.186491,0.529346,0.6638
A010945,Consumo,Metropolitana,1843815,669,0,0,0.0,0.063614,0.165574,0.6854
A005626,Consumo,Metropolitana,509797,818,0,0,0.0,0.008989,0.020715,0.6122
A002072,Automotriz,Valparaíso,3794322,950,0,0,0.0,0.001522,0.004002,0.3887
A014063,Consumo,Metropolitana,4541976,762,90,0,0.0,0.018966,0.045657,0.6501
A002679,Automotriz,Metropolitana,2847612,695,0,0,0.0,0.045628,0.111624,0.3418
A010075,Microempresa,Valparaíso,7492857,821,21,14222313,0.4,0.008635,0.02498,0.5602
A013606,Consumo,Metropolitana,1043008,745,0,0,0.0,0.023748,0.055522,0.6147
A010838,Tarjeta,Otras,1175457,770,0,2570375,0.4,0.017056,0.039826,0.7587
A011344,Automotriz,Otras,685691,869,412,0,0.0,0.004533,0.013463,0.3724
A006506,Consumo,Otras,1080510,894,0,0,0.0,0.003237,0.006819,0.6257
A011856,Microempresa,Metropolitana,975794,950,0,1079140,0.4,0.001522,0.00478,0.52
A007548,Consumo,Biobío,997949,884,0,0,0.0,0.003704,0.011046,0.5915
A010561,Consumo,Valparaíso,1484194,846,0,0,0.0,0.006175,0.019941,0.6476
A005783,Consumo,Metropolitana,1060387,752,0,0,0.0,0.021651,0.070856,0.6191
A001023,Tarjeta,Metropolitana,2188234,533,298,1844432,0.4,0.299149,0.8449,0.7546
A001576,Tarjeta,Metropolitana,5129520,940,0,1890450,0.4,0.001741,0.005555,0.6532
A006306,Consumo,Valparaíso,2019738,840,0,0,0.0,0.006693,0.014555,0.6684
A013359,Consumo,Biobío,1695728,789,0,0,0.0,0.013245,0.028341,0.6162
A014131,Tarjeta,Otras,346072,853,0,446554,0.4,0.005621,0.018733,0.7416
A014605,Automotriz,Metropolitana,625192,859,0,0,0.0,0.005185,0.01417,0.3891
A000533,Automotriz,Valparaíso,1593918,738,48,0,0.0,0.026043,0.084938,0.3962
A002543,Automotriz,Valparaíso,917820,793,0,0,0.0,0.012557,0.033047,0.4248
A009940,Consumo,Metropolitana,427682,825,0,0,0.0,0.008184,0.023615,0.6956
A012916,Consumo,Metropolitana,5039717,893,174,0,0.0,0.003281,0.010384,0.6669
A000371,Automotriz,Biobío,403321,749,0,0,0.0,0.022527,0.067487,0.3776
A002320,Consumo,Metropolitana,3673515,910,0,0,0.0,0.00261,0.006173,0.6142
A013803,Consumo,Metropolitana,1459295,837,85,0,0.0,0.006968,0.021695,0.6622
A005777,Automotriz,Metropolitana,3064204,736,0,0,0.0,0.026737,0.065415,0.415
A000637,Tarjeta,Metropolitana,1038561,755,0,1368532,0.4,0.020809,0.066056,0.7478
A013387,Automotriz,Metropolitana,447962,790,0,0,0.0,0.013069,0.030989,0.336
A004387,Consumo,Metropolitana,587228,859,0,0,0.0,0.005185,0.015588,0.6285
A014757,Consumo,Biobío,827212,782,0,0,0.0,0.01454,0.033419,0.6312
A013867,Consumo,Otras,2496181,884,0,0,0.0,0.003704,0.012458,0.6449
A012503,Tarjeta,Otras,1826834,748,314,2574256,0.4,0.022826,0.064165,0.6442
A013082,Consumo,Metropolitana,1551122,872,0,0,0.0,0.004353,0.010929,0.5659
A004537,Tarjeta,Metropolitana,4196400,780,0,7822398,0.4,0.014932,0.042314,0.6851
A007682,Automotriz,Metropolitana,1412165,727,0,0,0.0,0.030091,0.090158,0.3588
A001161,Consumo,Metropolitana,861209,819,0,0,0.0,0.00887,0.01923,0.6521
A014917,Tarjeta,Metropolitana,459253,916,1,978565,0.4,0.002407,0.00704,0.7022
A007513,Tarjeta,Valparaíso,221337,950,0,230255,0.4,0.001522,0.004944,0.6536
A009528,Microempresa,Valparaíso,1169358,829,0,2179442,0.4,0.007757,0.026031,0.7101
A011755,Consumo,Metropolitana,1386893,949,0,0,0.0,0.001542,0.003739,0.6017
A012862,Tarjeta,Metropolitana,4758342,792,0,6261114,0.4,0.012725,0.034987,0.6258
A005074,Tarjeta,Metropolitana,157367,863,0,334772,0.4,0.004914,0.013207,0.7383
A011706,Consumo,Metropolitana,1328829,867,0,0,0.0,0.004656,0.013021,0.5899
A009053,Tarjeta,Otras,1193364,870,0,2180861,0.4,0.004472,0.013312,0.7104
A005794,Tarjeta,Biobío,1847859,792,0,2248875,0.4,0.012725,0.038249,0.7603
A014486,Consumo,Biobío,951789,923,0,0,0.0,0.00219,0.007357,0.5704
A003782,Tarjeta,Biobío,1826495,812,0,673858,0.4,0.009741,0.030511,0.7015
A010718,Automotriz,Valparaíso,1550428,863,0,0,0.0,0.004914,0.013399,0.3965
A001762,Consumo,Biobío,302549,760,0,0,0.0,0.019476,0.043569,0.5354
A006330,Consumo,Metropolitana,2333962,948,0,0,0.0,0.001563,0.003513,0.7003
A012725,Consumo,Biobío,447371,817,0,0,0.0,0.00911,0.02655,0.6129
A011791,Consumo,Metropolitana,1019980,656,0,0,0.0,0.074916,0.233732,0.648
A007089,Tarjeta,Metropolitana,807422,906,0,1514928,0.4,0.002754,0.005984,0.7456
A000687,Tarjeta,Metropolitana,429803,922,87,563057,0.4,0.00222,0.005156,0.7147
A009931,Automotriz,Biobío,916502,844,0,0,0.0,0.006343,0.014713,0.445
A001876,Tarjeta,Metropolitana,4743919,744,0,2848056,0.4,0.024063,0.075269,0.678
A004325,Microempresa,Metropolitana,295965,810,0,340039,0.4,0.010005,0.028217,0.5974
A004825,Consumo,Biobío,945015,820,0,0,0.0,0.008752,0.026912,0.6244
A005486,Consumo,Metropolitana,6734518,651,222,0,0.0,0.079736,0.271083,0.6705
A014971,Consumo,Biobío,3970428,627,172,0,0.0,0.107013,0.357121,0.5784
A009177,Consumo,Metropolitana,1851952,841,0,0,0.0,0.006604,0.018136,0.6286
A007670,Consumo,Metropolitana,441315,887,0,0,0.0,0.003557,0.008887,0.6595
A002848,Tarjeta,Metropolitana,3946947,795,0,7239624,0.4,0.012226,0.030939,0.6194
A000531,Automotriz,Otras,4655713,889,0,0,0.0,0.003463,0.008491,0.3674
A009398,Tarjeta,Metropolitana,1790533,804,0,3326861,0.4,0.010841,0.034152,0.7322
A003606,Consumo,Metropolitana,1194752,688,243,0,0.0,0.049928,0.14297,0.6063
A003412,Consumo,Otras,514786,813,56,0,0.0,0.009612,0.029324,0.6929
A006880,Consumo,Metropolitana,4157303,776,0,0,0.0,0.015749,0.03696,0.5953
A012638,Tarjeta,Valparaíso,497797,860,0,1012660,0.4,0.005116,0.010936,0.6092
A013446,Consumo,Metropolitana,1088310,878,0,0,0.0,0.004016,0.01269,0.6079
A012962,Tarjeta,Metropolitana,957221,823,0,1815857,0.4,0.008407,0.026043,0.6775
A003407,Consumo,Metropolitana,493530,906,0,0,0.0,0.002754,0.008863,0.5841
A013270,Microempresa,Valparaíso,1366566,875,0,2957033,0.4,0.004181,0.013724,0.698
A014809,Tarjeta,Metropolitana,7471385,904,0,14074503,0.4,0.002829,0.008501,0.7205
A011272,Consumo,Metropolitana,783614,801,0,0,0.0,0.011285,0.029787,0.6126
A001951,Tarjeta,Otras,598710,836,0,373344,0.4,0.007062,0.020732,0.7422
A006207,Automotriz,Otras,825505,778,0,0,0.0,0.015335,0.037033,0.4431
A000003,Tarjeta,Valparaíso,684469,910,0,1310048,0.4,0.00261,0.008546,0.6095
A006383,Microempresa,Metropolitana,2086107,614,0,1229395,0.4,0.124996,0.343434,0.5474
A007919,Tarjeta,Metropolitana,3442062,783,0,5386271,0.4,0.014347,0.037242,0.7419
A011447,Automotriz,Metropolitana,2409828,696,0,0,0.0,0.045043,0.144032,0.3481
A010170,Consumo,Metropolitana,1374575,848,0,0,0.0,0.006011,0.01408,0.6315
A014094,Tarjeta,Biobío,1484633,838,0,2906555,0.4,0.006875,0.021374,0.6446
A013186,Consumo,Metropolitana,2270260,890,0,0,0.0,0.003417,0.008297,0.6511
A000392,Consumo,Metropolitana,1487164,926,0,0,0.0,0.002103,0.006729,0.5394
A002204,Consumo,Valparaíso,2432398,834,112,0,0.0,0.007254,0.020138,0.6947
A000679,Tarjeta,Valparaíso,181209,875,0,68330,0.4,0.004181,0.009748,0.6966
A006868,Consumo,Metropolitana,406507,781,0,0,0.0,0.014735,0.047286,0.4511
A013129,Tarjeta,Otras,1931297,889,0,2672911,0.4,0.003463,0.010146,0.6988
A013831,Consumo,Biobío,2464460,882,0,0,0.0,0.003805,0.008445,0.6267
A001057,Tarjeta,Otras,1114509,883,14,2351727,0.4,0.003754,0.010251,0.6643
A004956,Automotriz,Otras,4977570,780,0,0,0.0,0.014932,0.035036,0.4234
A002023,Consumo,Metropolitana,3070602,813,0,0,0.0,0.009612,0.023695,0.6687
A008519,Tarjeta,Metropolitana,747076,784,0,584554,0.4,0.014158,0.037618,0.7863
A007506,Microempresa,Otras,238663,847,0,111785,0.4,0.006092,0.013723,0.4882
A012431,Automotriz,Metropolitana,850662,787,0,0,0.0,0.013603,0.034947,0.3057
A011792,Microempresa,Otras,4119447,856,320,2316530,0.4,0.005399,0.013407,0.5778
A003040,Tarjeta,Otras,254764,950,0,483211,0.4,0.001522,0.003597,0.6938
A003760,Tarjeta,Metropolitana,544851,875,0,1036324,0.4,0.004181,0.010077,0.6935
A003373,Consumo,Metropolitana,447810,805,0,0,0.0,0.010697,0.02517,0.6421
A003989,Consumo,Valparaíso,1926679,815,0,0,0.0,0.009358,0.028232,0.6603
A004291,Tarjeta,Otras,2954489,855,0,1262635,0.4,0.005472,0.012047,0.6786
A003661,Tarjeta,Biobío,773472,722,0,1254701,0.4,0.032127,0.107902,0.7391
A013291,Consumo,Metropolitana,1296940,941,0,0,0.0,0.001718,0.005756,0.5629
A010137,Consumo,Biobío,253040,783,0,0,0.0,0.014347,0.03406,0.6305
A010047,Consumo,Otras,789744,935,0,0,0.0,0.001863,0.004097,0.6019
A001423,Consumo,Metropolitana,908807,799,0,0,0.0,0.01159,0.034369,0.5879
A000365,Tarjeta,Metropolitana,1029919,842,0,1380163,0.4,0.006516,0.014593,0.7167
A014093,Consumo,Metropolitana,1348725,746,0,0,0.0,0.023437,0.05262,0.5815
A001604,Consumo,Metropolitana,565729,884,0,0,0.0,0.003704,0.011071,0.7321
A010176,Consumo,Metropolitana,287506,855,0,0,0.0,0.005472,0.015274,0.5956
A012955,Automotriz,Metropolitana,187136,814,0,0,0.0,0.009484,0.022238,0.4683
A003669,Consumo,Valparaíso,983298,890,0,0,0.0,0.003417,0.011165,0.6719
A006437,Consumo,Valparaíso,2309063,706,96,0,0.0,0.039575,0.124538,0.6014
A006977,Consumo,Metropolitana,302017,928,0,0,0.0,0.002047,0.006423,0.5779
A004494,Tarjeta,Otras,4452107,857,0,8442517,0.4,0.005326,0.017417,0.6897
A013532,Consumo,Valparaíso,1328807,826,0,0,0.0,0.008076,0.018885,0.5929
A004525,Consumo,Metropolitana,2034962,589,111,0,0.0,0.166851,0.513322,0.6863
A009359,Automotriz,Metropolitana,2093361,853,0,0,0.0,0.005621,0.017609,0.4822
A008242,Tarjeta,Metropolitana,2446438,731,0,2602757,0.4,0.028553,0.079315,0.6904
A000689,Microempresa,Biobío,1278645,819,135,2497656,0.4,0.00887,0.020446,0.5212
A008353,Consumo,Otras,1619258,788,0,0,0.0,0.013423,0.034474,0.7134
A003593,Microempresa,Otras,4411522,872,0,6984206,0.4,0.004353,0.009433,0.5595
A002098,Tarjeta,Metropolitana,1870529,721,0,3456070,0.4,0.03255,0.087046,0.7626
A009894,Automotriz,Otras,1820792,867,0,0,0.0,0.004656,0.010369,0.455
A001384,Consumo,Metropolitana,989219,724,0,0,0.0,0.031297,0.084471,0.6968
A007462,Tarjeta,Metropolitana,802759,849,0,1471644,0.4,0.005931,0.016005,0.7507
A013234,Microempresa,Metropolitana,4380449,823,0,5475015,0.4,0.008407,0.025748,0.5318
A011572,Consumo,Otras,1423246,763,0,0,0.0,0.018716,0.059753,0.7074
A009167,Tarjeta,Metropolitana,4749316,913,0,9553840,0.4,0.002506,0.005652,0.7068
A013526,Tarjeta,Otras,830094,792,0,1218691,0.4,0.012725,0.038546,0.6552
A004238,Consumo,Metropolitana,1854741,922,0,0,0.0,0.00222,0.005698,0.669
A001907,Consumo,Valparaíso,896230,868,0,0,0.0,0.004594,0.015513,0.7039
A009775,Consumo,Metropolitana,393014,831,0,0,0.0,0.007552,0.016743,0.5943
A008960,Tarjeta,Otras,1922569,854,0,4205474,0.4,0.005546,0.01839,0.6719
A013886,Tarjeta,Metropolitana,974550,883,0,2031856,0.4,0.003754,0.012445,0.6822
A004696,Consumo,Metropolitana,2000924,767,0,0,0.0,0.017749,0.037597,0.6735
A003836,Tarjeta,Otras,1545311,784,0,1574150,0.4,0.014158,0.030503,0.6719
A008202,Consumo,Metropolitana,920133,950,19,0,0.0,0.001522,0.003748,0.5942
A005764,Consumo,Metropolitana,3091466,879,0,0,0.0,0.003962,0.010255,0.6573
A000260,Automotriz,Otras,4696108,873,0,0,0.0,0.004295,0.011747,0.3292
A000600,Consumo,Biobío,2722542,816,0,0,0.0,0.009233,0.025991,0.6501
A012164,Consumo,Otras,1306852,861,0,0,0.0,0.005048,0.011758,0.6051
A011446,Consumo,Metropolitana,1551789,798,0,0,0.0,0.011746,0.033748,0.6191
A013214,Automotriz,Valparaíso,296800,902,0,0,0.0,0.002907,0.006563,0.39
A004833,Consumo,Metropolitana,623083,872,0,0,0.0,0.004353,0.011689,0.7311
A002798,Automotriz,Metropolitana,2850348,739,0,0,0.0,0.025702,0.080648,0.4052
A005000,Consumo,Metropolitana,601903,797,0,0,0.0,0.011904,0.035865,0.6445
A010491,Automotriz,Otras,1629747,844,87,0,0.0,0.006343,0.017357,0.4284
A009543,Consumo,Valparaíso,2589460,757,90,0,0.0,0.020265,0.045834,0.5665
A012415,Consumo,Metropolitana,1019101,950,50,0,0.0,0.001522,0.003572,0.6864
A001440,Consumo,Otras,4898396,840,0,0,0.0,0.006693,0.016955,0.5698
A001515,Tarjeta,Otras,1481268,788,87,2259037,0.4,0.013423,0.037307,0.7389
A000008,Consumo,Valparaíso,1634583,926,0,0,0.0,0.002103,0.005126,0.6856
A005183,Consumo,Valparaíso,2706319,830,0,0,0.0,0.007654,0.017157,0.5214
A000673,Tarjeta,Valparaíso,509587,844,0,247473,0.4,0.006343,0.021306,0.7234
A009809,Consumo,Otras,1321810,822,0,0,0.0,0.00852,0.020903,0.6324
A010566,Consumo,Metropolitana,1911615,750,90,0,0.0,0.022231,0.047268,0.647
A006360,Consumo,Valparaíso,4984683,686,90,0,0.0,0.051226,0.127733,0.609
A014325,Automotriz,Metropolitana,1333888,801,0,0,0.0,0.011285,0.034675,0.4666
A010697,Microempresa,Metropolitana,1724393,804,0,1486668,0.4,0.010841,0.034315,0.5383
A013398,Consumo,Biobío,5148013,944,0,0,0.0,0.00165,0.003692,0.6161
A011731,Automotriz,Otras,4745257,849,39,0,0.0,0.005931,0.016821,0.4679
A014450,Automotriz,Valparaíso,978862,909,0,0,0.0,0.002645,0.007696,0.427
A002254,Consumo,Otras,899391,910,0,0,0.0,0.00261,0.00565,0.5933
A006105,Tarjeta,Valparaíso,3593881,805,90,5282856,0.4,0.010697,0.033887,0.6886
A011586,Consumo,Otras,1927798,798,7,0,0.0,0.011746,0.036858,0.5753
A001378,Consumo,Otras,1126965,825,0,0,0.0,0.008184,0.024557,0.5834
A000173,Consumo,Metropolitana,2254680,738,0,0,0.0,0.026043,0.085935,0.6743
A002051,Tarjeta,Metropolitana,454051,865,0,567769,0.4,0.004783,0.013053,0.7523
A013336,Automotriz,Metropolitana,827907,855,0,0,0.0,0.005472,0.017221,0.3149
A001074,Microempresa,Metropolitana,1719482,806,240,3501028,0.4,0.010555,0.023468,0.6396
A010528,Tarjeta,Valparaíso,880297,926,0,1694569,0.4,0.002103,0.005552,0.7305
A013326,Tarjeta,Metropolitana,1558390,793,0,598231,0.4,0.012557,0.034306,0.7942
A005047,Consumo,Otras,429074,796,90,0,0.0,0.012064,0.038738,0.635
A006524,Consumo,Biobío,1936337,848,0,0,0.0,0.006011,0.013868,0.5733
A000891,Microempresa,Biobío,3365729,903,137,7293100,0.4,0.002868,0.008056,0.5335
A014958,Automotriz,Otras,902650,879,0,0,0.0,0.003962,0.010382,0.392
A009312,Consumo,Metropolitana,1400839,894,0,0,0.0,0.003237,0.009823,0.5179
A010048,Tarjeta,Metropolitana,7343695,857,184,6579941,0.4,0.005326,0.017239,0.7523
A006047,Microempresa,Metropolitana,1169085,800,0,1380674,0.4,0.011436,0.036825,0.595
A000281,Automotriz,Biobío,991810,886,0,0,0.0,0.003606,0.009112,0.4544
A010671,Consumo,Metropolitana,438321,914,0,0,0.0,0.002473,0.005657,0.5345
A003319,Tarjeta,Metropolitana,2305638,844,0,950619,0.4,0.006343,0.020831,0.6524
A000279,Tarjeta,Biobío,1237475,789,0,2312966,0.4,0.013245,0.03472,0.6533
A011836,Consumo,Valparaíso,284298,726,0,0,0.0,0.030488,0.098361,0.6243
A013004,Microempresa,Metropolitana,430278,913,0,757104,0.4,0.002506,0.006828,0.537
A008986,Automotriz,Otras,2893302,950,0,0,0.0,0.001522,0.004277,0.4837
A009529,Consumo,Metropolitana,313057,870,83,0,0.0,0.004472,0.012936,0.6167
A011520,Tarjeta,Otras,970947,822,0,370794,0.4,0.00852,0.02811,0.6526
A008222,Consumo,Otras,400885,879,0,0,0.0,0.003962,0.011853,0.5761
A001568,Automotriz,Biobío,3607573,778,90,0,0.0,0.015335,0.0451,0.3947
A005508,Consumo,Metropolitana,475189,880,21,0,0.0,0.003909,0.012925,0.7054
A006853,Consumo,Otras,2895285,872,0,0,0.0,0.004353,0.01167,0.6257
A007378,Tarjeta,Metropolitana,3195940,779,0,6030435,0.4,0.015132,0.048823,0.7049
A008061,Consumo,Biobío,1230073,841,0,0,0.0,0.006604,0.018942,0.5821
A011454,Consumo,Valparaíso,820481,902,0,0,0.0,0.002907,0.009494,0.605
A012580,Automotriz,Metropolitana,3039416,783,0,0,0.0,0.014347,0.04856,0.4431
A009333,Consumo,Metropolitana,2574496,858,0,0,0.0,0.005255,0.017579,0.5839
A011153,Tarjeta,Metropolitana,1838100,896,75,2391515,0.4,0.003151,0.009314,0.8033
A001432,Consumo,Valparaíso,942811,921,41,0,0.0,0.00225,0.007618,0.6422
A003295,Consumo,Metropolitana,1860383,783,0,0,0.0,0.014347,0.044701,0.5445
A013750,Consumo,Otras,1236515,739,86,0,0.0,0.025702,0.061642,0.6011
A004544,Consumo,Otras,913576,801,0,0,0.0,0.011285,0.028466,0.5706
A012663,Consumo,Biobío,927918,790,50,0,0.0,0.013069,0.029803,0.6575
A000809,Automotriz,Valparaíso,2789362,808,0,0,0.0,0.010276,0.027916,0.3985
A003434,Microempresa,Valparaíso,2166746,867,0,2603844,0.4,0.004656,0.012269,0.531
A009510,Consumo,Otras,3290836,778,0,0,0.0,0.015335,0.041332,0.5438
A001966,Microempresa,Otras,348220,950,0,145951,0.4,0.001522,0.004317,0.5794
A008592,Microempresa,Biobío,4106388,767,0,3286865,0.4,0.017749,0.041168,0.5
A005431,Tarjeta,Metropolitana,694336,793,0,1442661,0.4,0.012557,0.042273,0.719
A014204,Consumo,Valparaíso,2221538,604,0,0,0.0,0.14054,0.466955,0.652
A004899,Automotriz,Metropolitana,1399790,781,0,0,0.0,0.014735,0.040194,0.3355
A001299,Tarjeta,Biobío,4620058,943,0,5955602,0.4,0.001672,0.005129,0.7454
A004883,Automotriz,Biobío,848081,802,0,0,0.0,0.011135,0.034531,0.2766
A005859,Consumo,Metropolitana,551435,795,0,0,0.0,0.012226,0.039861,0.579
A000482,Automotriz,Otras,3301596,728,90,0,0.0,0.029699,0.064123,0.3916
A005215,Automotriz,Biobío,1999635,748,0,0,0.0,0.022826,0.067254,0.4639
A001381,Microempresa,Otras,2306871,940,0,3383924,0.4,0.001741,0.005456,0.5819
A008204,Tarjeta,Otras,6173038,926,0,6502534,0.4,0.002103,0.005485,0.7904
A011237,Consumo,Metropolitana,121567,781,20,0,0.0,0.014735,0.039075,0.5518
A007249,Consumo,Biobío,4869636,758,0,0,0.0,0.019999,0.048215,0.6404
A005429,Consumo,Metropolitana,1336913,880,0,0,0.0,0.003909,0.008389,0.5668
A008408,Tarjeta,Metropolitana,529138,891,0,801008,0.4,0.003371,0.009182,0.5851
A004401,Consumo,Metropolitana,939978,808,0,0,0.0,0.010276,0.034525,0.5681
A009488,Tarjeta,Metropolitana,109366,871,0,53568,0.4,0.004412,0.011898,0.7848
A001975,Tarjeta,Metropolitana,1186393,788,0,2567496,0.4,0.013423,0.039583,0.7234
A012180,Consumo,Metropolitana,765873,766,0,0,0.0,0.017986,0.042144,0.602
A007595,Consumo,Metropolitana,704807,738,25,0,0.0,0.026043,0.054762,0.611
A004269,Consumo,Metropolitana,1592406,821,0,0,0.0,0.008635,0.020292,0.6267
A010876,Consumo,Metropolitana,1235866,828,0,0,0.0,0.007862,0.018879,0.6529
A011566,Consumo,Biobío,1490842,912,0,0,0.0,0.00254,0.005986,0.6554
A008714,Consumo,Metropolitana,2937980,726,0,0,0.0,0.030488,0.077141,0.5064
A009450,Consumo,Biobío,3362986,870,0,0,0.0,0.004472,0.012243,0.6071
A013950,Automotriz,Biobío,676190,737,0,0,0.0,0.026388,0.067669,0.4761
A001263,Microempresa,Otras,1235671,841,0,2418672,0.4,0.006604,0.014517,0.5625
A000309,Consumo,Valparaíso,1263380,795,0,0,0.0,0.012226,0.034111,0.7606
A007463,Consumo,Metropolitana,2118921,719,164,0,0.0,0.033412,0.086204,0.6473
A010090,Consumo,Metropolitana,1998730,713,0,0,0.0,0.036132,0.094944,0.665
A000539,Consumo,Valparaíso,303586,905,0,0,0.0,0.002792,0.007813,0.5265
A000970,Consumo,Otras,449968,708,0,0,0.0,0.03856,0.125476,0.5854
A014741,Consumo,Metropolitana,2189478,905,0,0,0.0,0.002792,0.007715,0.6017
A003901,Tarjeta,Metropolitana,2265697,885,0,3365167,0.4,0.003655,0.010536,0.6624
A003258,Tarjeta,Valparaíso,467188,843,0,583454,0.4,0.006429,0.019456,0.7019
A014320,Consumo,Metropolitana,1303982,752,0,0,0.0,0.021651,0.05599,0.5761
A000163,Consumo,Otras,529019,937,0,0,0.0,0.001813,0.004519,0.6284
A008126,Consumo,Otras,1093912,875,0,0,0.0,0.004181,0.01339,0.6053
A004718,Microempresa,Metropolitana,544310,868,0,614527,0.4,0.004594,0.009992,0.4803
A001565,Automotriz,Metropolitana,2186255,790,0,0,0.0,0.013069,0.030724,0.3439
A009494,Automotriz,Otras,942288,884,0,0,0.0,0.003704,0.009251,0.4034
A008501,Consumo,Biobío,559917,661,0,0,0.0,0.070366,0.182734,0.5715
A012221,Tarjeta,Biobío,1257853,828,0,2531971,0.4,0.007862,0.018073,0.6159
A004687,Tarjeta,Metropolitana,2624674,881,0,5295027,0.4,0.003857,0.011206,0.7328
A009710,Consumo,Metropolitana,2936631,950,49,0,0.0,0.001522,0.004559,0.6531
A000894,Consumo,Metropolitana,667515,745,0,0,0.0,0.023748,0.057977,0.6731
A009998,Consumo,Valparaíso,170417,800,0,0,0.0,0.011436,0.027338,0.5497
A006385,Consumo,Metropolitana,635458,891,48,0,0.0,0.003371,0.007136,0.6344
A005743,Automotriz,Metropolitana,1749853,893,169,0,0.0,0.003281,0.010632,0.5376
A013668,Tarjeta,Otras,2793551,759,0,4520411,0.4,0.019735,0.061563,0.7604
A003528,Automotriz,Metropolitana,1638070,760,0,0,0.0,0.019476,0.065413,0.4155
A006916,Automotriz,Otras,1638233,803,0,0,0.0,0.010987,0.029553,0.3378
A011901,Consumo,Valparaíso,3873668,844,226,0,0.0,0.006343,0.017303,0.6234
A006245,Consumo,Biobío,417390,855,0,0,0.0,0.005472,0.01246,0.4896
A000295,Consumo,Otras,1298302,796,0,0,0.0,0.012064,0.035933,0.6205
A010737,Tarjeta,Metropolitana,1335186,751,0,1993779,0.4,0.021939,0.055001,0.759
A012403,Consumo,Metropolitana,796861,818,0,0,0.0,0.008989,0.019198,0.608
A001300,Consumo,Metropolitana,924871,868,0,0,0.0,0.004594,0.009873,0.5742
A012051,Consumo,Biobío,1198650,878,0,0,0.0,0.004016,0.009923,0.6509
A008808,Tarjeta,Metropolitana,2208528,840,0,4114506,0.4,0.006693,0.017665,0.6762
A011100,Automotriz,Metropolitana,2023598,760,55,0,0.0,0.019476,0.064204,0.3592
A009646,Consumo,Metropolitana,3142638,677,0,0,0.0,0.05747,0.125196,0.5977
A007650,Automotriz,Metropolitana,1733344,893,0,0,0.0,0.003281,0.010375,0.3395
A004767,Consumo,Metropolitana,1616565,950,0,0,0.0,0.001522,0.003639,0.6186
A009231,Consumo,Otras,2680629,758,65,0,0.0,0.019999,0.051247,0.5991
A009644,Automotriz,Valparaíso,2994675,866,0,0,0.0,0.004719,0.012526,0.4459
A012442,Tarjeta,Metropolitana,4463792,804,19,9565368,0.4,0.010841,0.032474,0.7063
A005977,Automotriz,Metropolitana,276687,824,0,0,0.0,0.008295,0.025896,0.3519
A003667,Tarjeta,Otras,201919,857,0,426894,0.4,0.005326,0.014662,0.6405
A005305,Automotriz,Otras,624137,772,59,0,0.0,0.016609,0.046394,0.3116
A009238,Consumo,Otras,6323169,950,1,0,0.0,0.001522,0.004544,0.5757
A008830,Tarjeta,Metropolitana,2657354,774,26,1392931,0.4,0.016173,0.052011,0.7288
A005886,Tarjeta,Metropolitana,1780113,815,243,3194901,0.4,0.009358,0.02353,0.7435
A011779,Consumo,Otras,696627,950,0,0,0.0,0.001522,0.004281,0.6929
A012661,Tarjeta,Otras,3933882,744,83,8361673,0.4,0.024063,0.061094,0.7243
A003631,Consumo,Otras,282460,825,0,0,0.0,0.008184,0.018881,0.6431
A000626,Automotriz,Metropolitana,904501,759,0,0,0.0,0.019735,0.059235,0.4055
A009560,Automotriz,Biobío,2585884,708,0,0,0.0,0.03856,0.096726,0.4077
A006372,Tarjeta,Metropolitana,885266,885,0,1925070,0.4,0.003655,0.010773,0.7115
A005773,Microempresa,Metropolitana,986628,913,25,615178,0.4,0.002506,0.00711,0.531
A000812,Tarjeta,Metropolitana,494072,715,0,306937,0.4,0.035202,0.086799,0.7139
A010847,Consumo,Metropolitana,322376,831,0,0,0.0,0.007552,0.024558,0.6167
A004837,Consumo,Metropolitana,2473986,667,0,0,0.0,0.065243,0.190432,0.5167
A004237,Consumo,Valparaíso,750909,890,0,0,0.0,0.003417,0.008919,0.641
A009235,Tarjeta,Metropolitana,801999,894,48,526884,0.4,0.003237,0.007613,0.6975
A009388,Tarjeta,Otras,4839179,900,0,3795798,0.4,0.002986,0.008671,0.7169
A009387,Tarjeta,Metropolitana,9932531,883,66,4542087,0.4,0.003754,0.012496,0.7565
A006010,Automotriz,Otras,1992423,950,0,0,0.0,0.001522,0.004059,0.4116
A006973,Automotriz,Otras,290918,918,0,0,0.0,0.002343,0.007201,0.3335
A008549,Consumo,Biobío,697746,834,48,0,0.0,0.007254,0.01662,0.6364
A014632,Consumo,Metropolitana,2200625,851,125,0,0.0,0.005774,0.015938,0.7325
A000946,Consumo,Otras,435904,865,0,0,0.0,0.004783,0.013475,0.5846
A002434,Tarjeta,Otras,1260589,804,0,2373224,0.4,0.010841,0.027076,0.7375
A006663,Tarjeta,Valparaíso,674153,777,0,294324,0.4,0.01554,0.046629,0.6717
A009645,Consumo,Metropolitana,2936834,904,64,0,0.0,0.002829,0.006885,0.5892
A010721,Consumo,Otras,4436749,950,0,0,0.0,0.001522,0.004928,0.5396
A009708,Tarjeta,Valparaíso,763042,932,0,1084427,0.4,0.00194,0.004502,0.7904
A006616,Tarjeta,Otras,956109,950,0,1559555,0.4,0.001522,0.004136,0.7698
A010589,Consumo,Otras,351814,950,0,0,0.0,0.001522,0.005087,0.5654
A014097,Tarjeta,Valparaíso,4612469,879,82,7208934,0.4,0.003962,0.012482,0.6993
A009771,Tarjeta,Metropolitana,7428394,950,0,8096729,0.4,0.001522,0.003718,0.6715
A005891,Consumo,Metropolitana,565706,820,0,0,0.0,0.008752,0.026146,0.6085
A001719,Automotriz,Metropolitana,880634,842,0,0,0.0,0.006516,0.018426,0.343
A000762,Consumo,Otras,436989,879,0,0,0.0,0.003962,0.008342,0.534
A007385,Consumo,Valparaíso,1279416,688,0,0,0.0,0.049928,0.107594,0.6434
A013836,Automotriz,Valparaíso,989706,884,63,0,0.0,0.003704,0.00851,0.2888
A007281,Consumo,Metropolitana,1350189,874,0,0,0.0,0.004238,0.013022,0.6783
A013682,Consumo,Metropolitana,2841186,913,0,0,0.0,0.002506,0.005882,0.6905
A003505,Consumo,Otras,3969288,848,0,0,0.0,0.006011,0.016257,0.6149
A004951,Automotriz,Metropolitana,905718,810,0,0,0.0,0.010005,0.031252,0.3655
A011087,Consumo,Metropolitana,298605,835,0,0,0.0,0.007157,0.020164,0.5652
A003364,Consumo,Otras,1382471,785,0,0,0.0,0.01397,0.035819,0.5915
A001298,Consumo,Valparaíso,4729994,917,0,0,0.0,0.002375,0.006743,0.6672
A014575,Tarjeta,Metropolitana,518380,736,0,342576,0.4,0.026737,0.057434,0.6871
A004144,Consumo,Metropolitana,6728720,809,0,0,0.0,0.01014,0.030036,0.7055
A006320,Consumo,Metropolitana,1938707,774,0,0,0.0,0.016173,0.051703,0.5961
A008980,Tarjeta,Valparaíso,699100,854,0,1145863,0.4,0.005546,0.013059,0.7234
A006909,Consumo,Otras,176061,834,0,0,0.0,0.007254,0.019718,0.606
A005075,Consumo,Biobío,1743171,923,59,0,0.0,0.00219,0.006313,0.5865
A014161,Automotriz,Valparaíso,4512727,873,0,0,0.0,0.004295,0.012716,0.3445
A000520,Microempresa,Metropolitana,6364105,826,252,7864825,0.4,0.008076,0.024522,0.5851
A007541,Tarjeta,Metropolitana,990613,823,0,1417633,0.4,0.008407,0.019904,0.7043
A004868,Consumo,Metropolitana,3737968,802,96,0,0.0,0.011135,0.025361,0.6736
A008474,Consumo,Metropolitana,4356664,849,71,0,0.0,0.005931,0.017975,0.5759
A006549,Automotriz,Biobío,1509183,801,0,0,0.0,0.011285,0.023946,0.3834
A008831,Microempresa,Otras,1695136,862,0,571993,0.4,0.00498,0.015606,0.5265
A013560,Tarjeta,Metropolitana,3036421,834,143,5853827,0.4,0.007254,0.023396,0.7355
A002126,Consumo,Metropolitana,471221,763,54,0,0.0,0.018716,0.060636,0.6804
A013298,Automotriz,Otras,1489539,727,0,0,0.0,0.030091,0.08126,0.4534
A011905,Tarjeta,Otras,742215,851,0,410395,0.4,0.005774,0.016893,0.7135
A013755,Tarjeta,Otras,3285145,813,0,6412320,0.4,0.009612,0.029033,0.7186
A004867,Tarjeta,Valparaíso,1440185,833,0,2839569,0.4,0.007352,0.016517,0.7704
A014419,Tarjeta,Biobío,3142463,916,0,2633964,0.4,0.002407,0.005411,0.7339
A000740,Tarjeta,Metropolitana,3099292,701,62,3697356,0.4,0.042224,0.130096,0.6659
A010164,Consumo,Valparaíso,2085384,771,0,0,0.0,0.016831,0.038869,0.589
A003211,Microempresa,Metropolitana,706663,855,0,839045,0.4,0.005472,0.017198,0.5825
A007892,Automotriz,Biobío,3383200,874,0,0,0.0,0.004238,0.011857,0.3787
A008794,Consumo,Metropolitana,3929589,854,0,0,0.0,0.005546,0.015854,0.5775
A009342,Consumo,Metropolitana,623495,764,0,0,0.0,0.01847,0.039218,0.5844
A004510,Tarjeta,Metropolitana,1840905,791,0,2380827,0.4,0.012896,0.03901,0.7528
A005969,Tarjeta,Biobío,1271830,816,49,2750141,0.4,0.009233,0.022159,0.6993
A005543,Consumo,Metropolitana,386351,763,0,0,0.0,0.018716,0.051005,0.6626
A005975,Tarjeta,Metropolitana,3768461,770,0,2559037,0.4,0.017056,0.05169,0.7418
A013379,Consumo,Metropolitana,1452042,774,0,0,0.0,0.016173,0.049741,0.7016
A013317,Consumo,Metropolitana,2118329,830,0,0,0.0,0.007654,0.023423,0.6052
A004961,Consumo,Otras,3605436,910,0,0,0.0,0.00261,0.00869,0.6158
A002458,Consumo,Valparaíso,633961,769,0,0,0.0,0.017284,0.037826,0.6083
A013671,Consumo,Metropolitana,430631,919,0,0,0.0,0.002311,0.006328,0.6376
A001472,Consumo,Metropolitana,538207,861,0,0,0.0,0.005048,0.013322,0.6909
A014514,Tarjeta,Metropolitana,1195288,872,0,591197,0.4,0.004353,0.012743,0.6871
A005029,Tarjeta,Valparaíso,4093586,835,0,3033565,0.4,0.007157,0.018161,0.7301
A005749,Automotriz,Biobío,1876494,708,46,0,0.0,0.03856,0.087606,0.3944
A007386,Tarjeta,Biobío,4867258,787,121,4021849,0.4,0.013603,0.043957,0.7679
A009168,Automotriz,Otras,287646,938,0,0,0.0,0.001789,0.005551,0.3634
A007107,Consumo,Otras,744930,822,0,0,0.0,0.00852,0.01797,0.6504
A000228,Consumo,Biobío,2520653,950,0,0,0.0,0.001522,0.004638,0.6128
A009352,Consumo,Metropolitana,6973164,724,90,0,0.0,0.031297,0.077158,0.6225
A010271,Tarjeta,Biobío,6894111,661,0,6334442,0.4,0.070366,0.200368,0.7841
A013012,Tarjeta,Otras,836812,867,0,1467696,0.4,0.004656,0.012607,0.6359
A002016,Tarjeta,Metropolitana,4898927,744,151,3650964,0.4,0.024063,0.066407,0.7206
A012094,Consumo,Metropolitana,1213256,851,0,0,0.0,0.005774,0.017644,0.6753
A014661,Consumo,Metropolitana,2244519,830,0,0,0.0,0.007654,0.0196,0.6408
A008769,Consumo,Metropolitana,4333537,820,81,0,0.0,0.008752,0.018777,0.5427
A011351,Consumo,Metropolitana,1259950,794,0,0,0.0,0.01239,0.033968,0.5821
A006221,Tarjeta,Metropolitana,1993274,919,0,3125280,0.4,0.002311,0.00598,0.6407
A009141,Automotriz,Metropolitana,704343,722,0,0,0.0,0.032127,0.101068,0.3944
A002621,Consumo,Metropolitana,3761440,805,0,0,0.0,0.010697,0.026695,0.6465
A010699,Consumo,Valparaíso,3906835,916,0,0,0.0,0.002407,0.007835,0.6185
A001093,Consumo,Metropolitana,283727,845,67,0,0.0,0.006258,0.017872,0.6602
A013880,Microempresa,Metropolitana,891228,800,0,785142,0.4,0.011436,0.02633,0.5161
A001459,Tarjeta,Metropolitana,3278784,950,0,1097185,0.4,0.001522,0.003538,0.6922
A000765,Consumo,Metropolitana,4888186,668,0,0,0.0,0.064424,0.199567,0.5902
A009955,Consumo,Metropolitana,1010956,907,0,0,0.0,0.002717,0.008065,0.6309
A002983,Automotriz,Biobío,1500823,870,0,0,0.0,0.004472,0.013144,0.4105
A002306,Automotriz,Metropolitana,529967,733,0,0,0.0,0.027813,0.080767,0.3957
A008806,Tarjeta,Valparaíso,4655602,819,57,8403670,0.4,0.00887,0.018725,0.698
A000781,Consumo,Valparaíso,802824,694,0,0,0.0,0.04622,0.120809,0.6621
A014044,Consumo,Valparaíso,1114440,914,0,0,0.0,0.002473,0.006026,0.6749
A003152,Tarjeta,Valparaíso,2157847,760,0,1378082,0.4,0.019476,0.065353,0.6975
A007528,Tarjeta,Metropolitana,750448,772,0,591868,0.4,0.016609,0.054101,0.627
A000122,Consumo,Otras,1167378,915,0,0,0.0,0.00244,0.00535,0.7263
A013167,Tarjeta,Valparaíso,1928933,749,256,2627622,0.4,0.022527,0.059921,0.7271
A001583,Automotriz,Metropolitana,3299728,713,90,0,0.0,0.036132,0.110088,0.438
A014265,Microempresa,Otras,1668864,903,0,1527919,0.4,0.002868,0.008702,0.5193
A005945,Consumo,Metropolitana,4210819,832,0,0,0.0,0.007451,0.016663,0.6883
A010840,Tarjeta,Metropolitana,922094,844,0,553484,0.4,0.006343,0.021509,0.835
A007075,Consumo,Biobío,760476,895,169,0,0.0,0.003194,0.008351,0.6373
A013681,Consumo,Otras,2990546,835,0,0,0.0,0.007157,0.023809,0.5626
A012903,Consumo,Valparaíso,3197111,931,0,0,0.0,0.001966,0.004513,0.7353
A014280,Consumo,Metropolitana,1037738,810,205,0,0.0,0.010005,0.033202,0.5845
A000849,Consumo,Biobío,7556835,717,0,0,0.0,0.034296,0.085254,0.6483
A004333,Consumo,Metropolitana,1893268,686,90,0,0.0,0.051226,0.133912,0.6211
A013339,Automotriz,Valparaíso,3449911,898,0,0,0.0,0.003068,0.006464,0.376
A002488,Consumo,Metropolitana,282670,780,0,0,0.0,0.014932,0.040391,0.59
A002623,Tarjeta,Valparaíso,804250,722,0,1019468,0.4,0.032127,0.078957,0.6233
A009055,Automotriz,Metropolitana,1515559,772,0,0,0.0,0.016609,0.048696,0.4534
A008026,Tarjeta,Metropolitana,975978,810,0,1380658,0.4,0.010005,0.02718,0.7236
A009003,Automotriz,Otras,11292170,793,222,0,0.0,0.012557,0.031483,0.4113
A007054,Tarjeta,Biobío,2832727,848,0,3003708,0.4,0.006011,0.019947,0.8016
A006414,Tarjeta,Biobío,1187248,789,0,1065667,0.4,0.013245,0.04017,0.6925
A007412,Consumo,Metropolitana,152750,738,0,0,0.0,0.026043,0.063653,0.6475
A008976,Tarjeta,Metropolitana,2054395,705,0,920969,0.4,0.040091,0.129056,0.7036
A012690,Consumo,Metropolitana,2268226,823,12,0,0.0,0.008407,0.022631,0.6543
A005253,Tarjeta,Metropolitana,5498401,764,0,7931412,0.4,0.01847,0.053455,0.6888
A004206,Automotriz,Otras,472363,774,0,0,0.0,0.016173,0.048264,0.3099
A001812,Microempresa,Valparaíso,429182,940,1,928399,0.4,0.001741,0.004939,0.5521
A000998,Automotriz,Otras,306229,771,0,0,0.0,0.016831,0.043146,0.4228
A009338,Consumo,Metropolitana,299677,827,0,0,0.0,0.007968,0.024979,0.6751
A006798,Tarjeta,Metropolitana,952784,917,0,1290114,0.4,0.002375,0.007517,0.6461
A002807,Consumo,Metropolitana,1650402,717,0,0,0.0,0.034296,0.115932,0.6027
A011050,Tarjeta,Metropolitana,410136,816,0,264945,0.4,0.009233,0.022802,0.6085
A005198,Consumo,Metropolitana,1598341,946,0,0,0.0,0.001606,0.005436,0.5865
A006792,Microempresa,Biobío,2034116,940,0,3918753,0.4,0.001741,0.004703,0.4612
A004714,Consumo,Metropolitana,699998,859,0,0,0.0,0.005185,0.015962,0.5035
A009149,Consumo,Biobío,1843026,777,0,0,0.0,0.01554,0.034443,0.6666
A006903,Tarjeta,Metropolitana,2432382,867,0,3893623,0.4,0.004656,0.01149,0.7165
A009146,Consumo,Otras,3308189,770,90,0,0.0,0.017056,0.043293,0.565
A001613,Tarjeta,Metropolitana,5704571,923,0,3266963,0.4,0.00219,0.005659,0.7542
A000825,Consumo,Metropolitana,1720411,824,0,0,0.0,0.008295,0.025052,0.6244
A010418,Consumo,Metropolitana,872853,834,0,0,0.0,0.007254,0.022262,0.5437
A005108,Consumo,Valparaíso,334267,844,0,0,0.0,0.006343,0.015822,0.6086
A007764,Automotriz,Valparaíso,4888931,785,0,0,0.0,0.01397,0.045629,0.3667
A000748,Consumo,Biobío,824570,950,0,0,0.0,0.001522,0.004,0.6242
A008384,Automotriz,Otras,2826584,465,90,0,0.0,0.516885,0.97,0.4233
A004644,Automotriz,Valparaíso,687094,922,0,0,0.0,0.00222,0.004761,0.4325
A007739,Consumo,Metropolitana,907387,802,0,0,0.0,0.011135,0.027037,0.6771
A011376,Tarjeta,Metropolitana,7525891,765,119,2978981,0.4,0.018226,0.051552,0.706
A006818,Consumo,Metropolitana,1514531,695,0,0,0.0,0.045628,0.126845,0.5865
A003754,Automotriz,Metropolitana,521801,950,0,0,0.0,0.001522,0.003511,0.3267
A006609,Automotriz,Otras,3515148,787,0,0,0.0,0.013603,0.034108,0.4143
A004638,Automotriz,Valparaíso,6084450,667,128,0,0.0,0.065243,0.153055,0.3711
A006381,Consumo,Metropolitana,1918790,895,0,0,0.0,0.003194,0.00964,0.7204
A002258,Consumo,Metropolitana,1659276,767,0,0,0.0,0.017749,0.05654,0.6339
A004163,Tarjeta,Biobío,1343436,928,0,2688298,0.4,0.002047,0.006869,0.7162
A002370,Consumo,Metropolitana,2615295,935,0,0,0.0,0.001863,0.004606,0.5322
A006228,Tarjeta,Biobío,1679880,889,0,1899955,0.4,0.003463,0.011015,0.5995
A009751,Consumo,Metropolitana,3661768,651,0,0,0.0,0.079736,0.207284,0.5963
A007765,Automotriz,Metropolitana,523278,950,0,0,0.0,0.001522,0.005102,0.3216
A001422,Tarjeta,Metropolitana,1684470,824,0,541313,0.4,0.008295,0.028153,0.7697
A008999,Tarjeta,Biobío,552361,786,0,390757,0.4,0.013785,0.03799,0.6706
A008004,Automotriz,Otras,2448214,839,0,0,0.0,0.006783,0.015529,0.3137
A011427,Consumo,Biobío,2092504,950,0,0,0.0,0.001522,0.004683,0.6665
A011895,Consumo,Metropolitana,754419,875,0,0,0.0,0.004181,0.011615,0.5689
A009189,Automotriz,Biobío,5595784,849,0,0,0.0,0.005931,0.013489,0.4131
A014963,Tarjeta,Metropolitana,2807713,630,0,4690057,0.4,0.1032,0.220205,0.752
A000917,Consumo,Metropolitana,568714,842,0,0,0.0,0.006516,0.016536,0.6377
A000022,Consumo,Metropolitana,765045,915,0,0,0.0,0.00244,0.007815,0.6005
A010841,Consumo,Metropolitana,2891665,853,0,0,0.0,0.005621,0.012828,0.6475
A006457,Automotriz,Valparaíso,744573,879,0,0,0.0,0.003962,0.01287,0.3275
A005970,Microempresa,Metropolitana,2757414,826,0,959294,0.4,0.008076,0.017239,0.5416
A004949,Tarjeta,Metropolitana,837007,745,0,971886,0.4,0.023748,0.070087,0.7481
A012626,Tarjeta,Otras,2575208,922,0,3649835,0.4,0.00222,0.007145,0.6572
A013855,Consumo,Biobío,2083294,950,0,0,0.0,0.001522,0.004515,0.6597
A014414,Consumo,Otras,1835064,914,0,0,0.0,0.002473,0.005861,0.553
A003243,Consumo,Valparaíso,611904,801,0,0,0.0,0.011285,0.035088,0.6269
A014230,Automotriz,Metropolitana,2669294,694,182,0,0.0,0.04622,0.112911,0.4224
A001567,Automotriz,Metropolitana,441666,644,0,0,0.0,0.086958,0.200782,0.3188
A002190,Consumo,Valparaíso,3197153,720,254,0,0.0,0.032978,0.078348,0.6397
A006226,Consumo,Otras,859322,768,35,0,0.0,0.017515,0.054574,0.6395
A013058,Automotriz,Biobío,892066,761,30,0,0.0,0.019219,0.054221,0.2667
A000566,Consumo,Valparaíso,1076961,867,0,0,0.0,0.004656,0.01365,0.5995
A001369,Consumo,Valparaíso,2705107,896,0,0,0.0,0.003151,0.009154,0.6297
A007527,Automotriz,Metropolitana,1013974,835,0,0,0.0,0.007157,0.015916,0.329
A013293,Consumo,Otras,305362,902,0,0,0.0,0.002907,0.006789,0.6563
A000585,Consumo,Valparaíso,1987409,813,0,0,0.0,0.009612,0.025818,0.6521
A000528,Automotriz,Valparaíso,914178,876,77,0,0.0,0.004125,0.011497,0.3952
A003350,Microempresa,Metropolitana,1123472,790,0,1722241,0.4,0.013069,0.032077,0.5035
A002975,Automotriz,Otras,315088,852,0,0,0.0,0.005697,0.018064,0.3792
A006714,Consumo,Metropolitana,2351918,760,0,0,0.0,0.019476,0.044845,0.628
A005635,Consumo,Otras,1010259,936,0,0,0.0,0.001838,0.003888,0.6486
A013031,Consumo,Metropolitana,1395410,825,13,0,0.0,0.008184,0.026287,0.5941
A012721,Tarjeta,Valparaíso,3224871,808,0,7052784,0.4,0.010276,0.026116,0.6272
A004466,Consumo,Otras,1645886,843,0,0,0.0,0.006429,0.014031,0.694
A002926,Consumo,Valparaíso,1748223,936,0,0,0.0,0.001838,0.004604,0.6164
A003984,Automotriz,Otras,1267148,950,0,0,0.0,0.001522,0.004433,0.3331
A010893,Tarjeta,Metropolitana,3031856,905,173,4782693,0.4,0.002792,0.007085,0.6767
A012367,Tarjeta,Otras,1771730,799,0,1370060,0.4,0.01159,0.031286,0.6839
A007537,Microempresa,Metropolitana,2407882,790,0,3228561,0.4,0.013069,0.037411,0.478
A000596,Automotriz,Metropolitana,6753337,840,0,0,0.0,0.006693,0.022561,0.4367
A006744,Consumo,Otras,2335392,852,90,0,0.0,0.005697,0.016038,0.5996
A011870,Tarjeta,Metropolitana,4051536,785,90,6994391,0.4,0.01397,0.035019,0.7394
A010895,Automotriz,Otras,3933943,931,0,0,0.0,0.001966,0.005937,0.3312
A009747,Tarjeta,Metropolitana,1027947,853,0,1603683,0.4,0.005621,0.016592,0.6558
A007074,Consumo,Valparaíso,447875,663,0,0,0.0,0.068618,0.158238,0.6177
A009484,Consumo,Metropolitana,384775,875,0,0,0.0,0.004181,0.012881,0.6089
A009497,Tarjeta,Metropolitana,2618544,722,0,4192606,0.4,0.032127,0.074607,0.6752
A010160,Tarjeta,Metropolitana,897073,775,0,1697081,0.4,0.015959,0.048037,0.7568
A007818,Tarjeta,Otras,268264,812,0,423353,0.4,0.009741,0.021791,0.6611
A012927,Consumo,Valparaíso,809531,850,79,0,0.0,0.005852,0.013412,0.6676
A000675,Consumo,Metropolitana,1637792,894,0,0,0.0,0.003237,0.008479,0.5901
A011827,Consumo,Otras,907814,850,151,0,0.0,0.005852,0.013962,0.5979
A009784,Consumo,Metropolitana,3927974,810,0,0,0.0,0.010005,0.022174,0.527
A008143,Automotriz,Valparaíso,9780069,821,0,0,0.0,0.008635,0.025614,0.3807
A007807,Tarjeta,Metropolitana,6620071,873,16,3829472,0.4,0.004295,0.011301,0.7033
A001242,Consumo,Metropolitana,1155002,934,0,0,0.0,0.001888,0.004562,0.7103
A013757,Consumo,Biobío,375839,748,0,0,0.0,0.022826,0.056957,0.5613
A011436,Tarjeta,Metropolitana,830404,868,0,709682,0.4,0.004594,0.013037,0.7769
A013721,Consumo,Otras,1198055,775,0,0,0.0,0.015959,0.049691,0.7093
A009072,Consumo,Valparaíso,271232,848,0,0,0.0,0.006011,0.017605,0.5846
A014886,Consumo,Biobío,1997381,696,0,0,0.0,0.045043,0.130696,0.5928
A006161,Microempresa,Biobío,1690297,816,0,1331835,0.4,0.009233,0.020606,0.4658
A012861,Automotriz,Valparaíso,2979494,913,0,0,0.0,0.002506,0.008492,0.3359
A010744,Consumo,Metropolitana,1312779,778,0,0,0.0,0.015335,0.041779,0.5106
A005391,Consumo,Otras,325856,826,0,0,0.0,0.008076,0.018214,0.7188
A012095,Consumo,Biobío,623424,747,0,0,0.0,0.02313,0.055538,0.6315
A011538,Consumo,Biobío,4050682,925,0,0,0.0,0.002132,0.006422,0.6802
A014176,Tarjeta,Metropolitana,2072374,796,119,1612548,0.4,0.012064,0.032509,0.7382
A012185,Consumo,Otras,160520,950,0,0,0.0,0.001522,0.00386,0.6775
A002690,Consumo,Metropolitana,2663487,765,0,0,0.0,0.018226,0.046946,0.5733
A006708,Tarjeta,Biobío,5277039,796,426,3796815,0.4,0.012064,0.036872,0.6632
A011133,Microempresa,Biobío,520166,830,0,1030795,0.4,0.007654,0.019643,0.5099
A010545,Consumo,Otras,1021065,865,0,0,0.0,0.004783,0.013362,0.63
A010915,Tarjeta,Valparaíso,2603970,671,0,1112247,0.4,0.062023,0.164378,0.7001
A001758,Tarjeta,Metropolitana,1712992,793,57,975500,0.4,0.012557,0.037976,0.6782
A009028,Consumo,Metropolitana,1790161,814,0,0,0.0,0.009484,0.027853,0.6364
A008012,Consumo,Metropolitana,463085,896,0,0,0.0,0.003151,0.009017,0.6159
A005936,Automotriz,Metropolitana,1209830,815,0,0,0.0,0.009358,0.024329,0.2678
A003777,Tarjeta,Valparaíso,3019067,571,0,6395635,0.4,0.203451,0.614616,0.7787
A007408,Automotriz,Otras,3138940,639,131,0,0.0,0.092475,0.269678,0.4732
A006922,Automotriz,Metropolitana,2264795,667,0,0,0.0,0.065243,0.18691,0.3692
A004017,Automotriz,Valparaíso,1555166,856,68,0,0.0,0.005399,0.012317,0.3788
A009042,Microempresa,Metropolitana,3716569,870,0,4562884,0.4,0.004472,0.009768,0.6076
A003337,Tarjeta,Metropolitana,1592519,773,0,1764330,0.4,0.016389,0.043216,0.7871
A007317,Consumo,Biobío,1572054,836,0,0,0.0,0.007062,0.019786,0.609
A005176,Consumo,Otras,205415,880,0,0,0.0,0.003909,0.009135,0.6404
A005802,Consumo,Metropolitana,1052568,950,90,0,0.0,0.001522,0.003714,0.6069
A010447,Tarjeta,Biobío,441436,763,0,845517,0.4,0.018716,0.055782,0.7468
A009159,Consumo,Valparaíso,1051336,911,0,0,0.0,0.002575,0.005577,0.6081
A004339,Consumo,Metropolitana,1025684,719,0,0,0.0,0.033412,0.11164,0.6156
A009866,Automotriz,Metropolitana,2018697,807,0,0,0.0,0.010415,0.033018,0.3316
A011053,Automotriz,Metropolitana,1266477,895,0,0,0.0,0.003194,0.00975,0.3758
A003112,Automotriz,Biobío,2183401,762,0,0,0.0,0.018966,0.04093,0.342
A014068,Consumo,Metropolitana,1241884,790,0,0,0.0,0.013069,0.041608,0.6285
A008151,Consumo,Otras,1679060,847,0,0,0.0,0.006092,0.017341,0.701
A008914,Tarjeta,Biobío,648541,794,0,622843,0.4,0.01239,0.04176,0.7134
A011606,Tarjeta,Metropolitana,2447251,726,0,3575751,0.4,0.030488,0.09581,0.7388
A004886,Microempresa,Metropolitana,440538,858,0,547661,0.4,0.005255,0.01318,0.6122
A007549,Tarjeta,Valparaíso,856249,822,0,328410,0.4,0.00852,0.018539,0.788
A011354,Automotriz,Valparaíso,631070,860,0,0,0.0,0.005116,0.01193,0.3641
A013979,Consumo,Valparaíso,1717901,760,0,0,0.0,0.019476,0.044218,0.6722
A008672,Automotriz,Otras,671341,757,43,0,0.0,0.020265,0.045689,0.3729
A008459,Consumo,Metropolitana,1526740,752,0,0,0.0,0.021651,0.047455,0.6849
A014633,Automotriz,Metropolitana,7110707,786,231,0,0.0,0.013785,0.036972,0.3631
A004813,Consumo,Metropolitana,1658188,873,0,0,0.0,0.004295,0.013289,0.5503
A005827,Tarjeta,Metropolitana,2137142,835,0,4181923,0.4,0.007157,0.018409,0.6215
A005066,Consumo,Metropolitana,168161,950,0,0,0.0,0.001522,0.004427,0.5776
A007875,Microempresa,Valparaíso,638379,856,0,1261458,0.4,0.005399,0.011567,0.563
A001251,Automotriz,Valparaíso,417108,852,0,0,0.0,0.005697,0.016657,0.3366
A007897,Consumo,Metropolitana,1063448,756,0,0,0.0,0.020535,0.044349,0.6121
A003424,Consumo,Metropolitana,1201020,912,0,0,0.0,0.00254,0.007396,0.6675
A011009,Consumo,Valparaíso,7648637,771,0,0,0.0,0.016831,0.05674,0.7032
A003454,Microempresa,Biobío,888324,950,0,1704338,0.4,0.001522,0.004538,0.4904
A010293,Automotriz,Otras,4427829,835,75,0,0.0,0.007157,0.023728,0.4614
A009506,Automotriz,Metropolitana,3422480,919,0,0,0.0,0.002311,0.005042,0.3696
A008509,Microempresa,Valparaíso,6887849,782,0,7987127,0.4,0.01454,0.038665,0.4926
A011754,Automotriz,Metropolitana,1779840,852,0,0,0.0,0.005697,0.019331,0.3538
A012797,Consumo,Metropolitana,914831,856,0,0,0.0,0.005399,0.016387,0.6008
A013127,Consumo,Metropolitana,1767887,686,0,0,0.0,0.051226,0.115582,0.5893
A001802,Consumo,Metropolitana,2088993,839,90,0,0.0,0.006783,0.022612,0.6389
A001059,Automotriz,Otras,3579317,822,107,0,0.0,0.00852,0.025675,0.362
A014985,Automotriz,Metropolitana,1300594,820,0,0,0.0,0.008752,0.02924,0.3585
A011527,Consumo,Valparaíso,2347142,813,0,0,0.0,0.009612,0.026868,0.6296
A001188,Consumo,Otras,1226306,784,0,0,0.0,0.014158,0.037073,0.5883
A011528,Consumo,Metropolitana,521265,848,0,0,0.0,0.006011,0.014548,0.6491
A009993,Consumo,Metropolitana,1778888,912,0,0,0.0,0.00254,0.008157,0.6551
A009464,Consumo,Biobío,2021674,849,0,0,0.0,0.005931,0.014251,0.6616
A008495,Tarjeta,Metropolitana,829273,791,0,753015,0.4,0.012896,0.043065,0.7621
A008571,Tarjeta,Metropolitana,913153,896,0,865892,0.4,0.003151,0.009181,0.7604
A013901,Consumo,Metropolitana,504283,822,90,0,0.0,0.00852,0.025156,0.6152
A002400,Consumo,Metropolitana,3654630,853,90,0,0.0,0.005621,0.015537,0.6331
A009958,Automotriz,Metropolitana,1675405,755,0,0,0.0,0.020809,0.051782,0.4179
A012359,Microempresa,Metropolitana,6172184,875,0,6791599,0.4,0.004181,0.013432,0.548
A000779,Tarjeta,Metropolitana,2311741,746,116,1695372,0.4,0.023437,0.057405,0.7887
A011328,Consumo,Metropolitana,2441498,809,0,0,0.0,0.01014,0.03042,0.7426
A012423,Consumo,Biobío,926668,753,0,0,0.0,0.021367,0.047706,0.6113
A001126,Tarjeta,Metropolitana,445109,918,0,216742,0.4,0.002343,0.006968,0.7635
A004758,Consumo,Metropolitana,692095,746,0,0,0.0,0.023437,0.078569,0.5942
A004846,Tarjeta,Metropolitana,2154674,735,0,2972641,0.4,0.027091,0.090364,0.7705
A000104,Microempresa,Metropolitana,2863678,950,0,4657034,0.4,0.001522,0.00379,0.5214
A008798,Microempresa,Metropolitana,3329074,705,0,4697840,0.4,0.040091,0.10265,0.5781
A009541,Tarjeta,Metropolitana,249460,711,0,204011,0.4,0.037085,0.124917,0.6477
A003475,Tarjeta,Valparaíso,1850199,787,0,1935013,0.4,0.013603,0.040001,0.7405
A003333,Consumo,Otras,4625244,822,0,0,0.0,0.00852,0.02431,0.6273
A004405,Consumo,Metropolitana,3331842,735,0,0,0.0,0.027091,0.083829,0.626
A005514,Consumo,Otras,2181394,797,0,0,0.0,0.011904,0.038648,0.6574
A014051,Consumo,Metropolitana,705520,913,0,0,0.0,0.002506,0.007919,0.5068
A005427,Consumo,Metropolitana,178336,917,0,0,0.0,0.002375,0.007553,0.651
A014050,Consumo,Biobío,167876,935,0,0,0.0,0.001863,0.006074,0.5964
A012505,Consumo,Otras,1813497,906,0,0,0.0,0.002754,0.008937,0.6733
A009129,Consumo,Metropolitana,2321378,787,0,0,0.0,0.013603,0.032046,0.6435
A006504,Tarjeta,Metropolitana,1404497,917,0,804336,0.4,0.002375,0.00706,0.6367
A000415,Consumo,Otras,1063298,918,0,0,0.0,0.002343,0.006891,0.6703
A007061,Consumo,Valparaíso,1043009,937,0,0,0.0,0.001813,0.004172,0.5955
A004773,Tarjeta,Otras,773992,856,0,267227,0.4,0.005399,0.013403,0.761
A000829,Tarjeta,Otras,657270,857,0,758836,0.4,0.005326,0.011723,0.6592
A010204,Consumo,Biobío,1091732,867,0,0,0.0,0.004656,0.013704,0.5494
A006833,Consumo,Valparaíso,376674,868,0,0,0.0,0.004594,0.013833,0.6312
A012888,Consumo,Otras,1741233,842,35,0,0.0,0.006516,0.017419,0.699
A008670,Tarjeta,Metropolitana,496648,789,0,401198,0.4,0.013245,0.042503,0.7446
A009480,Tarjeta,Metropolitana,932616,833,0,969575,0.4,0.007352,0.024326,0.7719
A005053,Consumo,Valparaíso,3786671,913,0,0,0.0,0.002506,0.007301,0.6222
A008602,Automotriz,Otras,609657,865,0,0,0.0,0.004783,0.014199,0.4304
A009574,Automotriz,Biobío,114631,905,0,0,0.0,0.002792,0.007896,0.4468
A012618,Tarjeta,Otras,1242401,839,0,2593206,0.4,0.006783,0.015164,0.7053
A001788,Microempresa,Valparaíso,2786659,808,0,4530816,0.4,0.010276,0.033096,0.5389
A008605,Automotriz,Metropolitana,2854891,783,0,0,0.0,0.014347,0.036544,0.3043
A008404,Consumo,Biobío,1167624,874,0,0,0.0,0.004238,0.00992,0.5469
A003101,Automotriz,Metropolitana,3303699,765,0,0,0.0,0.018226,0.042888,0.429
A010084,Tarjeta,Metropolitana,1699765,753,0,700476,0.4,0.021367,0.045756,0.7997
A014926,Microempresa,Otras,516784,950,0,1080314,0.4,0.001522,0.003699,0.5934
A005263,Microempresa,Otras,7454782,878,0,11789883,0.4,0.004016,0.008441,0.5732
A004875,Tarjeta,Metropolitana,2968548,713,0,6446341,0.4,0.036132,0.099364,0.6816
A007726,Automotriz,Otras,392281,950,0,0,0.0,0.001522,0.003331,0.4265
A012539,Consumo,Biobío,2196262,781,0,0,0.0,0.014735,0.044948,0.636
A006374,Consumo,Otras,1529002,721,81,0,0.0,0.03255,0.105074,0.6605
A002817,Automotriz,Otras,1740801,921,0,0,0.0,0.00225,0.00621,0.5169
A010722,Tarjeta,Biobío,1137991,891,0,1797935,0.4,0.003371,0.011011,0.6353
A003702,Consumo,Otras,12661871,908,0,0,0.0,0.002681,0.007868,0.7352
A001226,Consumo,Otras,1668815,847,0,0,0.0,0.006092,0.015896,0.5679
A014989,Automotriz,Metropolitana,617533,862,0,0,0.0,0.00498,0.010503,0.372
A013564,Tarjeta,Valparaíso,447446,912,0,432820,0.4,0.00254,0.007956,0.6934
A000340,Consumo,Metropolitana,990874,950,58,0,0.0,0.001522,0.005042,0.6154
A008924,Consumo,Otras,543162,950,0,0,0.0,0.001522,0.004214,0.6618
A008150,Consumo,Metropolitana,1999937,829,124,0,0.0,0.007757,0.022218,0.6698
A007355,Consumo,Valparaíso,3044800,806,0,0,0.0,0.010555,0.031278,0.6622
A000303,Tarjeta,Metropolitana,627688,828,18,737235,0.4,0.007862,0.016782,0.6677
A010123,Tarjeta,Otras,2614847,793,0,4771690,0.4,0.012557,0.028456,0.6873
A001007,Microempresa,Otras,4519069,520,90,4636946,0.4,0.337227,0.97,0.5137
A001227,Consumo,Otras,1608589,848,45,0,0.0,0.006011,0.017978,0.5751
A008751,Consumo,Otras,252386,870,0,0,0.0,0.004472,0.010339,0.5896
A013439,Tarjeta,Otras,924495,713,63,1718528,0.4,0.036132,0.101028,0.6611
A006586,Microempresa,Metropolitana,1741792,704,0,2040867,0.4,0.040615,0.114717,0.5444
A008810,Consumo,Valparaíso,753139,950,0,0,0.0,0.001522,0.004325,0.6871
A009523,Microempresa,Metropolitana,2159324,796,0,1137421,0.4,0.012064,0.02946,0.6271
A007888,Microempresa,Metropolitana,2062429,792,0,4515442,0.4,0.012725,0.037404,0.5381
A013822,Consumo,Otras,220195,874,0,0,0.0,0.004238,0.010717,0.6061
A005705,Consumo,Metropolitana,3880527,950,0,0,0.0,0.001522,0.005128,0.6344
A014464,Automotriz,Metropolitana,340183,862,0,0,0.0,0.00498,0.014425,0.3176
A013063,Tarjeta,Metropolitana,3780911,813,0,3182341,0.4,0.009612,0.031939,0.7417
A004262,Tarjeta,Metropolitana,2054912,863,0,3248955,0.4,0.004914,0.013504,0.7734
A001588,Consumo,Metropolitana,270253,918,0,0,0.0,0.002343,0.006231,0.6503
A008891,Consumo,Metropolitana,1131239,862,0,0,0.0,0.00498,0.014717,0.628
A004966,Consumo,Valparaíso,7325685,589,133,0,0.0,0.166851,0.546732,0.6331
A012891,Consumo,Metropolitana,1961824,894,0,0,0.0,0.003237,0.008309,0.6665
A007640,Microempresa,Metropolitana,6209868,724,0,2370077,0.4,0.031297,0.071414,0.6058
A004913,Tarjeta,Metropolitana,1407809,867,0,664964,0.4,0.004656,0.014499,0.6365
A009422,Microempresa,Metropolitana,1100783,950,0,842559,0.4,0.001522,0.003858,0.555
A002797,Tarjeta,Metropolitana,559440,908,72,910916,0.4,0.002681,0.006225,0.6975
A010822,Tarjeta,Metropolitana,2733287,856,0,3456458,0.4,0.005399,0.012817,0.6672
A002495,Consumo,Biobío,654514,884,0,0,0.0,0.003704,0.007996,0.5641
A013570,Tarjeta,Otras,770998,762,0,591659,0.4,0.018966,0.044598,0.6728
A007856,Tarjeta,Valparaíso,1159539,788,85,1895073,0.4,0.013423,0.041861,0.7255
A004341,Consumo,Valparaíso,307621,864,0,0,0.0,0.004848,0.015234,0.6348
A011759,Consumo,Metropolitana,1818049,864,33,0,0.0,0.004848,0.013046,0.6148
A012645,Consumo,Otras,1499407,885,0,0,0.0,0.003655,0.010505,0.6419
A000357,Tarjeta,Otras,785968,832,0,553136,0.4,0.007451,0.018612,0.7101
A010244,Consumo,Valparaíso,975070,841,0,0,0.0,0.006604,0.019131,0.5712
A005954,Consumo,Valparaíso,1912432,905,24,0,0.0,0.002792,0.007777,0.7305
A006044,Consumo,Otras,577139,847,0,0,0.0,0.006092,0.018089,0.5599
A005519,Consumo,Metropolitana,4755246,738,0,0,0.0,0.026043,0.063905,0.6041
A014810,Tarjeta,Biobío,706049,869,0,915753,0.4,0.004533,0.009695,0.6796
A010729,Consumo,Metropolitana,9514769,857,70,0,0.0,0.005326,0.01786,0.6079
A006282,Microempresa,Metropolitana,2977306,845,0,3907726,0.4,0.006258,0.019758,0.5404
A006052,Automotriz,Metropolitana,1087852,851,0,0,0.0,0.005774,0.016875,0.3314
A013445,Tarjeta,Metropolitana,6476546,853,0,10301469,0.4,0.005621,0.016942,0.629
A006725,Automotriz,Metropolitana,3525205,856,0,0,0.0,0.005399,0.011538,0.3241
A007274,Microempresa,Valparaíso,334546,823,0,525947,0.4,0.008407,0.026271,0.542
A014084,Tarjeta,Metropolitana,10609506,894,0,13352106,0.4,0.003237,0.010452,0.7122
A013185,Microempresa,Metropolitana,216523,899,0,331207,0.4,0.003027,0.006913,0.6225
A003665,Consumo,Otras,459615,906,0,0,0.0,0.002754,0.009218,0.5395
A001670,Tarjeta,Biobío,2710171,712,90,2661619,0.4,0.036605,0.116838,0.7889
A013617,Automotriz,Biobío,1508954,865,0,0,0.0,0.004783,0.015788,0.3607
A008994,Microempresa,Biobío,3066908,725,93,4539030,0.4,0.03089,0.065753,0.5642
A007031,Tarjeta,Valparaíso,408831,882,85,561874,0.4,0.003805,0.011461,0.6672
A004981,Tarjeta,Biobío,543266,832,0,546327,0.4,0.007451,0.022822,0.6561
A013996,Tarjeta,Metropolitana,1429126,887,0,2730856,0.4,0.003557,0.009685,0.6627
A008843,Microempresa,Metropolitana,2271309,761,0,1797441,0.4,0.019219,0.046437,0.593
A011397,Consumo,Metropolitana,1057768,860,0,0,0.0,0.005116,0.016915,0.6869
A013245,Consumo,Otras,3588354,796,0,0,0.0,0.012064,0.027411,0.6127
A011964,Consumo,Otras,3605139,893,0,0,0.0,0.003281,0.009798,0.6094
A003790,Microempresa,Metropolitana,124324,798,0,60097,0.4,0.011746,0.03917,0.5324
A005128,Tarjeta,Biobío,695690,888,0,1347447,0.4,0.00351,0.011479,0.7855
A008184,Automotriz,Metropolitana,1723205,775,0,0,0.0,0.015959,0.035396,0.3998
A007675,Automotriz,Metropolitana,530137,911,0,0,0.0,0.002575,0.00651,0.3921
A012381,Consumo,Valparaíso,784324,807,0,0,0.0,0.010415,0.026888,0.4921
A008752,Consumo,Metropolitana,1738292,892,0,0,0.0,0.003326,0.008348,0.602
A002674,Consumo,Metropolitana,900742,914,0,0,0.0,0.002473,0.006602,0.5519
A011693,Automotriz,Otras,303954,934,0,0,0.0,0.001888,0.00569,0.4031
A006975,Automotriz,Biobío,3331190,578,0,0,0.0,0.18855,0.606762,0.3652
A009605,Consumo,Metropolitana,1140108,868,0,0,0.0,0.004594,0.010733,0.5418
A013406,Consumo,Metropolitana,659162,889,0,0,0.0,0.003463,0.011086,0.6296
A001214,Microempresa,Otras,4648204,720,0,9940079,0.4,0.032978,0.096702,0.6463
A011331,Tarjeta,Otras,307100,811,0,636555,0.4,0.009872,0.032979,0.6848
A002960,Consumo,Valparaíso,2281186,908,90,0,0.0,0.002681,0.007208,0.6609
A005017,Consumo,Valparaíso,2277639,666,0,0,0.0,0.066072,0.177942,0.5687
A006655,Consumo,Metropolitana,4290731,840,411,0,0.0,0.006693,0.022044,0.6151
A000653,Automotriz,Metropolitana,656554,942,0,0,0.0,0.001695,0.004103,0.3817
A004096,Tarjeta,Metropolitana,5694515,832,0,2562519,0.4,0.007451,0.015847,0.7083
A013373,Microempresa,Metropolitana,3194805,913,63,1232581,0.4,0.002506,0.008463,0.4837
A013343,Consumo,Metropolitana,1374847,821,0,0,0.0,0.008635,0.027934,0.6455
A002990,Consumo,Otras,1677819,659,218,0,0.0,0.072155,0.199075,0.6451
A013726,Consumo,Metropolitana,396279,829,0,0,0.0,0.007757,0.020034,0.733
A010793,Consumo,Otras,4511759,950,0,0,0.0,0.001522,0.004018,0.5266
A005254,Consumo,Valparaíso,1257539,920,0,0,0.0,0.00228,0.00565,0.6573
A007613,Consumo,Metropolitana,3316299,818,0,0,0.0,0.008989,0.028956,0.6765
A007087,Tarjeta,Biobío,5677401,786,311,2103240,0.4,0.013785,0.04386,0.7742
A014852,Microempresa,Otras,1560147,938,0,2251378,0.4,0.001789,0.00436,0.5258
A012275,Consumo,Biobío,921842,841,0,0,0.0,0.006604,0.019461,0.6158
A001346,Automotriz,Otras,3026566,734,90,0,0.0,0.02745,0.067604,0.4319
A013910,Consumo,Otras,621869,868,0,0,0.0,0.004594,0.012516,0.605
A012386,Automotriz,Valparaíso,1940723,891,0,0,0.0,0.003371,0.011284,0.3269
A008064,Consumo,Otras,256949,744,0,0,0.0,0.024063,0.057206,0.5665
A014451,Microempresa,Valparaíso,1311550,891,0,1907296,0.4,0.003371,0.007222,0.6336
A007115,Consumo,Metropolitana,1862724,799,0,0,0.0,0.01159,0.033387,0.6205
A012468,Consumo,Metropolitana,1529307,950,0,0,0.0,0.001522,0.004834,0.5846
A001592,Tarjeta,Biobío,5465742,837,0,4656332,0.4,0.006968,0.020176,0.675
A004715,Tarjeta,Biobío,2589269,863,0,2951906,0.4,0.004914,0.015853,0.7505
A005770,Consumo,Biobío,1021237,755,0,0,0.0,0.020809,0.044055,0.6435
A014751,Microempresa,Valparaíso,844719,950,0,1732768,0.4,0.001522,0.004828,0.5541
A003062,Consumo,Valparaíso,389216,864,0,0,0.0,0.004848,0.013502,0.6123
A010563,Consumo,Biobío,3116823,835,0,0,0.0,0.007157,0.023236,0.6702
A012025,Tarjeta,Metropolitana,3211814,930,0,3685044,0.4,0.001993,0.0045,0.7128
A001738,Consumo,Otras,737410,765,0,0,0.0,0.018226,0.051639,0.6892
A011249,Tarjeta,Metropolitana,991877,821,0,2176103,0.4,0.008635,0.024796,0.659
A014048,Consumo,Valparaíso,2166414,571,90,0,0.0,0.203451,0.459445,0.6533
A013277,Consumo,Valparaíso,2035878,855,0,0,0.0,0.005472,0.014858,0.5932
A006580,Consumo,Valparaíso,1499813,898,0,0,0.0,0.003068,0.010335,0.635
A001528,Consumo,Biobío,3152337,820,0,0,0.0,0.008752,0.025098,0.557
A005573,Consumo,Biobío,3195209,815,0,0,0.0,0.009358,0.021862,0.6842
A013235,Consumo,Metropolitana,1104972,804,0,0,0.0,0.010841,0.029157,0.6034
A002547,Consumo,Metropolitana,5256369,853,0,0,0.0,0.005621,0.018621,0.6109
A013686,Tarjeta,Valparaíso,556283,786,0,629511,0.4,0.013785,0.038946,0.6923
A010158,Tarjeta,Otras,1183609,792,41,1866214,0.4,0.012725,0.041798,0.7588
A011601,Automotriz,Valparaíso,429702,866,78,0,0.0,0.004719,0.011581,0.3408
A002261,Microempresa,Valparaíso,5412818,726,0,10575389,0.4,0.030488,0.066124,0.5507
A012537,Tarjeta,Metropolitana,1712689,701,0,2246829,0.4,0.042224,0.142687,0.6586
A011226,Consumo,Biobío,1626913,863,0,0,0.0,0.004914,0.014329,0.6672
A006760,Consumo,Metropolitana,6811589,729,0,0,0.0,0.029312,0.063159,0.6193
A009292,Consumo,Metropolitana,2570557,851,0,0,0.0,0.005774,0.0173,0.6722
A013172,Consumo,Metropolitana,2581628,881,0,0,0.0,0.003857,0.012959,0.5562
A013464,Automotriz,Otras,661738,815,0,0,0.0,0.009358,0.022727,0.498
A012428,Automotriz,Otras,880050,875,0,0,0.0,0.004181,0.008941,0.4119
A014349,Tarjeta,Metropolitana,4781993,932,0,2678262,0.4,0.00194,0.004901,0.8062
A012259,Tarjeta,Valparaíso,1907570,782,0,632856,0.4,0.01454,0.030861,0.7072
A009184,Consumo,Metropolitana,1212562,779,0,0,0.0,0.015132,0.050865,0.6694
A014088,Consumo,Biobío,1114681,698,0,0,0.0,0.043894,0.124055,0.6853
A000709,Automotriz,Metropolitana,335686,931,0,0,0.0,0.001966,0.006501,0.3776
A009015,Microempresa,Metropolitana,1449194,850,0,1792029,0.4,0.005852,0.017313,0.4681
A001235,Consumo,Otras,376478,891,0,0,0.0,0.003371,0.008435,0.6556
A002141,Consumo,Metropolitana,761984,931,0,0,0.0,0.001966,0.005242,0.5932
A012324,Consumo,Valparaíso,1163541,798,90,0,0.0,0.011746,0.028565,0.6849
A014612,Consumo,Metropolitana,3148934,835,0,0,0.0,0.007157,0.020004,0.499
A003181,Tarjeta,Valparaíso,767511,845,0,462513,0.4,0.006258,0.020411,0.6992
A003450,Consumo,Otras,624575,950,0,0,0.0,0.001522,0.00464,0.6319
A001477,Tarjeta,Metropolitana,698164,790,0,1465615,0.4,0.013069,0.029301,0.7489
A012341,Consumo,Valparaíso,491222,921,0,0,0.0,0.00225,0.00621,0.5925
A002992,Microempresa,Valparaíso,169664,946,0,253484,0.4,0.001606,0.005264,0.4621
A006200,Tarjeta,Metropolitana,279588,745,0,261813,0.4,0.023748,0.06573,0.7752
A003805,Tarjeta,Otras,2761593,818,0,1460939,0.4,0.008989,0.021321,0.6652
A001701,Consumo,Metropolitana,2858070,862,0,0,0.0,0.00498,0.012433,0.5755
A004424,Tarjeta,Valparaíso,781830,915,0,1389562,0.4,0.00244,0.007083,0.729
A011623,Consumo,Valparaíso,2821819,843,0,0,0.0,0.006429,0.020882,0.551
A012215,Tarjeta,Biobío,1412678,899,0,540655,0.4,0.003027,0.006425,0.6942
A007721,Microempresa,Otras,4266231,598,0,6598792,0.4,0.150622,0.408961,0.5812
A008888,Consumo,Metropolitana,1427200,831,0,0,0.0,0.007552,0.024208,0.7049
A002507,Consumo,Metropolitana,489151,774,0,0,0.0,0.016173,0.044939,0.6539
A001320,Microempresa,Metropolitana,1543022,946,0,542955,0.4,0.001606,0.003719,0.6
A002794,Consumo,Metropolitana,3946574,864,0,0,0.0,0.004848,0.014087,0.6398
A003612,Consumo,Valparaíso,503122,811,0,0,0.0,0.009872,0.022947,0.6709
A007486,Tarjeta,Metropolitana,3598313,835,0,4789577,0.4,0.007157,0.02056,0.6748
A010182,Automotriz,Valparaíso,1385321,950,0,0,0.0,0.001522,0.004844,0.4524
A005130,Automotriz,Valparaíso,2397979,669,121,0,0.0,0.063614,0.147913,0.4615
A007488,Consumo,Metropolitana,5702286,717,0,0,0.0,0.034296,0.097574,0.6195
A010425,Microempresa,Metropolitana,3958381,806,174,3015213,0.4,0.010555,0.029964,0.5442
A002707,Automotriz,Otras,3298283,863,0,0,0.0,0.004914,0.014585,0.3776
A009841,Microempresa,Otras,1248161,842,0,1576298,0.4,0.006516,0.020685,0.6673
A005317,Consumo,Metropolitana,2489874,900,0,0,0.0,0.002986,0.009157,0.5754
A006661,Tarjeta,Metropolitana,757575,725,0,1258521,0.4,0.03089,0.084597,0.729
A000199,Automotriz,Biobío,363412,814,0,0,0.0,0.009484,0.032069,0.3727
A009672,Consumo,Biobío,1035491,842,0,0,0.0,0.006516,0.019307,0.6326
A003710,Consumo,Metropolitana,960062,921,0,0,0.0,0.00225,0.007436,0.5509
A003801,Tarjeta,Metropolitana,1035692,811,0,2128500,0.4,0.009872,0.022313,0.6754
A001920,Consumo,Metropolitana,5179145,697,90,0,0.0,0.044465,0.126849,0.6467
A007434,Consumo,Valparaíso,2360266,748,0,0,0.0,0.022826,0.060011,0.6751
A011946,Consumo,Metropolitana,3313798,758,0,0,0.0,0.019999,0.060306,0.582
A012510,Consumo,Metropolitana,372859,849,0,0,0.0,0.005931,0.012496,0.7288
A010553,Consumo,Metropolitana,2140164,789,0,0,0.0,0.013245,0.043409,0.6936
A011732,Consumo,Biobío,489926,795,0,0,0.0,0.012226,0.035633,0.7015
A013725,Tarjeta,Metropolitana,683323,950,0,655228,0.4,0.001522,0.004541,0.6568
A007474,Tarjeta,Otras,168873,785,0,136734,0.4,0.01397,0.04321,0.808
A014656,Consumo,Metropolitana,226544,770,0,0,0.0,0.017056,0.036195,0.6889
A010221,Consumo,Metropolitana,1282102,886,0,0,0.0,0.003606,0.009264,0.6179
A011006,Tarjeta,Valparaíso,8791740,673,100,4196488,0.4,0.060469,0.178489,0.7847
A008983,Automotriz,Metropolitana,1713236,909,0,0,0.0,0.002645,0.007004,0.3706
A007175,Automotriz,Otras,1627973,712,0,0,0.0,0.036605,0.11929,0.3937
A004288,Consumo,Metropolitana,459069,950,0,0,0.0,0.001522,0.004958,0.5556
A013469,Consumo,Valparaíso,720061,950,0,0,0.0,0.001522,0.003873,0.672
A011332,Tarjeta,Biobío,1545512,827,0,1040329,0.4,0.007968,0.018276,0.7769
A001257,Consumo,Metropolitana,2953151,786,0,0,0.0,0.013785,0.045719,0.6682
A010383,Tarjeta,Metropolitana,1352600,921,0,1248957,0.4,0.00225,0.005304,0.7273
A003133,Tarjeta,Valparaíso,1144767,937,0,1264051,0.4,0.001813,0.005218,0.6616
A005175,Tarjeta,Metropolitana,3791752,805,0,2570246,0.4,0.010697,0.031446,0.773
A002719,Tarjeta,Otras,524569,804,0,731092,0.4,0.010841,0.028061,0.6907
A003907,Tarjeta,Valparaíso,991688,817,0,1355184,0.4,0.00911,0.023133,0.5874
A005565,Tarjeta,Metropolitana,2066714,837,0,3837658,0.4,0.006968,0.020323,0.7235
A007180,Automotriz,Otras,975858,889,0,0,0.0,0.003463,0.008293,0.3833
A010058,Automotriz,Metropolitana,2296403,764,0,0,0.0,0.01847,0.054975,0.4334
A014442,Microempresa,Biobío,174702,825,0,138914,0.4,0.008184,0.024288,0.5462
A009259,Automotriz,Valparaíso,744576,896,0,0,0.0,0.003151,0.008002,0.4467
A003134,Consumo,Metropolitana,476390,950,0,0,0.0,0.001522,0.004336,0.614
A001658,Consumo,Otras,743604,821,0,0,0.0,0.008635,0.023136,0.5933
A009339,Automotriz,Metropolitana,751710,892,0,0,0.0,0.003326,0.00818,0.3652
A006842,Consumo,Metropolitana,1650050,718,0,0,0.0,0.033851,0.110258,0.7733
A010652,Automotriz,Otras,1904513,674,0,0,0.0,0.059706,0.185201,0.4113
A009331,Tarjeta,Biobío,3249275,828,0,6294218,0.4,0.007862,0.016974,0.7351
A002183,Microempresa,Biobío,2276758,835,59,3304591,0.4,0.007157,0.02214,0.6317
A012056,Consumo,Metropolitana,658075,888,38,0,0.0,0.00351,0.007438,0.6649
A010149,Tarjeta,Metropolitana,559439,674,0,353495,0.4,0.059706,0.193406,0.7738
A014332,Tarjeta,Valparaíso,3617229,737,246,5847324,0.4,0.026388,0.082333,0.6744
A005119,Automotriz,Metropolitana,1988444,750,90,0,0.0,0.022231,0.057408,0.4418
A003877,Consumo,Valparaíso,206263,843,0,0,0.0,0.006429,0.016354,0.6491
A009658,Consumo,Metropolitana,1858519,800,0,0,0.0,0.011436,0.037199,0.5788
A003126,Microempresa,Otras,2206137,752,0,1831715,0.4,0.021651,0.060111,0.4637
A011094,Tarjeta,Metropolitana,328208,788,0,560178,0.4,0.013423,0.031668,0.6567
A006408,Consumo,Metropolitana,4709567,786,123,0,0.0,0.013785,0.035117,0.6793
A005283,Consumo,Biobío,3167433,950,90,0,0.0,0.001522,0.005168,0.6516
A000563,Consumo,Metropolitana,671699,731,0,0,0.0,0.028553,0.076635,0.5712
A003784,Consumo,Valparaíso,1648635,610,0,0,0.0,0.131029,0.37703,0.6126
A011991,Microempresa,Otras,2183702,855,0,3209969,0.4,0.005472,0.01846,0.5063
A013491,Consumo,Biobío,613108,770,0,0,0.0,0.017056,0.055814,0.567
A014372,Consumo,Metropolitana,1665383,857,0,0,0.0,0.005326,0.017705,0.6106
A004274,Tarjeta,Valparaíso,6427537,797,0,2581612,0.4,0.011904,0.026455,0.7044
A012579,Consumo,Metropolitana,346063,796,0,0,0.0,0.012064,0.026221,0.6764
A006271,Consumo,Metropolitana,2736497,950,0,0,0.0,0.001522,0.003502,0.6121
A013904,Consumo,Metropolitana,3147335,950,0,0,0.0,0.001522,0.004283,0.5629
A007351,Consumo,Otras,450775,830,0,0,0.0,0.007654,0.019029,0.6053
A002575,Consumo,Metropolitana,439271,794,0,0,0.0,0.01239,0.034075,0.5148
A008632,Consumo,Otras,3874712,804,0,0,0.0,0.010841,0.033527,0.7565
A005788,Tarjeta,Metropolitana,6598007,862,0,11237897,0.4,0.00498,0.015988,0.7069
A014832,Automotriz,Metropolitana,4637111,808,0,0,0.0,0.010276,0.032897,0.5223
A009860,Automotriz,Metropolitana,638876,777,0,0,0.0,0.01554,0.049596,0.3775
A009821,Automotriz,Valparaíso,568934,896,0,0,0.0,0.003151,0.006929,0.3123
A009598,Microempresa,Valparaíso,777948,915,0,322526,0.4,0.00244,0.005838,0.5186
A008044,Consumo,Metropolitana,1803387,927,43,0,0.0,0.002075,0.00663,0.5682
A013815,Microempresa,Otras,1379739,825,0,2825159,0.4,0.008184,0.019574,0.5488
A004670,Microempresa,Metropolitana,1232126,825,0,1345287,0.4,0.008184,0.023094,0.5369
A006087,Automotriz,Metropolitana,8720871,813,0,0,0.0,0.009612,0.032305,0.3888
A007487,Tarjeta,Biobío,520758,905,0,915550,0.4,0.002792,0.008172,0.7491
A013805,Consumo,Metropolitana,2192355,728,0,0,0.0,0.029699,0.092263,0.5711
A006410,Microempresa,Metropolitana,1574119,793,0,824548,0.4,0.012557,0.034651,0.5176
A013112,Tarjeta,Otras,1978579,897,0,891156,0.4,0.003109,0.009935,0.7217
A003334,Consumo,Valparaíso,1107521,950,0,0,0.0,0.001522,0.004114,0.6486
A012327,Consumo,Metropolitana,1604705,828,0,0,0.0,0.007862,0.025493,0.6401
A006845,Consumo,Metropolitana,130095,950,0,0,0.0,0.001522,0.004821,0.6346
A010574,Tarjeta,Metropolitana,491931,908,0,501130,0.4,0.002681,0.006412,0.727
A007314,Automotriz,Metropolitana,4377535,814,90,0,0.0,0.009484,0.023097,0.3325
A013865,Consumo,Valparaíso,486400,879,0,0,0.0,0.003962,0.009488,0.5908
A009524,Microempresa,Metropolitana,1600792,791,0,998048,0.4,0.012896,0.038224,0.5182
A002892,Tarjeta,Biobío,3433369,787,0,5402389,0.4,0.013603,0.042162,0.6645
A012151,Tarjeta,Biobío,1045535,907,0,1103475,0.4,0.002717,0.008192,0.7315
A007039,Consumo,Metropolitana,626596,826,0,0,0.0,0.008076,0.020656,0.618
A000409,Tarjeta,Metropolitana,1118102,776,0,2099050,0.4,0.015749,0.052077,0.6947
A004791,Automotriz,Biobío,3000136,667,108,0,0.0,0.065243,0.214096,0.3468
A007380,Consumo,Biobío,446492,934,0,0,0.0,0.001888,0.00465,0.6172
A014314,Consumo,Otras,2836248,833,0,0,0.0,0.007352,0.017517,0.6146
A003997,Consumo,Valparaíso,1280054,804,0,0,0.0,0.010841,0.034621,0.6236
A009122,Consumo,Otras,8643432,742,0,0,0.0,0.024706,0.076347,0.6452
A012228,Tarjeta,Otras,443720,871,0,860596,0.4,0.004412,0.009816,0.694
A003466,Automotriz,Metropolitana,1895975,727,260,0,0.0,0.030091,0.071774,0.3681
A001403,Consumo,Metropolitana,3087567,741,0,0,0.0,0.025034,0.053419,0.6154
A008360,Tarjeta,Metropolitana,2048597,608,0,1158912,0.4,0.134137,0.356721,0.6574
A000040,Automotriz,Metropolitana,3504415,863,0,0,0.0,0.004914,0.015128,0.4409
A014577,Automotriz,Biobío,1042623,794,0,0,0.0,0.01239,0.031897,0.3609
A011511,Tarjeta,Biobío,586817,790,0,1093560,0.4,0.013069,0.030385,0.7779
A006079,Tarjeta,Otras,786510,859,0,1690538,0.4,0.005185,0.014238,0.7156
A007882,Consumo,Metropolitana,2185127,793,0,0,0.0,0.012557,0.034817,0.6473
A006969,Microempresa,Otras,254185,950,0,467844,0.4,0.001522,0.005085,0.5236
A012353,Consumo,Valparaíso,389015,853,0,0,0.0,0.005621,0.016408,0.6494
A013740,Tarjeta,Metropolitana,1693614,828,24,3486563,0.4,0.007862,0.016609,0.8042
A003047,Automotriz,Biobío,638854,864,0,0,0.0,0.004848,0.011706,0.3729
A014910,Tarjeta,Biobío,982853,815,0,1841667,0.4,0.009358,0.029265,0.7899
A004474,Consumo,Otras,1205882,870,0,0,0.0,0.004472,0.014867,0.6009
A011060,Consumo,Biobío,5437259,822,0,0,0.0,0.00852,0.023944,0.6663
A014053,Consumo,Metropolitana,4307770,857,0,0,0.0,0.005326,0.017826,0.5797
A004552,Consumo,Metropolitana,435703,836,0,0,0.0,0.007062,0.016673,0.5127
A001532,Tarjeta,Metropolitana,787693,813,0,561299,0.4,0.009612,0.028658,0.7049
A004243,Consumo,Metropolitana,4345485,761,0,0,0.0,0.019219,0.054727,0.5649
A011981,Consumo,Valparaíso,348878,895,72,0,0.0,0.003194,0.010187,0.6529
A002902,Tarjeta,Otras,1006687,759,25,664645,0.4,0.019735,0.042961,0.704
A011667,Consumo,Biobío,2319619,833,0,0,0.0,0.007352,0.017911,0.6435
A014169,Tarjeta,Metropolitana,3371520,834,0,1840656,0.4,0.007254,0.024606,0.7443
A000824,Consumo,Otras,1294837,913,0,0,0.0,0.002506,0.007115,0.6014
A004914,Consumo,Otras,1314451,641,41,0,0.0,0.090232,0.199271,0.7127
A001988,Automotriz,Metropolitana,988846,793,0,0,0.0,0.012557,0.030158,0.3405
A004382,Consumo,Valparaíso,736988,709,0,0,0.0,0.038062,0.114982,0.6032
A008531,Consumo,Otras,556013,917,0,0,0.0,0.002375,0.006017,0.6549
A014966,Tarjeta,Valparaíso,1670212,682,78,1370618,0.4,0.053918,0.156182,0.6646
A002257,Microempresa,Valparaíso,790165,778,0,400679,0.4,0.015335,0.033092,0.4872
A008373,Tarjeta,Otras,1341695,726,23,1114652,0.4,0.030488,0.089506,0.7548
A000278,Consumo,Otras,1016311,797,0,0,0.0,0.011904,0.026386,0.5847
A003256,Consumo,Valparaíso,1798705,846,0,0,0.0,0.006175,0.016047,0.4652
A011646,Microempresa,Metropolitana,331546,950,0,700325,0.4,0.001522,0.004197,0.5418
A011073,Tarjeta,Otras,4451817,829,0,1560062,0.4,0.007757,0.016701,0.7053
A008386,Consumo,Otras,1390418,950,0,0,0.0,0.001522,0.00341,0.532
A008486,Consumo,Metropolitana,2260777,950,0,0,0.0,0.001522,0.004366,0.5792
A005553,Consumo,Metropolitana,1172110,858,0,0,0.0,0.005255,0.016758,0.6191
A013769,Consumo,Otras,3450345,813,0,0,0.0,0.009612,0.020296,0.6597
A014789,Consumo,Otras,535684,848,0,0,0.0,0.006011,0.013217,0.6478
A008425,Tarjeta,Otras,794684,744,0,1735808,0.4,0.024063,0.070144,0.7044
A000056,Automotriz,Valparaíso,5803238,603,329,0,0.0,0.14218,0.46804,0.4088
A006117,Consumo,Valparaíso,1223817,808,0,0,0.0,0.010276,0.034212,0.65
A013425,Automotriz,Metropolitana,139014,844,18,0,0.0,0.006343,0.013908,0.3433
A007950,Automotriz,Otras,1644304,820,0,0,0.0,0.008752,0.02913,0.2913
A008538,Automotriz,Otras,1436496,693,0,0,0.0,0.046819,0.125375,0.5476
A012859,Automotriz,Valparaíso,1580239,735,0,0,0.0,0.027091,0.078725,0.4117
A004497,Consumo,Metropolitana,712591,950,0,0,0.0,0.001522,0.004569,0.6096
A006337,Automotriz,Biobío,1162997,842,0,0,0.0,0.006516,0.016903,0.3622
A007641,Consumo,Otras,2398372,843,0,0,0.0,0.006429,0.018259,0.6494
A001879,Consumo,Metropolitana,1834024,855,0,0,0.0,0.005472,0.016803,0.6617
A005139,Tarjeta,Metropolitana,1358510,921,0,2076880,0.4,0.00225,0.004927,0.6485
A012421,Automotriz,Otras,333787,898,0,0,0.0,0.003068,0.008769,0.442
A005558,Automotriz,Valparaíso,2007052,818,0,0,0.0,0.008989,0.020964,0.3873
A011947,Consumo,Valparaíso,2106130,766,69,0,0.0,0.017986,0.060892,0.5492
A014019,Automotriz,Metropolitana,1659236,915,0,0,0.0,0.00244,0.006092,0.3778
A008937,Automotriz,Metropolitana,211996,828,0,0,0.0,0.007862,0.024068,0.3282
A008434,Tarjeta,Metropolitana,2178115,853,323,2747617,0.4,0.005621,0.015956,0.7285
A006976,Tarjeta,Otras,5150506,877,61,2011187,0.4,0.00407,0.012832,0.6871
A008596,Consumo,Metropolitana,2884178,866,136,0,0.0,0.004719,0.011603,0.6422
A012397,Automotriz,Metropolitana,1519283,737,0,0,0.0,0.026388,0.066139,0.4269
A014481,Tarjeta,Metropolitana,5422476,709,131,8446625,0.4,0.038062,0.104796,0.6689
A007304,Automotriz,Valparaíso,1468018,830,0,0,0.0,0.007654,0.023761,0.4471
A004244,Consumo,Otras,3419555,828,50,0,0.0,0.007862,0.026297,0.6536
A011951,Automotriz,Biobío,3195088,676,0,0,0.0,0.058207,0.172947,0.4417
A007093,Tarjeta,Valparaíso,862571,897,0,976053,0.4,0.003109,0.009013,0.6456
A000472,Microempresa,Metropolitana,2229157,803,79,4632169,0.4,0.010987,0.029136,0.519
A001957,Automotriz,Metropolitana,1457857,794,0,0,0.0,0.01239,0.040062,0.403
A008615,Consumo,Biobío,1793291,879,0,0,0.0,0.003962,0.008927,0.6463
A005515,Automotriz,Biobío,911420,829,0,0,0.0,0.007757,0.023761,0.366
A007311,Consumo,Valparaíso,997266,786,0,0,0.0,0.013785,0.046519,0.6563
A001637,Automotriz,Metropolitana,3241623,901,0,0,0.0,0.002946,0.009809,0.3609
A005154,Consumo,Valparaíso,688699,769,0,0,0.0,0.017284,0.040577,0.6542
A010656,Tarjeta,Metropolitana,578031,803,0,1195859,0.4,0.010987,0.031772,0.7282
A014153,Tarjeta,Metropolitana,2782124,561,90,1822382,0.4,0.226229,0.719522,0.7047
A002328,Tarjeta,Metropolitana,518698,902,80,824747,0.4,0.002907,0.006543,0.7251
A009881,Consumo,Metropolitana,135575,848,0,0,0.0,0.006011,0.016319,0.5064
A007244,Tarjeta,Metropolitana,2012515,919,0,3570067,0.4,0.002311,0.007831,0.8121
A011186,Automotriz,Biobío,1496978,865,0,0,0.0,0.004783,0.013975,0.2915
A009595,Automotriz,Metropolitana,5275823,824,0,0,0.0,0.008295,0.019305,0.4146
A001612,Consumo,Otras,503290,817,0,0,0.0,0.00911,0.028305,0.6147
A011441,Tarjeta,Metropolitana,2463460,765,0,2187564,0.4,0.018226,0.039092,0.6492
A013646,Consumo,Valparaíso,2795670,872,0,0,0.0,0.004353,0.01165,0.6828
A006547,Automotriz,Metropolitana,2477342,875,0,0,0.0,0.004181,0.013096,0.4077
A014631,Automotriz,Biobío,581484,853,0,0,0.0,0.005621,0.015218,0.3712
A008761,Consumo,Metropolitana,1278550,802,0,0,0.0,0.011135,0.025567,0.6123
A000053,Automotriz,Metropolitana,1093089,778,0,0,0.0,0.015335,0.04988,0.4289
A010596,Consumo,Metropolitana,223846,891,0,0,0.0,0.003371,0.010411,0.6177
A005209,Consumo,Metropolitana,3491713,841,59,0,0.0,0.006604,0.018173,0.6291
A001826,Consumo,Otras,626888,813,0,0,0.0,0.009612,0.022065,0.7385
A009208,Tarjeta,Metropolitana,273363,777,0,129424,0.4,0.01554,0.035157,0.7003
A009143,Automotriz,Metropolitana,350413,867,0,0,0.0,0.004656,0.011998,0.3911
A011841,Consumo,Otras,3070671,852,24,0,0.0,0.005697,0.017112,0.6436
A001965,Consumo,Otras,1900427,906,0,0,0.0,0.002754,0.008331,0.6403
A009527,Automotriz,Otras,4620002,792,0,0,0.0,0.012725,0.027365,0.3794
A005132,Automotriz,Valparaíso,1431054,845,0,0,0.0,0.006258,0.015707,0.3197
A004491,Consumo,Metropolitana,1289393,933,0,0,0.0,0.001914,0.004306,0.6399
A005696,Consumo,Otras,653615,837,0,0,0.0,0.006968,0.020753,0.7016
A002425,Consumo,Metropolitana,3081096,743,0,0,0.0,0.024383,0.073449,0.6259
A007460,Automotriz,Valparaíso,5984815,813,0,0,0.0,0.009612,0.025481,0.3334
A005318,Tarjeta,Biobío,726986,930,33,768136,0.4,0.001993,0.005825,0.7063
A014305,Tarjeta,Otras,1324399,798,0,1415617,0.4,0.011746,0.038316,0.6498
A003983,Consumo,Valparaíso,874117,811,18,0,0.0,0.009872,0.025179,0.5925
A010813,Tarjeta,Metropolitana,2180439,723,0,1646055,0.4,0.031709,0.070771,0.7241
A006813,Consumo,Otras,196448,883,0,0,0.0,0.003754,0.007968,0.6092
A005378,Automotriz,Metropolitana,5054522,832,0,0,0.0,0.007451,0.01834,0.3793
A013534,Tarjeta,Biobío,1389597,810,85,1190120,0.4,0.010005,0.028981,0.7554
A004298,Consumo,Metropolitana,1684218,824,0,0,0.0,0.008295,0.01962,0.6496
A006517,Consumo,Biobío,1290564,814,0,0,0.0,0.009484,0.022597,0.7042
A009299,Automotriz,Otras,328683,832,0,0,0.0,0.007451,0.024038,0.363
A007688,Consumo,Valparaíso,3989877,805,0,0,0.0,0.010697,0.023224,0.5496
A014146,Microempresa,Metropolitana,3755287,533,90,2179039,0.4,0.299149,0.959164,0.5803
A013388,Consumo,Metropolitana,3603937,765,0,0,0.0,0.018226,0.047694,0.6038
A007827,Tarjeta,Metropolitana,285530,798,0,394400,0.4,0.011746,0.035944,0.774
A010115,Consumo,Metropolitana,2721012,886,0,0,0.0,0.003606,0.008856,0.6068
A009654,Automotriz,Metropolitana,164366,878,0,0,0.0,0.004016,0.010078,0.3225
A012905,Automotriz,Otras,5787985,875,0,0,0.0,0.004181,0.012402,0.3293
A005392,Microempresa,Metropolitana,3463021,714,0,7581337,0.4,0.035664,0.100953,0.4694
A012109,Tarjeta,Metropolitana,4526794,808,0,7207494,0.4,0.010276,0.033171,0.649
A001814,Tarjeta,Metropolitana,2792351,913,30,2137667,0.4,0.002506,0.008099,0.7271
A010983,Automotriz,Valparaíso,1675679,726,372,0,0.0,0.030488,0.082522,0.4069
A002730,Consumo,Valparaíso,566567,793,0,0,0.0,0.012557,0.026983,0.6838
A013285,Microempresa,Metropolitana,621499,897,56,1203556,0.4,0.003109,0.006647,0.5047
A000763,Consumo,Metropolitana,680614,905,0,0,0.0,0.002792,0.007978,0.6136
A008568,Consumo,Metropolitana,3102122,848,0,0,0.0,0.006011,0.015813,0.638
A009236,Consumo,Metropolitana,640726,858,5,0,0.0,0.005255,0.011114,0.6047
A004276,Automotriz,Otras,1478975,757,13,0,0.0,0.020265,0.057413,0.3279
A014813,Consumo,Metropolitana,270756,909,0,0,0.0,0.002645,0.00565,0.6722
A004408,Consumo,Metropolitana,574609,777,0,0,0.0,0.01554,0.041924,0.6481
A000105,Consumo,Metropolitana,2648086,903,23,0,0.0,0.002868,0.008832,0.7164
A006810,Tarjeta,Valparaíso,3973036,710,0,1681051,0.4,0.03757,0.10867,0.7982
A013607,Tarjeta,Metropolitana,440066,841,0,791847,0.4,0.006604,0.016782,0.6462
A001520,Microempresa,Valparaíso,102273,792,0,224315,0.4,0.012725,0.028349,0.5851
A011965,Consumo,Metropolitana,239814,775,0,0,0.0,0.015959,0.040031,0.6291
A007532,Automotriz,Metropolitana,3380603,771,0,0,0.0,0.016831,0.05678,0.3019
A012112,Consumo,Metropolitana,1063500,861,0,0,0.0,0.005048,0.015627,0.658
A013990,Consumo,Metropolitana,679221,950,0,0,0.0,0.001522,0.003722,0.61
A011348,Microempresa,Metropolitana,625977,830,0,1301497,0.4,0.007654,0.025879,0.5519
A000711,Tarjeta,Metropolitana,2376949,785,90,3968255,0.4,0.01397,0.038735,0.6225
A000933,Microempresa,Valparaíso,174197,947,0,207404,0.4,0.001584,0.005031,0.5587
A004412,Consumo,Valparaíso,1366065,768,0,0,0.0,0.017515,0.048744,0.6974
A014786,Automotriz,Biobío,3099510,928,0,0,0.0,0.002047,0.005068,0.3693
A013174,Tarjeta,Valparaíso,3900792,836,0,1642497,0.4,0.007062,0.015133,0.705
A006754,Tarjeta,Metropolitana,3541866,888,63,7049180,0.4,0.00351,0.011069,0.745
A004673,Consumo,Valparaíso,1611292,863,0,0,0.0,0.004914,0.011938,0.5483
A008148,Microempresa,Otras,1234877,886,0,455133,0.4,0.003606,0.009325,0.5961
A004385,Tarjeta,Metropolitana,2324684,677,92,5035323,0.4,0.05747,0.156929,0.7613
A006578,Tarjeta,Metropolitana,871351,897,0,1368132,0.4,0.003109,0.008138,0.8023
A005322,Consumo,Metropolitana,347389,660,0,0,0.0,0.071255,0.21857,0.6252
A012494,Microempresa,Metropolitana,193837,874,0,193584,0.4,0.004238,0.012176,0.5438
A002152,Microempresa,Metropolitana,543564,872,0,909680,0.4,0.004353,0.009886,0.5009
A010953,Consumo,Biobío,3117295,918,0,0,0.0,0.002343,0.005378,0.5309
A000286,Tarjeta,Metropolitana,1321954,826,0,977073,0.4,0.008076,0.025986,0.7212
A013430,Microempresa,Metropolitana,481045,921,0,936096,0.4,0.00225,0.007022,0.5634
A013007,Microempresa,Metropolitana,4042928,835,0,7831084,0.4,0.007157,0.018017,0.4781
A006302,Automotriz,Metropolitana,1903387,830,0,0,0.0,0.007654,0.02117,0.4695
A008193,Automotriz,Valparaíso,3995349,801,90,0,0.0,0.011285,0.025799,0.3717
A014439,Consumo,Metropolitana,459746,950,0,0,0.0,0.001522,0.004966,0.6406
A012013,Tarjeta,Biobío,563086,914,0,430738,0.4,0.002473,0.008054,0.7529
A001107,Tarjeta,Valparaíso,2679321,828,0,912664,0.4,0.007862,0.020506,0.692
A008848,Tarjeta,Biobío,3238789,831,0,4064038,0.4,0.007552,0.015936,0.6984
A005712,Consumo,Metropolitana,6940134,893,0,0,0.0,0.003281,0.010169,0.6344
A012885,Tarjeta,Biobío,4864412,804,90,7288715,0.4,0.010841,0.032163,0.6948
A007594,Consumo,Metropolitana,2154990,748,0,0,0.0,0.022826,0.052176,0.6558
A002550,Consumo,Metropolitana,1515868,741,0,0,0.0,0.025034,0.079733,0.6439
A013675,Microempresa,Otras,318411,787,0,647674,0.4,0.013603,0.031387,0.5539
A004054,Consumo,Biobío,1019684,664,0,0,0.0,0.06776,0.16118,0.5777
A002075,Automotriz,Otras,1099418,902,0,0,0.0,0.002907,0.007092,0.3376
A009596,Automotriz,Metropolitana,8205826,710,0,0,0.0,0.03757,0.112034,0.3777
A009286,Consumo,Metropolitana,1315042,692,0,0,0.0,0.047426,0.144853,0.5348
A004441,Automotriz,Biobío,253492,901,0,0,0.0,0.002946,0.006858,0.4059
A005315,Consumo,Valparaíso,2361698,868,0,0,0.0,0.004594,0.01399,0.5542
A008247,Consumo,Valparaíso,2223536,768,0,0,0.0,0.017515,0.049373,0.6325
A008185,Automotriz,Otras,4840970,593,353,0,0.0,0.159472,0.43185,0.3338
A005736,Tarjeta,Metropolitana,3087784,888,0,2516622,0.4,0.00351,0.00806,0.7773
A009804,Automotriz,Biobío,2057352,802,0,0,0.0,0.011135,0.024219,0.469
A012975,Tarjeta,Valparaíso,1462011,847,0,999000,0.4,0.006092,0.013415,0.7183
A007876,Consumo,Otras,3300919,687,0,0,0.0,0.050573,0.140647,0.6714
A007617,Consumo,Valparaíso,282481,929,0,0,0.0,0.00202,0.006136,0.5214
A002230,Consumo,Valparaíso,1426109,849,20,0,0.0,0.005931,0.016434,0.6484
A004752,Consumo,Biobío,3796430,743,0,0,0.0,0.024383,0.069062,0.5797
A012101,Tarjeta,Otras,534235,797,86,174794,0.4,0.011904,0.027591,0.7106
A012134,Tarjeta,Metropolitana,142272,815,0,108409,0.4,0.009358,0.027115,0.6422
A002691,Consumo,Otras,757880,888,0,0,0.0,0.00351,0.009536,0.6195
A004464,Automotriz,Biobío,1848681,807,0,0,0.0,0.010415,0.028144,0.3038
A000115,Automotriz,Biobío,1941484,743,0,0,0.0,0.024383,0.068343,0.448
A010997,Consumo,Metropolitana,3728901,890,0,0,0.0,0.003417,0.007397,0.5769
A001447,Consumo,Metropolitana,3118723,796,0,0,0.0,0.012064,0.040659,0.6597
A010755,Consumo,Metropolitana,1648435,950,0,0,0.0,0.001522,0.004434,0.6383
A006185,Consumo,Valparaíso,183408,937,0,0,0.0,0.001813,0.005541,0.5952
A011805,Tarjeta,Otras,2293780,649,0,4190540,0.4,0.081741,0.262006,0.6986
A001060,Consumo,Biobío,4650926,728,0,0,0.0,0.029699,0.093789,0.6388
A010789,Tarjeta,Metropolitana,1789739,786,0,2658072,0.4,0.013785,0.030398,0.7359
A001610,Tarjeta,Otras,3414439,891,36,4876037,0.4,0.003371,0.011361,0.6689
A007604,Consumo,Metropolitana,171636,930,0,0,0.0,0.001993,0.004725,0.6581
A002910,Tarjeta,Otras,7859362,762,0,2938301,0.4,0.018966,0.063698,0.7483
A013862,Tarjeta,Metropolitana,1808753,805,50,1409713,0.4,0.010697,0.028558,0.7725
A010896,Automotriz,Metropolitana,579919,888,64,0,0.0,0.00351,0.010006,0.3327
A010334,Microempresa,Valparaíso,1403524,825,0,2483327,0.4,0.008184,0.025787,0.6355
A007237,Consumo,Otras,332070,795,0,0,0.0,0.012226,0.040396,0.6388
A001433,Consumo,Metropolitana,927159,842,0,0,0.0,0.006516,0.017066,0.6072
A004062,Consumo,Metropolitana,3007678,791,0,0,0.0,0.012896,0.028519,0.6077
A005188,Microempresa,Biobío,1754873,938,0,1909794,0.4,0.001789,0.005206,0.508
A007806,Tarjeta,Metropolitana,404630,857,0,302785,0.4,0.005326,0.015581,0.7586
A001980,Consumo,Biobío,4453318,842,0,0,0.0,0.006516,0.015843,0.6892
A005273,Automotriz,Biobío,2142683,941,0,0,0.0,0.001718,0.005466,0.3977
A006419,Automotriz,Valparaíso,847508,786,0,0,0.0,0.013785,0.042031,0.3957
A012597,Tarjeta,Metropolitana,2899104,865,0,4592345,0.4,0.004783,0.012157,0.6558
A002792,Consumo,Valparaíso,312892,808,0,0,0.0,0.010276,0.026471,0.6372
A000662,Automotriz,Metropolitana,1150363,775,0,0,0.0,0.015959,0.043429,0.4617
A004633,Consumo,Metropolitana,216987,873,0,0,0.0,0.004295,0.011882,0.6434
A006911,Consumo,Otras,1763034,832,0,0,0.0,0.007451,0.017574,0.6205
A006181,Microempresa,Otras,5335592,836,0,6988235,0.4,0.007062,0.018793,0.4797
A001375,Automotriz,Metropolitana,404056,930,0,0,0.0,0.001993,0.006039,0.3601
A007352,Tarjeta,Biobío,2112667,795,75,3453787,0.4,0.012226,0.030686,0.7683
A005965,Tarjeta,Biobío,1529381,950,0,1920376,0.4,0.001522,0.004047,0.7406
A013220,Consumo,Otras,1204808,657,189,0,0.0,0.073985,0.229525,0.6605
A002212,Tarjeta,Metropolitana,1336775,848,0,1433077,0.4,0.006011,0.01888,0.7009
A010089,Consumo,Biobío,5783483,836,0,0,0.0,0.007062,0.02188,0.6376
A012620,Consumo,Valparaíso,1256644,787,0,0,0.0,0.013603,0.031234,0.5709
A009163,Microempresa,Metropolitana,1120030,902,0,517446,0.4,0.002907,0.009673,0.4791
A003776,Consumo,Metropolitana,2761791,880,0,0,0.0,0.003909,0.013002,0.6551
A012017,Microempresa,Biobío,3528106,781,0,2555611,0.4,0.014735,0.049402,0.5755
A008140,Tarjeta,Metropolitana,1175207,727,0,1527250,0.4,0.030091,0.07282,0.7373
A010441,Consumo,Metropolitana,2971654,792,0,0,0.0,0.012725,0.042458,0.6756
A013337,Automotriz,Metropolitana,785465,950,0,0,0.0,0.001522,0.004562,0.4013
A012161,Consumo,Biobío,792989,827,0,0,0.0,0.007968,0.017963,0.6381
A012267,Automotriz,Metropolitana,495674,827,0,0,0.0,0.007968,0.025523,0.3275
A011829,Microempresa,Valparaíso,2833611,851,90,3449778,0.4,0.005774,0.01639,0.5475
A002928,Consumo,Valparaíso,950837,800,51,0,0.0,0.011436,0.025576,0.6486
A008583,Tarjeta,Valparaíso,356351,899,0,546261,0.4,0.003027,0.009676,0.6698
A000631,Automotriz,Metropolitana,1118000,828,0,0,0.0,0.007862,0.016998,0.3962
A006255,Consumo,Metropolitana,1546100,778,0,0,0.0,0.015335,0.039824,0.5303
A001279,Tarjeta,Metropolitana,564001,783,0,689050,0.4,0.014347,0.03457,0.7221
A014365,Automotriz,Metropolitana,2939280,759,169,0,0.0,0.019735,0.062608,0.363
A011632,Automotriz,Otras,145196,920,0,0,0.0,0.00228,0.006501,0.3074
A001120,Consumo,Metropolitana,230201,854,0,0,0.0,0.005546,0.013594,0.6354
A014864,Consumo,Metropolitana,3841732,950,90,0,0.0,0.001522,0.004119,0.5433
A009084,Tarjeta,Metropolitana,1627258,891,0,3548105,0.4,0.003371,0.007312,0.7516
A000147,Tarjeta,Valparaíso,954761,835,0,348130,0.4,0.007157,0.020039,0.7757
A011607,Consumo,Otras,3865551,916,83,0,0.0,0.002407,0.007187,0.6157
A010507,Consumo,Otras,5557634,901,0,0,0.0,0.002946,0.009642,0.5603
A012289,Consumo,Metropolitana,511175,843,0,0,0.0,0.006429,0.019907,0.5332
A006396,Automotriz,Metropolitana,1861585,847,0,0,0.0,0.006092,0.016943,0.4184
A001249,Tarjeta,Valparaíso,4319616,707,0,9164349,0.4,0.039064,0.094993,0.7554
A010003,Consumo,Metropolitana,235550,853,0,0,0.0,0.005621,0.018221,0.6706
A011252,Microempresa,Metropolitana,523930,868,0,823253,0.4,0.004594,0.010103,0.4741
A010801,Consumo,Biobío,5166424,870,221,0,0.0,0.004472,0.012349,0.5778
A002743,Tarjeta,Biobío,579959,802,32,878856,0.4,0.011135,0.02548,0.6979
A007366,Consumo,Metropolitana,3215177,653,0,0,0.0,0.077775,0.16411,0.6124
A008724,Tarjeta,Metropolitana,144589,834,0,74486,0.4,0.007254,0.017311,0.6572
A001594,Microempresa,Otras,1207404,763,0,999796,0.4,0.018716,0.058667,0.5353
A002810,Consumo,Otras,1036471,903,0,0,0.0,0.002868,0.006497,0.5831
A001008,Tarjeta,Metropolitana,2796892,546,160,5678225,0.4,0.263661,0.81697,0.6101
A005452,Microempresa,Metropolitana,906050,830,0,843091,0.4,0.007654,0.017852,0.5212
A008904,Consumo,Otras,935366,820,0,0,0.0,0.008752,0.028473,0.6407
A013032,Consumo,Otras,625284,745,10,0,0.0,0.023748,0.053216,0.5555
A007979,Consumo,Metropolitana,1609768,834,0,0,0.0,0.007254,0.022407,0.6082
A008282,Automotriz,Otras,3870845,900,0,0,0.0,0.002986,0.007225,0.4483
A006349,Automotriz,Otras,1453903,814,0,0,0.0,0.009484,0.020191,0.4022
A014317,Consumo,Biobío,840388,812,0,0,0.0,0.009741,0.02604,0.5801
A002998,Automotriz,Biobío,1112427,750,0,0,0.0,0.022231,0.062176,0.4004
A005487,Consumo,Metropolitana,6316504,944,0,0,0.0,0.00165,0.004993,0.6953
A006359,Consumo,Valparaíso,642561,932,0,0,0.0,0.00194,0.004261,0.597
A006334,Consumo,Metropolitana,1479691,844,0,0,0.0,0.006343,0.017131,0.5766
A012394,Tarjeta,Otras,675358,841,0,340658,0.4,0.006604,0.014721,0.6348
A012491,Consumo,Otras,870691,784,0,0,0.0,0.014158,0.042749,0.6422
A001016,Consumo,Otras,951454,826,0,0,0.0,0.008076,0.020514,0.6548
A007929,Automotriz,Valparaíso,147233,832,0,0,0.0,0.007451,0.019107,0.2732
A012496,Tarjeta,Valparaíso,333627,847,0,649377,0.4,0.006092,0.017245,0.6706
A014359,Microempresa,Metropolitana,479482,904,0,773764,0.4,0.002829,0.006143,0.5714
A005329,Consumo,Otras,2336250,590,0,0,0.0,0.164981,0.434887,0.5939
A009938,Consumo,Valparaíso,1663212,854,0,0,0.0,0.005546,0.014183,0.5756
A003924,Automotriz,Valparaíso,972595,759,0,0,0.0,0.019735,0.047885,0.3889
A009078,Microempresa,Otras,1153519,814,0,512721,0.4,0.009484,0.02785,0.444
A009744,Consumo,Valparaíso,345843,651,0,0,0.0,0.079736,0.231306,0.6257
A000576,Consumo,Metropolitana,7503088,787,0,0,0.0,0.013603,0.035823,0.6885
A008589,Tarjeta,Otras,869380,812,0,1301564,0.4,0.009741,0.025606,0.7183
A006267,Tarjeta,Metropolitana,243978,753,0,166864,0.4,0.021367,0.049264,0.6208
A000385,Tarjeta,Metropolitana,2176701,913,0,4302790,0.4,0.002506,0.005424,0.642
A002286,Automotriz,Otras,202679,861,0,0,0.0,0.005048,0.012731,0.4425
A003500,Tarjeta,Metropolitana,3198536,515,238,3812513,0.4,0.352491,0.97,0.695
A004631,Microempresa,Metropolitana,315618,950,0,445228,0.4,0.001522,0.004599,0.6173
A003095,Consumo,Metropolitana,383273,877,0,0,0.0,0.00407,0.009458,0.6142
A002086,Consumo,Valparaíso,768359,781,0,0,0.0,0.014735,0.037273,0.6706
A012763,Consumo,Metropolitana,2766786,932,0,0,0.0,0.00194,0.005494,0.6265
A004235,Tarjeta,Metropolitana,318793,912,0,572511,0.4,0.00254,0.006312,0.7143
A014859,Consumo,Valparaíso,1888099,950,0,0,0.0,0.001522,0.004749,0.6003
A003072,Consumo,Otras,1379471,824,0,0,0.0,0.008295,0.022023,0.5995
A009274,Consumo,Valparaíso,1585181,678,0,0,0.0,0.056743,0.133654,0.6436
A000553,Tarjeta,Otras,1185236,873,0,2024520,0.4,0.004295,0.009745,0.6951
A004003,Consumo,Metropolitana,3605070,755,81,0,0.0,0.020809,0.045884,0.618
A006004,Consumo,Valparaíso,4430389,950,0,0,0.0,0.001522,0.004589,0.6284
A011309,Consumo,Otras,1122661,909,0,0,0.0,0.002645,0.007048,0.6232
A006559,Automotriz,Biobío,2807210,834,0,0,0.0,0.007254,0.023734,0.3631
A010855,Tarjeta,Metropolitana,1684200,950,0,2558062,0.4,0.001522,0.003735,0.71
A012840,Tarjeta,Metropolitana,2063501,643,179,1611797,0.4,0.088037,0.238402,0.6542
A011415,Consumo,Metropolitana,1082541,749,0,0,0.0,0.022527,0.072184,0.6263
A002102,Microempresa,Valparaíso,811525,916,40,765325,0.4,0.002407,0.005693,0.5811
A007195,Consumo,Otras,545544,759,0,0,0.0,0.019735,0.054451,0.576
